-0.00,-0.00,0.54,-0.00,-0.00
-0.00,-0.00,0.54,-0.00,-0.00
-0.00,-0.00,0.54,-0.00,-0.00
-0.00,-0.00,0.54,-0.00,-0.00
-0.00,-0.00,0.54,-0.00,-0.00
0.02,0.02,0.54,-0.00,0.00
4.93,4.93,3.23,0.27,3.32
15.54,15.54,11.59,6.62,13.22
23.54,23.54,20.48,17.19,19.71
35.60,35.60,48.13,27.52,27.64
23.22,23.22,58.85,15.34,28.66
14.37,14.37,65.62,9.14,36.68
17.79,17.79,92.64,6.62,39.28
21.74,21.74,92.53,11.89,48.25
27.28,27.28,92.05,12.69,55.35
23.95,23.95,90.51,13.85,57.88
24.79,24.79,89.88,15.96,59.89
23.88,23.88,90.61,25.35,60.11
22.96,22.96,87.44,24.67,60.52
23.43,23.43,85.39,19.22,59.15
29.03,29.03,87.32,21.68,59.43
29.33,29.33,84.00,17.85,60.18
23.88,23.88,82.82,21.23,58.42
21.77,21.77,84.07,21.82,56.50
20.31,20.31,79.76,22.24,56.22
23.71,23.71,81.68,17.22,57.33
27.68,27.68,76.81,20.63,58.05
33.49,33.49,77.87,17.21,60.29
30.34,30.34,69.24,21.60,60.33
32.87,32.87,63.10,13.94,58.18
31.05,31.05,50.17,16.39,58.72
28.43,28.43,38.23,16.37,58.09
23.56,23.56,28.20,19.64,59.93
18.30,18.30,33.78,17.89,61.14
16.41,16.41,40.01,21.97,62.86
20.13,20.13,63.24,25.36,65.50
23.61,23.61,67.19,24.23,64.18
26.65,26.65,57.02,24.03,61.66
24.28,24.28,48.29,23.65,62.12
14.50,14.50,48.47,19.26,60.76
8.21,8.21,53.98,4.59,55.93
8.66,8.66,65.03,1.70,55.51
9.96,9.96,90.38,2.60,58.30
6.99,6.99,90.54,2.45,63.19
6.80,6.80,90.41,1.13,65.89
9.36,9.36,89.05,1.27,66.49
9.21,9.21,88.04,8.08,67.68
12.18,12.18,89.16,13.19,66.03
15.51,15.51,85.88,23.96,67.22
20.55,20.55,83.76,22.35,67.24
22.20,22.20,85.75,26.39,67.62
25.09,25.09,82.62,30.71,57.31
29.66,29.66,81.36,30.65,55.11
30.02,30.02,82.72,27.38,53.76
24.13,24.13,78.36,26.31,54.47
18.89,18.89,80.39,21.58,54.06
17.91,17.91,75.59,26.97,56.26
23.40,23.40,76.40,28.56,61.91
28.24,28.24,67.95,29.44,57.25
32.29,32.29,62.02,30.29,58.48
23.38,23.38,48.61,33.05,58.17
23.96,23.96,37.14,30.39,61.72
21.68,21.68,30.55,29.24,60.08
21.57,21.57,31.14,25.34,57.16
22.27,22.27,42.89,32.85,58.50
26.86,26.86,50.18,42.69,62.03
28.88,28.88,48.90,32.64,61.21
32.98,32.98,47.14,30.96,59.13
31.60,31.60,45.44,33.25,61.06
26.33,26.33,51.34,30.60,58.56
20.85,20.85,55.72,27.44,52.58
18.13,18.13,68.24,17.76,49.55
24.71,24.71,92.82,1.02,47.68
26.61,26.61,92.56,2.34,51.77
31.03,31.03,92.18,4.59,56.22
28.23,28.23,90.65,17.65,57.54
28.04,28.04,89.92,22.33,57.61
27.25,27.25,90.65,24.61,55.94
27.88,27.88,87.46,24.43,59.13
28.59,28.59,85.41,22.76,55.61
27.52,27.52,87.35,29.10,55.70
30.03,30.03,83.98,30.44,56.24
29.96,29.96,82.85,31.47,56.62
30.01,30.01,84.13,29.26,56.58
27.52,27.52,79.86,24.76,57.31
27.08,27.08,81.75,22.42,58.12
32.55,32.55,76.91,27.14,63.78
37.47,37.47,77.68,23.71,63.71
40.40,40.40,69.53,25.74,65.67
41.57,41.57,63.28,20.88,64.35
33.21,33.21,50.04,24.52,65.94
31.51,31.51,37.63,24.78,65.98
31.11,31.11,29.12,29.59,66.88
27.92,27.92,38.49,31.19,67.25
20.20,20.20,46.40,29.88,66.45
24.67,24.67,62.21,32.15,68.11
27.19,27.19,65.66,30.99,68.34
30.08,30.08,57.55,31.40,66.29
28.59,28.59,52.65,28.80,67.24
18.00,18.00,50.76,22.15,66.54
8.54,8.54,58.41,10.81,64.33
6.80,6.80,69.83,7.91,57.01
11.77,11.77,90.49,2.36,55.97
4.28,4.28,90.51,9.19,58.32
7.41,7.41,90.07,17.37,57.50
9.38,9.38,89.28,19.94,59.20
18.19,18.19,88.16,15.20,62.26
17.48,17.48,89.16,28.93,61.81
20.06,20.06,85.75,35.33,61.22
26.38,26.38,83.69,33.35,61.68
34.02,34.02,85.72,42.07,62.58
33.80,33.80,82.49,37.92,62.81
29.00,29.00,81.35,27.72,61.68
24.47,24.47,82.58,34.89,61.49
22.50,22.50,78.11,39.50,61.32
20.53,20.53,80.32,40.16,54.91
27.38,27.38,75.50,37.55,49.70
24.67,24.67,76.86,29.33,51.47
31.18,31.18,68.68,32.20,50.61
36.32,36.32,61.82,31.39,47.25
34.86,34.86,49.19,30.78,48.23
31.44,31.44,37.93,29.71,50.66
29.91,29.91,32.32,32.01,48.27
24.04,24.04,38.93,29.95,47.21
19.10,19.10,44.26,30.58,45.45
20.05,20.05,61.21,37.76,54.44
20.93,20.93,72.93,30.11,57.52
27.42,27.42,63.59,32.55,52.53
27.61,27.61,58.35,27.18,48.62
20.05,20.05,58.82,25.84,44.15
21.85,21.85,60.05,19.63,37.12
21.61,21.61,67.28,11.46,37.70
24.98,24.98,92.62,19.58,39.57
26.68,26.68,92.39,23.29,44.77
30.88,30.88,92.33,27.31,48.77
24.29,24.29,90.66,32.72,49.45
23.95,23.95,89.94,38.37,50.72
22.16,22.16,90.62,41.25,51.30
22.81,22.81,87.45,43.61,47.58
23.09,23.09,85.53,39.21,47.30
26.88,26.88,87.44,33.93,47.59
27.83,27.83,84.02,39.08,50.10
27.14,27.14,82.77,44.03,50.41
27.30,27.30,84.10,42.00,49.93
23.29,23.29,79.84,41.26,50.08
24.48,24.48,81.68,41.65,48.25
26.80,26.80,76.99,39.99,52.89
29.24,29.24,78.05,37.97,60.19
28.19,28.19,69.31,37.33,62.23
34.49,34.49,62.82,37.32,64.05
29.51,29.51,50.73,35.99,63.60
31.55,31.55,38.67,39.62,62.04
28.74,28.74,29.95,37.50,61.89
25.45,25.45,39.26,38.82,62.22
19.30,19.30,47.09,39.76,61.90
27.17,27.17,62.13,40.49,65.62
28.70,28.70,67.50,43.02,65.36
32.61,32.61,59.47,42.59,60.73
31.17,31.17,50.67,40.94,60.88
20.17,20.17,51.12,34.30,60.00
7.29,7.29,57.79,18.38,56.44
3.56,3.56,68.78,5.52,55.47
11.27,11.27,89.68,9.68,64.00
8.11,8.11,90.30,9.93,68.82
2.92,2.92,89.91,12.45,69.09
7.11,7.11,88.77,24.12,67.54
13.07,13.07,88.26,33.49,67.27
15.61,15.61,89.27,39.35,68.35
18.51,18.51,86.06,41.67,67.91
24.43,24.43,84.00,42.16,68.69
26.57,26.57,85.79,42.04,67.97
26.23,26.23,82.56,37.54,65.84
25.72,25.72,81.49,32.88,60.80
25.01,25.01,82.79,29.78,56.22
25.76,25.76,78.59,27.31,56.43
24.05,24.05,80.38,27.16,57.90
17.43,17.43,75.69,26.32,58.44
19.55,19.55,76.84,32.94,64.80
20.50,20.50,68.05,33.01,61.30
23.18,23.18,61.66,36.64,62.55
19.45,19.45,48.82,35.63,61.55
21.48,21.48,38.30,34.05,62.01
20.85,20.85,34.01,36.01,62.84
21.66,21.66,34.24,38.12,62.49
20.91,20.91,42.34,38.04,61.24
24.48,24.48,47.31,39.02,62.30
29.66,29.66,46.80,37.24,63.89
35.00,35.00,46.54,39.98,63.06
33.23,33.23,44.57,34.87,61.53
26.32,26.32,49.22,26.56,60.08
20.38,20.38,55.36,14.81,55.12
18.91,18.91,67.54,6.92,55.79
25.20,25.20,92.54,12.23,57.95
28.52,28.52,92.15,15.42,59.99
34.37,34.37,91.71,20.61,60.29
33.81,33.81,90.39,22.32,61.76
35.15,35.15,89.67,27.19,60.10
35.17,35.17,90.42,34.80,62.31
34.80,34.80,87.25,39.13,60.24
33.99,33.99,85.18,42.76,61.02
35.16,35.16,87.14,41.46,62.46
34.68,34.68,83.86,38.96,62.51
36.33,36.33,82.56,38.65,61.54
36.35,36.35,83.85,37.89,61.30
36.95,36.95,79.63,41.00,60.77
35.32,35.32,81.54,42.38,61.75
29.46,29.46,76.64,39.78,61.22
27.89,27.89,77.85,36.43,63.60
23.70,23.70,69.35,31.95,66.79
24.88,24.88,63.44,32.18,67.47
26.98,26.98,50.58,37.69,66.89
29.66,29.66,38.88,39.28,67.44
29.17,29.17,31.91,38.00,67.58
24.43,24.43,40.23,37.99,66.94
19.67,19.67,49.79,36.50,66.96
24.38,24.38,64.15,37.70,68.35
27.70,27.70,67.08,41.59,70.05
29.85,29.85,57.28,34.66,69.16
26.73,26.73,50.86,32.70,68.11
14.92,14.92,53.47,30.81,66.36
8.28,8.28,57.33,12.81,67.75
6.57,6.57,67.01,12.88,68.93
7.84,7.84,90.12,14.43,66.18
4.57,4.57,90.63,20.81,63.69
4.64,4.64,89.84,28.30,62.35
6.34,6.34,89.14,31.19,59.15
8.16,8.16,87.90,37.25,59.41
12.48,12.48,88.84,38.07,59.76
17.45,17.45,85.68,36.06,60.16
24.53,24.53,83.60,37.92,57.06
30.46,30.46,85.52,42.71,60.09
32.45,32.45,82.40,37.88,59.09
31.71,31.71,81.06,38.59,58.75
30.24,30.24,82.39,43.37,59.77
28.01,28.01,78.09,40.91,60.25
23.69,23.69,80.06,42.25,60.55
23.62,23.62,74.70,42.39,60.15
22.24,22.24,76.56,36.86,54.94
29.74,29.74,68.05,37.56,53.13
33.37,33.37,61.89,41.35,53.68
33.83,33.83,48.84,38.28,56.49
32.80,32.80,37.02,40.10,57.32
35.90,35.90,40.30,40.31,53.29
35.63,35.63,48.74,38.21,50.60
21.72,21.72,55.08,36.42,50.23
19.75,19.75,60.69,40.67,57.61
23.28,23.28,72.83,36.19,57.20
37.86,37.86,62.30,40.20,55.62
35.21,35.21,60.11,36.71,52.49
33.13,33.13,59.51,30.95,51.25
26.65,26.65,61.33,21.73,42.45
22.01,22.01,67.23,6.06,40.36
23.24,23.24,92.75,7.62,45.95
25.63,25.63,92.43,10.97,53.03
31.17,31.17,92.10,9.88,57.49
25.86,25.86,90.56,8.83,58.77
25.89,25.89,89.88,17.44,60.26
25.58,25.58,90.60,23.86,60.12
24.47,24.47,87.46,21.58,60.65
23.93,23.93,85.38,16.99,59.77
27.67,27.67,87.28,19.37,59.27
26.48,26.48,83.95,24.99,59.20
22.15,22.15,82.77,27.96,58.64
23.37,23.37,84.06,28.71,57.12
19.57,19.57,79.80,23.52,56.08
22.33,22.33,81.68,18.23,57.45
27.15,27.15,76.73,26.28,57.93
33.82,33.82,78.08,20.22,60.48
33.67,33.67,69.53,17.78,60.14
38.18,38.18,63.04,21.36,57.80
30.99,30.99,49.40,17.88,58.48
28.18,28.18,36.21,18.42,58.01
21.81,21.81,30.25,20.97,59.96
18.38,18.38,36.56,17.26,61.30
15.03,15.03,41.26,19.33,62.97
20.75,20.75,62.84,22.99,65.50
27.01,27.01,67.50,19.22,64.42
31.30,31.30,57.48,18.74,62.19
28.75,28.75,49.17,15.73,62.16
14.42,14.42,49.56,10.45,60.48
3.53,3.53,54.16,14.03,55.35
6.12,6.12,65.47,12.88,53.89
12.48,12.48,90.19,19.72,58.14
10.27,10.27,90.53,29.65,63.53
11.12,11.12,90.37,30.38,66.33
11.64,11.64,89.18,24.94,65.98
15.08,15.08,87.94,13.59,66.50
17.54,17.54,89.11,21.87,66.06
18.92,18.92,85.94,26.82,67.31
21.07,21.07,83.80,25.79,67.17
25.36,25.36,85.68,26.67,67.44
27.14,27.14,82.61,32.19,57.59
30.81,30.81,81.39,27.14,55.34
30.43,30.43,82.68,31.34,53.86
25.43,25.43,78.36,26.25,54.42
22.33,22.33,80.43,22.62,53.91
19.76,19.76,75.54,27.04,56.15
24.03,24.03,76.59,26.02,62.21
28.06,28.06,68.50,25.99,56.74
33.41,33.41,62.20,29.64,58.69
24.54,24.54,48.21,31.73,57.73
24.31,24.31,37.41,30.02,61.87
23.26,23.26,32.47,30.88,60.18
23.04,23.04,34.08,25.64,56.93
23.39,23.39,44.90,31.69,58.20
28.81,28.81,50.86,40.93,61.71
30.04,30.04,48.74,33.77,61.40
34.57,34.57,48.39,30.98,58.99
32.84,32.84,44.93,26.43,60.98
27.66,27.66,52.06,18.05,58.55
22.16,22.16,56.68,4.62,51.11
18.43,18.43,68.27,8.49,47.98
26.44,26.44,92.83,18.65,45.64
30.34,30.34,92.56,20.53,50.74
33.88,33.88,92.20,25.08,55.69
30.68,30.68,90.67,30.24,57.44
30.03,30.03,89.97,31.54,57.59
30.50,30.50,90.65,33.11,56.09
30.04,30.04,87.53,31.02,58.75
30.32,30.32,85.43,31.70,55.98
29.76,29.76,87.32,32.11,56.58
31.89,31.89,84.04,35.29,56.41
31.40,31.40,82.87,36.98,56.46
31.63,31.63,84.11,34.16,56.63
27.97,27.97,79.84,30.44,57.32
28.59,28.59,81.77,30.48,58.10
34.16,34.16,76.97,31.61,63.63
37.94,37.94,77.90,30.33,64.00
41.39,41.39,69.66,33.33,65.73
43.05,43.05,63.50,28.35,64.62
34.41,34.41,50.35,26.63,65.96
32.64,32.64,38.48,26.36,65.89
32.31,32.31,32.69,30.98,66.76
29.12,29.12,41.25,30.64,67.21
24.58,24.58,47.08,28.30,66.74
26.14,26.14,62.04,29.63,68.24
27.29,27.29,65.80,30.36,68.63
30.99,30.99,56.67,31.48,66.49
28.97,28.97,52.71,29.82,67.02
15.42,15.42,50.57,21.96,66.54
4.58,4.58,59.16,8.38,64.10
7.06,7.06,69.43,6.18,57.56
11.50,11.50,90.50,20.48,56.06
6.95,6.95,90.24,28.84,58.29
11.53,11.53,89.94,25.59,58.93
13.93,13.93,89.17,30.77,58.71
17.69,17.69,88.17,23.16,62.26
16.34,16.34,89.10,28.63,61.74
21.08,21.08,85.86,33.92,61.02
26.34,26.34,83.68,33.18,61.85
35.14,35.14,85.66,41.42,63.00
34.68,34.68,82.50,38.13,62.77
30.77,30.77,81.36,27.03,61.56
23.97,23.97,82.58,35.64,61.41
24.15,24.15,78.14,38.41,61.37
22.26,22.26,80.26,37.36,54.96
26.80,26.80,75.42,35.48,50.34
24.34,24.34,76.83,29.91,51.15
31.16,31.16,68.53,29.19,50.57
37.12,37.12,61.99,29.64,46.71
35.41,35.41,48.28,27.63,48.36
32.29,32.29,37.78,26.94,50.73
30.63,30.63,33.26,30.18,48.30
26.35,26.35,38.10,28.02,46.67
24.41,24.41,45.37,29.67,43.99
22.76,22.76,60.90,34.66,52.53
22.32,22.32,73.20,29.75,54.51
26.87,26.87,64.22,28.45,47.86
29.84,29.84,58.55,20.62,43.15
23.03,23.03,59.11,18.74,40.72
22.82,22.82,59.50,9.91,29.94
22.23,22.23,67.25,0.52,31.39
25.21,25.21,92.65,10.10,35.81
28.32,28.32,92.37,27.22,42.46
33.73,33.73,92.36,35.57,47.99
26.58,26.58,90.63,37.12,48.74
26.65,26.65,89.90,40.34,50.33
23.91,23.91,90.60,43.53,51.37
23.82,23.82,87.48,47.18,47.28
25.20,25.20,85.46,48.04,46.92
26.97,26.97,87.39,45.35,47.69
29.74,29.74,83.98,43.80,49.42
29.07,29.07,82.74,43.51,50.37
26.70,26.70,84.07,40.32,49.46
24.33,24.33,79.92,38.61,50.12
24.89,24.89,81.72,38.00,48.31
29.54,29.54,76.99,40.17,53.25
28.53,28.53,77.71,39.65,59.14
28.37,28.37,69.67,38.30,62.26
34.04,34.04,63.38,38.81,63.75
30.33,30.33,49.71,40.91,63.47
31.84,31.84,38.61,41.99,62.11
29.80,29.80,30.63,39.87,61.87
25.33,25.33,40.03,40.71,62.29
19.09,19.09,47.42,41.61,61.93
26.82,26.82,64.04,42.29,65.62
29.31,29.31,67.21,44.85,66.18
32.43,32.43,58.80,44.76,61.51
30.25,30.25,49.68,41.72,61.32
17.65,17.65,49.84,36.27,60.48
5.79,5.79,57.37,28.00,56.67
4.90,4.90,68.99,19.01,54.55
4.78,4.78,89.70,15.05,62.87
3.92,3.92,90.24,22.76,69.00
3.50,3.50,89.99,27.21,69.27
7.63,7.63,88.84,29.68,68.71
13.04,13.04,88.12,32.48,67.54
16.88,16.88,89.14,35.59,68.48
19.58,19.58,86.04,39.46,67.46
23.45,23.45,83.97,39.83,68.44
26.96,26.96,85.82,37.92,68.03
25.36,25.36,82.46,34.94,66.41
24.98,24.98,81.54,34.27,61.08
25.53,25.53,82.79,32.73,55.80
27.64,27.64,78.61,29.89,56.54
25.14,25.14,80.40,26.50,57.94
16.86,16.86,75.71,29.60,58.69
20.68,20.68,76.66,37.29,64.71
21.14,21.14,68.33,38.42,61.40
24.21,24.21,61.72,37.55,62.63
21.63,21.63,48.47,37.34,61.88
22.33,22.33,38.45,40.54,61.81
22.56,22.56,36.83,41.71,62.74
22.53,22.53,34.85,41.96,62.31
20.78,20.78,44.28,42.31,61.28
24.81,24.81,46.35,39.39,62.18
29.46,29.46,48.19,43.11,64.23
33.35,33.35,48.19,45.61,62.88
34.18,34.18,45.36,42.93,61.49
30.29,30.29,50.20,38.38,58.95
18.82,18.82,55.24,25.04,53.75
17.26,17.26,67.62,15.22,56.11
25.73,25.73,92.60,10.19,57.15
28.35,28.35,92.22,20.13,58.05
34.63,34.63,91.72,27.32,59.92
34.49,34.49,90.37,32.83,60.87
35.63,35.63,89.71,40.18,60.02
35.65,35.65,90.40,45.04,61.52
36.13,36.13,87.31,49.72,59.90
35.50,35.50,85.23,51.69,61.08
36.19,36.19,87.16,48.94,61.91
36.15,36.15,83.83,46.72,62.57
37.60,37.60,82.62,46.63,61.17
37.38,37.38,83.90,46.09,61.49
37.86,37.86,79.68,48.70,60.75
36.33,36.33,81.52,48.69,61.89
30.21,30.21,76.78,47.33,61.26
26.37,26.37,77.47,44.67,63.75
22.11,22.11,69.62,43.84,66.02
25.09,25.09,62.55,45.74,66.92
28.59,28.59,49.98,45.38,66.72
30.02,30.02,40.86,45.64,67.02
30.73,30.73,34.92,43.47,67.37
25.37,25.37,39.38,43.09,66.64
18.76,18.76,47.73,41.36,67.12
23.94,23.94,64.46,42.94,68.33
27.36,27.36,66.89,45.65,69.65
28.97,28.97,56.99,43.47,68.96
26.32,26.32,50.77,42.20,67.82
15.41,15.41,53.02,37.65,65.78
10.26,10.26,57.71,29.28,66.93
8.61,8.61,69.11,23.14,68.23
8.22,8.22,89.97,29.74,65.46
4.01,4.01,90.50,18.24,63.40
7.99,7.99,90.01,25.94,60.79
13.71,13.71,89.07,30.70,58.53
17.13,17.13,87.78,36.51,59.13
14.53,14.53,88.89,41.03,59.42
19.22,19.22,85.57,45.10,59.20
27.27,27.27,83.46,43.65,56.85
32.07,32.07,85.57,41.49,59.88
33.53,33.53,82.38,39.13,58.88
33.59,33.59,81.04,37.83,59.40
32.72,32.72,82.52,38.42,59.55
30.70,30.70,78.23,36.07,60.17
26.28,26.28,79.95,39.02,60.61
22.39,22.39,75.03,40.78,59.23
23.42,23.42,76.28,39.07,54.56
31.49,31.49,68.25,36.64,52.72
35.10,35.10,61.75,38.24,54.42
32.75,32.75,49.75,39.27,56.38
33.27,33.27,39.85,36.83,57.25
35.74,35.74,40.68,35.21,54.20
40.07,40.07,48.58,33.88,49.69
28.80,28.80,53.74,29.82,50.74
20.55,20.55,62.12,22.22,55.30
22.79,22.79,73.12,20.98,52.70
34.88,34.88,63.33,29.96,50.50
34.86,34.86,59.68,31.77,52.34
29.01,29.01,57.38,37.63,49.34
23.19,23.19,60.06,40.99,46.93
19.42,19.42,68.92,49.66,59.80
20.40,20.40,91.33,62.85,69.31
20.60,20.60,91.60,66.24,67.48
22.91,22.91,90.73,70.35,67.80
20.17,20.17,90.07,73.90,67.43
24.08,24.08,89.00,76.79,66.51
28.53,28.53,89.33,75.73,65.46
32.63,32.63,86.46,76.99,64.25
34.10,34.10,84.52,77.12,63.06
32.26,32.26,86.37,77.44,63.77
31.78,31.78,83.01,78.31,62.86
32.96,32.96,81.96,77.41,61.43
34.29,34.29,83.23,79.13,61.21
32.71,32.71,79.38,78.49,60.28
26.35,26.35,82.03,81.72,59.07
19.85,19.85,79.05,82.28,61.02
24.62,24.62,81.62,84.96,66.64
22.62,22.62,77.58,86.89,65.64
24.25,24.25,72.31,87.94,67.00
26.22,26.22,63.02,88.09,64.58
31.67,31.67,52.93,88.65,64.85
32.89,32.89,44.02,88.03,65.81
29.61,29.61,46.63,87.63,66.35
23.37,23.37,49.13,87.96,65.75
15.33,15.33,67.98,87.23,66.55
16.22,16.22,70.46,87.77,67.65
21.51,21.51,63.43,87.52,65.35
21.47,21.47,56.62,87.49,65.63
16.77,16.77,57.89,87.62,66.30
10.59,10.59,64.83,86.85,64.17
4.48,4.48,79.20,83.29,63.23
8.75,8.75,88.00,68.56,65.15
8.23,8.23,89.22,66.83,69.66
14.72,14.72,89.23,67.89,69.51
17.89,17.89,88.16,70.74,70.10
16.24,16.24,87.36,71.24,71.20
17.08,17.08,88.63,73.05,70.85
17.92,17.92,85.48,73.60,71.58
20.63,20.63,83.48,74.89,70.84
22.20,22.20,85.54,75.08,68.87
21.15,21.15,82.38,75.96,62.90
26.06,26.06,81.01,73.88,62.12
26.57,26.57,82.40,66.66,62.78
20.25,20.25,78.02,56.57,63.06
12.63,12.63,80.06,44.43,62.81
17.54,17.54,78.07,67.77,66.39
22.93,22.93,81.56,85.55,66.83
17.61,17.61,76.89,86.44,67.34
15.49,15.49,71.52,86.97,67.73
15.76,15.76,63.30,86.64,69.16
17.77,17.77,55.84,86.76,71.18
18.42,18.42,46.25,88.47,69.13
18.39,18.39,44.33,85.70,66.10
20.97,20.97,44.80,87.38,65.21
24.82,24.82,49.94,87.10,67.83
24.79,24.79,49.58,85.46,68.36
27.56,27.56,49.27,87.52,66.28
26.57,26.57,49.25,86.03,67.22
19.18,19.18,57.38,87.07,63.82
15.61,15.61,69.42,85.64,62.26
17.72,17.72,78.78,82.39,59.00
21.97,21.97,91.03,70.27,57.39
25.87,25.87,92.37,61.62,61.10
31.06,31.06,91.22,69.03,64.23
31.46,31.46,91.37,71.98,65.15
31.51,31.51,89.52,75.26,62.34
31.45,31.45,90.02,74.82,63.67
31.27,31.27,87.20,74.61,62.42
29.83,29.83,84.85,76.89,60.66
35.19,35.19,86.84,75.74,63.97
36.58,36.58,83.44,77.47,64.34
35.48,35.48,82.39,76.67,63.92
31.68,31.68,83.58,77.51,62.83
29.05,29.05,79.55,79.46,62.89
22.40,22.40,81.67,78.20,61.24
13.36,13.36,79.71,81.06,61.32
21.19,21.19,81.78,81.23,69.85
13.00,13.00,78.25,82.07,73.02
10.49,10.49,71.78,84.87,73.63
15.03,15.03,63.62,83.93,74.70
21.85,21.85,54.23,85.44,77.44
21.56,21.56,46.36,83.48,77.36
19.11,19.11,49.94,84.74,77.18
16.76,16.76,51.71,84.82,77.01
20.17,20.17,64.83,83.22,76.31
25.54,25.54,67.69,85.21,74.19
29.25,29.25,59.75,83.88,72.57
27.54,27.54,56.07,84.57,71.23
18.28,18.28,58.27,84.47,69.77
10.32,10.32,65.59,83.19,66.73
4.61,4.61,76.49,80.80,62.26
9.62,9.62,88.95,67.16,61.07
3.64,3.64,90.26,66.86,61.12
2.89,2.89,90.22,64.46,64.28
11.45,11.45,89.15,66.99,67.39
13.81,13.81,88.43,70.36,67.97
16.17,16.17,89.04,70.59,67.97
23.22,23.22,86.22,72.61,68.51
28.91,28.91,83.85,71.77,69.18
32.26,32.26,85.97,73.18,69.73
31.64,31.64,82.86,73.70,70.50
27.53,27.53,81.70,73.87,70.88
22.08,22.08,83.15,76.46,71.53
18.91,18.91,79.26,75.21,71.59
21.61,21.61,81.37,77.28,72.33
23.32,23.32,79.70,77.67,73.36
23.83,23.83,82.16,79.67,72.55
30.45,30.45,77.29,82.72,72.97
32.98,32.98,72.22,82.35,73.87
30.30,30.30,60.26,84.27,71.69
41.46,41.46,54.10,82.66,69.72
56.79,56.79,48.06,82.43,67.02
59.66,59.66,56.98,83.55,67.74
49.75,49.75,59.58,82.04,65.88
41.70,41.70,69.25,83.58,65.44
37.27,37.27,72.66,81.82,62.85
42.91,42.91,69.10,82.53,62.11
48.78,48.78,62.56,83.20,61.52
48.31,48.31,64.86,81.65,62.58
42.78,42.78,68.58,81.68,60.03
24.03,24.03,74.39,72.02,59.41
21.94,21.94,91.89,66.73,58.86
23.17,23.17,91.71,66.46,64.03
26.04,26.04,91.87,66.64,65.48
25.81,25.81,90.59,66.77,63.40
28.56,28.56,89.00,68.85,65.41
30.39,30.39,88.61,74.02,63.54
31.79,31.79,85.49,75.99,61.74
32.97,32.97,84.25,76.59,63.07
32.09,32.09,86.26,78.59,61.34
36.29,36.29,82.74,78.99,60.66
38.91,38.91,81.56,78.96,58.87
38.84,38.84,83.28,78.59,59.59
33.73,33.73,79.03,79.52,58.74
26.42,26.42,81.04,80.58,59.92
23.14,23.14,77.39,82.52,61.07
22.33,22.33,81.07,84.43,62.41
16.96,16.96,77.49,85.74,66.59
18.37,18.37,72.07,86.56,70.39
19.30,19.30,62.87,85.23,69.84
21.39,21.39,53.51,86.70,69.62
23.05,23.05,47.44,86.59,69.39
20.40,20.40,49.78,86.69,70.30
17.16,17.16,55.48,86.00,69.28
18.29,18.29,66.61,84.49,69.96
19.83,19.83,72.81,85.23,68.94
19.27,19.27,65.70,85.32,67.78
18.93,18.93,63.22,86.07,69.76
17.66,17.66,61.56,86.00,67.03
12.82,12.82,68.88,85.86,63.80
11.19,11.19,76.72,81.99,63.42
9.00,9.00,89.11,70.39,65.51
2.83,2.83,89.12,59.14,69.00
1.30,1.30,88.74,58.15,69.06
2.17,2.17,88.57,62.39,67.42
6.92,6.92,88.41,62.39,65.67
12.17,12.17,89.81,65.01,68.09
18.19,18.19,86.65,69.41,69.79
21.90,21.90,83.75,72.61,70.14
27.34,27.34,85.89,73.91,70.17
37.38,37.38,83.03,74.99,68.26
30.78,30.78,82.01,75.27,63.69
28.60,28.60,83.16,74.79,61.77
28.75,28.75,79.46,75.65,60.99
26.00,26.00,81.41,72.82,60.19
18.90,18.90,79.46,67.00,64.20
23.16,23.16,80.84,78.73,67.14
18.16,18.16,76.92,86.30,70.05
12.94,12.94,70.55,88.14,71.47
14.10,14.10,60.63,89.99,68.21
18.40,18.40,53.72,90.77,70.12
18.85,18.85,49.35,89.01,67.87
16.05,16.05,50.11,90.66,67.08
16.50,16.50,53.19,90.55,66.45
22.62,22.62,55.17,88.86,69.32
22.24,22.24,55.04,89.67,70.66
26.18,26.18,54.32,90.78,71.31
26.86,26.86,54.91,89.97,70.54
22.08,22.08,62.61,89.47,69.39
13.56,13.56,67.14,90.29,67.73
15.79,15.79,77.66,87.86,65.07
25.75,25.75,89.72,75.60,62.26
30.38,30.38,90.31,70.64,63.64
35.98,35.98,90.02,70.77,65.10
36.92,36.92,91.01,72.13,64.07
35.72,35.72,89.83,75.10,64.76
35.34,35.34,89.61,76.40,65.14
35.10,35.10,86.13,77.03,64.47
35.57,35.57,84.59,77.29,63.54
36.18,36.18,86.62,80.51,62.42
33.24,33.24,83.22,80.68,67.40
33.05,33.05,82.58,80.36,67.90
31.68,31.68,84.01,82.72,66.16
27.50,27.50,80.01,82.65,64.70
21.66,21.66,82.53,82.28,65.11
20.07,20.07,79.85,84.45,64.93
21.64,21.64,81.14,85.80,66.87
20.90,20.90,76.37,85.87,68.56
20.36,20.36,72.56,88.05,66.93
26.57,26.57,63.94,88.45,67.95
27.63,27.63,56.26,87.94,68.77
22.93,22.93,50.34,86.77,66.80
18.18,18.18,49.67,88.87,66.83
20.13,20.13,54.08,88.69,64.07
23.65,23.65,65.93,87.19,66.37
27.59,27.59,67.44,88.70,65.12
31.44,31.44,61.79,88.47,64.77
29.63,29.63,56.89,86.78,63.39
26.79,26.79,59.13,87.67,63.60
23.26,23.26,67.59,88.57,58.24
14.13,14.13,75.10,84.72,51.92
10.48,10.48,89.07,77.15,50.32
2.26,2.26,89.72,70.88,54.53
15.97,15.97,90.18,67.65,55.80
27.32,27.32,88.33,68.08,57.37
29.21,29.21,87.42,73.04,58.30
27.57,27.57,89.26,74.90,58.10
28.65,28.65,86.31,74.04,57.76
24.57,24.57,83.53,76.18,59.94
27.07,27.07,85.57,76.84,62.61
30.78,30.78,82.68,76.62,65.74
28.75,28.75,81.45,77.40,65.15
27.57,27.57,82.94,78.53,64.60
25.87,25.87,78.80,78.42,63.04
26.33,26.33,80.72,79.42,62.61
24.76,24.76,79.44,81.56,60.68
27.86,27.86,81.96,83.88,62.63
31.80,31.80,77.41,84.03,63.55
27.31,27.31,72.26,86.97,63.84
27.39,27.39,63.14,86.73,63.93
27.90,27.90,57.71,84.59,65.38
32.53,32.53,56.45,86.20,63.55
32.27,32.27,56.71,86.49,60.29
24.76,24.76,59.30,85.27,57.58
20.37,20.37,66.88,85.67,59.69
22.04,22.04,72.16,86.60,62.48
27.24,27.24,66.01,84.63,59.13
32.84,32.84,63.56,81.56,59.71
27.33,27.33,61.45,69.88,59.32
22.32,22.32,61.55,63.17,57.89
19.45,19.45,72.49,56.25,63.35
23.08,23.08,91.04,64.78,67.79
21.07,21.07,91.45,66.71,67.33
22.61,22.61,90.92,71.28,66.95
19.37,19.37,90.15,74.68,66.10
24.36,24.36,88.72,76.82,67.50
28.58,28.58,89.00,75.67,63.53
33.03,33.03,86.06,76.77,64.93
34.36,34.36,84.15,76.88,63.00
32.59,32.59,86.11,77.06,61.39
30.82,30.82,82.63,78.00,61.96
31.97,31.97,81.75,77.08,63.06
32.96,32.96,83.01,78.75,62.36
29.59,29.59,79.35,78.18,62.49
20.14,20.14,81.68,81.58,60.88
14.65,14.65,78.62,82.39,62.71
18.40,18.40,81.58,85.00,67.77
20.33,20.33,78.14,86.87,66.66
23.51,23.51,72.58,88.06,67.66
23.65,23.65,61.98,88.15,68.36
27.87,27.87,54.24,88.66,67.67
29.25,29.25,47.02,88.14,67.39
25.10,25.10,51.40,87.85,67.56
17.05,17.05,58.54,88.05,68.12
16.00,16.00,71.64,87.44,67.79
17.30,17.30,70.48,87.67,67.78
18.08,18.08,64.00,87.21,67.82
18.00,18.00,59.39,87.33,67.47
15.72,15.72,60.85,87.33,68.38
9.71,9.71,67.96,86.31,67.41
3.53,3.53,78.69,83.35,64.52
9.32,9.32,87.95,67.90,64.59
6.10,6.10,88.98,62.12,68.25
6.00,6.00,88.91,65.45,68.20
17.18,17.18,88.09,70.90,70.28
14.93,14.93,87.50,71.67,70.78
14.91,14.91,88.69,73.11,70.63
18.63,18.63,85.67,73.29,70.31
20.51,20.51,83.80,74.80,69.92
25.62,25.62,85.70,75.16,67.81
24.56,24.56,82.15,75.84,63.28
28.46,28.46,81.07,74.00,66.19
27.17,27.17,82.37,66.24,62.82
29.05,29.05,78.07,56.07,64.70
24.73,24.73,80.28,45.87,64.23
20.03,20.03,78.34,67.39,68.48
23.80,23.80,81.42,85.51,69.61
16.23,16.23,77.05,85.97,69.79
11.64,11.64,71.68,86.88,68.22
15.68,15.68,64.00,86.76,70.39
18.37,18.37,58.82,86.65,69.40
18.46,18.46,54.63,88.48,71.45
17.92,17.92,54.36,85.93,67.70
20.62,20.62,54.75,87.23,65.80
23.75,23.75,58.31,87.20,69.45
24.04,24.04,64.11,85.76,74.46
25.66,25.66,60.58,87.61,73.99
25.81,25.81,58.89,85.88,72.78
25.09,25.09,61.76,87.13,72.92
21.67,21.67,67.67,85.69,70.64
17.39,17.39,78.72,82.75,65.62
19.28,19.28,91.22,67.49,65.43
21.54,21.54,91.69,61.42,69.18
27.97,27.97,90.86,67.45,64.33
33.36,33.36,91.26,72.08,64.91
33.09,33.09,89.58,75.17,64.29
31.89,31.89,90.10,74.70,67.09
32.60,32.60,87.27,74.91,65.03
32.62,32.62,84.90,77.03,65.58
32.06,32.06,86.90,75.62,67.01
31.89,31.89,83.63,77.57,65.51
28.82,28.82,82.45,76.91,64.67
29.61,29.61,83.62,77.55,67.25
25.34,25.34,79.76,79.53,68.72
17.51,17.51,81.59,78.22,67.85
17.51,17.51,78.76,80.77,67.37
26.15,26.15,81.73,81.32,71.83
25.91,25.91,76.67,81.66,72.25
27.76,27.76,72.21,84.55,74.08
31.94,31.94,63.93,83.74,73.29
31.93,31.93,56.17,85.16,74.31
28.71,28.71,51.10,83.17,75.94
25.76,25.76,51.16,84.60,76.19
28.56,28.56,59.68,84.89,76.36
31.63,31.63,67.42,83.06,76.37
29.55,29.55,65.49,85.21,71.94
30.11,30.11,63.72,83.82,71.76
28.33,28.33,61.26,84.47,68.97
20.61,20.61,62.18,84.38,70.30
13.08,13.08,67.25,83.27,66.07
4.06,4.06,77.06,80.67,63.20
4.40,4.40,89.07,67.70,61.73
2.59,2.59,89.91,65.78,62.03
7.84,7.84,89.84,63.15,64.55
11.11,11.11,89.07,68.01,66.49
12.14,12.14,88.60,71.45,66.51
17.67,17.67,89.15,70.75,66.26
23.03,23.03,86.14,73.21,67.19
25.82,25.82,83.96,72.08,67.25
29.94,29.94,85.99,73.66,69.64
31.24,31.24,82.66,74.15,70.18
30.30,30.30,81.66,73.50,70.36
24.66,24.66,83.10,75.94,70.28
21.28,21.28,79.24,75.05,72.17
19.27,19.27,81.52,77.16,70.92
26.52,26.52,79.67,77.72,72.67
29.30,29.30,81.62,79.38,74.70
24.94,24.94,77.48,82.42,75.38
24.21,24.21,71.64,82.05,71.56
27.03,27.03,61.71,84.05,68.80
39.79,39.79,57.10,82.59,68.67
51.50,51.50,55.10,82.32,69.35
51.51,51.51,61.07,83.48,70.01
35.44,35.44,60.94,82.17,65.26
26.15,26.15,70.02,83.56,62.74
24.11,24.11,72.49,81.82,64.65
26.91,26.91,69.47,82.56,63.72
31.70,31.70,65.87,83.09,63.26
31.99,31.99,66.90,81.50,65.60
27.87,27.87,71.18,81.32,62.75
15.53,15.53,75.36,65.51,59.99
17.48,17.48,91.97,61.33,60.48
19.22,19.22,91.64,67.14,62.33
21.39,21.39,91.47,65.44,66.08
24.25,24.25,90.32,65.23,67.02
28.59,28.59,88.31,67.77,66.24
28.34,28.34,87.62,68.67,67.17
27.46,27.46,84.31,73.31,64.78
27.23,27.23,83.81,75.03,65.79
27.24,27.24,85.70,77.37,66.14
27.96,27.96,82.00,77.64,64.89
29.70,29.70,80.71,78.14,64.49
30.15,30.15,83.27,78.27,67.20
28.51,28.51,79.21,79.28,68.06
21.52,21.52,80.48,80.30,65.24
17.86,17.86,77.42,82.40,65.75
19.38,19.38,81.31,83.92,66.64
20.77,20.77,77.93,85.11,69.86
22.54,22.54,71.85,86.07,71.96
22.15,22.15,64.19,85.16,70.50
18.05,18.05,57.62,86.48,71.36
16.02,16.02,52.07,86.53,70.42
14.29,14.29,54.87,86.64,69.83
11.79,11.79,57.79,85.91,70.00
13.85,13.85,68.44,84.34,70.58
21.88,21.88,71.02,85.13,70.45
19.31,19.31,68.10,85.26,67.98
16.25,16.25,67.53,86.07,70.95
8.52,8.52,68.36,85.97,67.34
2.01,2.01,72.47,85.62,65.97
3.13,3.13,78.65,81.22,67.31
9.12,9.12,89.23,63.98,67.98
3.76,3.76,88.74,54.42,71.02
4.20,4.20,88.66,55.00,71.31
2.31,2.31,87.96,58.43,69.79
3.37,3.37,88.22,64.09,70.46
7.78,7.78,89.71,65.48,69.55
15.75,15.75,86.57,65.76,72.81
19.20,19.20,82.91,70.41,72.11
21.50,21.50,85.69,72.70,71.10
21.27,21.27,83.33,74.51,71.56
18.94,18.94,82.12,74.61,70.63
19.82,19.82,82.85,73.90,69.13
20.26,20.26,79.56,75.27,70.25
15.97,15.97,81.83,72.29,67.60
19.24,19.24,78.77,64.91,67.16
18.60,18.60,80.76,79.26,72.43
16.46,16.46,76.29,86.36,71.71
12.35,12.35,69.85,87.71,71.86
15.95,15.95,60.13,89.72,70.68
21.38,21.38,52.93,90.46,72.30
18.53,18.53,47.63,88.64,72.74
15.75,15.75,45.26,90.23,71.30
16.75,16.75,47.59,90.19,71.83
19.61,19.61,48.88,88.61,75.58
20.36,20.36,50.35,89.08,76.52
23.20,23.20,51.26,89.71,75.79
22.12,22.12,54.19,89.12,75.79
20.66,20.66,60.19,88.64,75.20
19.38,19.38,67.49,89.48,75.93
17.96,17.96,78.54,86.27,73.65
20.07,20.07,89.60,67.64,71.74
20.81,20.81,89.29,61.46,71.97
20.73,20.73,89.46,64.18,69.77
16.54,16.54,90.39,69.52,67.76
17.69,17.69,89.40,73.44,67.56
19.63,19.63,88.88,75.15,69.50
23.85,23.85,85.14,75.19,70.24
25.02,25.02,84.24,75.90,67.43
24.94,24.94,86.12,79.54,69.95
25.10,25.10,82.44,79.70,71.56
25.48,25.48,82.25,80.02,73.03
25.99,25.99,83.88,82.68,72.62
22.15,22.15,79.69,82.39,71.98
15.72,15.72,82.43,82.59,70.67
19.58,19.58,79.14,84.58,72.96
22.91,22.91,80.69,85.62,72.28
14.17,14.17,75.64,85.38,72.92
14.11,14.11,71.09,87.41,70.56
23.61,23.61,65.05,87.80,73.34
24.94,24.94,61.91,87.48,72.76
19.25,19.25,61.58,86.33,71.11
15.22,15.22,61.03,88.71,70.56
11.62,11.62,60.58,88.59,69.83
14.21,14.21,61.30,86.80,73.80
15.56,15.56,62.07,87.68,72.61
13.79,13.79,61.43,87.82,70.14
10.04,10.04,63.26,86.17,70.42
7.05,7.05,65.98,87.28,70.03
3.25,3.25,70.45,88.30,67.57
4.62,4.62,77.36,84.57,65.35
10.01,10.01,88.74,76.58,67.43
8.96,8.96,89.40,68.60,67.35
8.92,8.92,89.52,64.21,69.60
8.76,8.76,87.49,64.17,69.49
12.13,12.13,86.51,68.81,66.48
13.45,13.45,88.49,72.88,67.10
11.81,11.81,85.76,72.65,68.20
11.37,11.37,82.86,75.04,66.64
12.88,12.88,85.28,76.27,70.54
15.66,15.66,83.03,76.76,71.70
17.25,17.25,82.36,77.53,73.44
16.02,16.02,83.81,79.28,74.20
16.83,16.83,80.53,79.56,76.20
16.07,16.07,81.65,80.38,76.52
16.85,16.85,79.68,82.10,76.78
21.43,21.43,82.28,82.34,75.41
19.78,19.78,77.75,84.36,74.04
21.54,21.54,75.45,84.05,72.83
19.02,19.02,73.98,87.38,69.36
17.96,17.96,73.59,83.33,68.18
19.92,19.92,71.81,87.37,68.94
24.68,24.68,74.08,85.29,69.55
24.81,24.81,73.01,85.25,69.61
19.37,19.37,73.82,85.04,71.32
15.01,15.01,74.93,86.26,72.83
14.79,14.79,74.98,83.02,75.07
20.43,20.43,74.84,82.80,74.10
20.70,20.70,74.82,66.50,71.76
26.02,26.02,74.70,71.96,72.11
22.52,22.52,73.04,71.26,73.30
16.74,16.74,70.67,74.04,73.00
17.18,17.18,70.02,72.55,70.32
17.52,17.52,70.29,73.75,74.40
15.77,15.77,70.71,73.69,72.72
13.94,13.94,69.24,73.53,72.01
15.80,15.80,70.55,73.39,69.84
20.48,20.48,70.30,72.85,71.83
19.44,19.44,70.24,73.82,73.35
16.57,16.57,70.11,72.34,74.74
12.20,12.20,69.48,73.62,73.84
15.16,15.16,70.33,71.65,70.80
17.93,17.93,70.17,73.19,73.19
18.79,18.79,69.52,73.15,73.78
20.30,20.30,70.44,72.30,71.65
21.53,21.53,69.96,72.61,73.80
22.23,22.23,70.32,72.03,74.31
20.66,20.66,69.42,72.90,73.69
18.28,18.28,68.35,70.76,72.60
16.19,16.19,67.97,73.09,69.36
17.87,17.87,68.56,71.13,71.70
20.27,20.27,68.86,73.03,69.35
21.71,21.71,68.22,71.86,71.51
23.38,23.38,68.55,72.08,70.39
21.33,21.33,68.40,72.64,70.69
20.26,20.26,67.17,71.60,76.90
19.38,19.38,67.20,71.73,76.50
16.73,16.73,67.79,70.45,76.92
20.58,20.58,66.92,72.11,77.79
21.57,21.57,66.62,70.13,76.46
18.18,18.18,65.91,72.12,76.66
21.47,21.47,64.70,69.25,77.70
22.93,22.93,63.50,71.54,77.87
20.36,20.36,64.34,70.95,76.02
17.72,17.72,63.68,70.55,74.35
17.23,17.23,63.68,71.34,70.54
16.10,16.10,62.65,70.58,69.72
16.63,16.63,62.39,70.68,69.96
15.51,15.51,61.65,69.81,68.95
15.35,15.35,64.05,70.29,67.04
17.08,17.08,62.87,70.10,68.12
18.69,18.69,61.86,71.37,72.29
20.65,20.65,61.83,70.60,76.00
20.82,20.82,61.67,71.26,74.00
21.35,21.35,58.33,70.80,74.42
22.10,22.10,60.49,70.28,75.05
20.11,20.11,60.20,69.84,75.32
19.40,19.40,59.69,66.84,71.38
18.09,18.09,59.47,69.08,69.79
21.05,21.05,59.96,67.40,69.53
20.32,20.32,59.08,66.99,68.29
20.72,20.72,60.05,68.13,68.80
18.88,18.88,60.28,67.20,66.86
19.71,19.71,59.84,68.60,66.28
21.97,21.97,58.78,67.47,66.40
21.25,21.25,59.24,67.60,68.85
17.89,17.89,58.96,68.03,71.06
21.19,21.19,59.80,67.18,71.86
21.98,21.98,60.60,69.06,69.06
19.33,19.33,58.78,67.49,67.76
17.85,17.85,58.76,68.46,65.58
19.33,19.33,58.85,68.15,69.52
19.40,19.40,57.23,66.46,69.10
19.79,19.79,56.57,67.84,69.24
22.09,22.09,56.57,66.45,69.92
23.87,23.87,55.64,66.56,69.39
22.90,22.90,54.03,67.30,65.35
22.82,22.82,56.39,67.24,66.05
22.07,22.07,56.28,68.27,65.16
22.84,22.84,56.35,65.97,67.09
21.79,21.79,54.50,67.33,68.80
20.81,20.81,55.11,66.77,72.34
21.91,21.91,56.14,66.40,73.68
23.19,23.19,56.06,66.80,72.85
22.44,22.44,56.01,66.67,73.75
23.09,23.09,56.23,67.36,76.44
24.58,24.58,56.24,65.09,75.16
25.15,25.15,55.12,66.93,74.75
24.62,24.62,55.56,66.61,73.31
22.55,22.55,54.99,65.17,71.84
22.45,22.45,57.19,66.48,69.64
23.02,23.02,56.36,66.09,66.00
24.75,24.75,55.32,66.21,63.48
25.02,25.02,56.28,65.15,63.27
24.53,24.53,55.32,65.17,65.51
25.36,25.36,55.50,66.11,66.62
27.82,27.82,55.22,63.87,68.74
27.18,27.18,56.41,66.13,71.69
28.47,28.47,57.51,64.88,73.23
27.73,27.73,56.18,64.51,73.58
30.18,30.18,55.52,65.38,67.63
20.86,20.86,50.13,64.35,67.96
14.91,14.91,49.01,65.58,68.36
15.87,15.87,47.90,62.85,69.05
15.46,15.46,49.20,65.20,68.71
15.96,15.96,49.20,64.89,67.51
17.03,17.03,49.19,63.00,65.86
17.68,17.68,49.17,64.81,66.11
16.95,16.95,49.83,64.06,65.30
17.68,17.68,49.59,64.66,63.03
18.21,18.21,49.85,62.33,65.84
17.30,17.30,50.68,63.57,64.99
16.80,16.80,50.19,64.64,65.09
17.63,17.63,49.57,61.01,65.79
16.52,16.52,49.87,64.31,65.85
18.04,18.04,49.69,64.50,67.45
20.22,20.22,51.67,63.77,68.36
19.59,19.59,51.85,64.04,66.84
18.84,18.84,52.18,63.12,66.49
20.46,20.46,50.65,64.26,64.59
20.66,20.66,50.96,61.54,66.23
22.91,22.91,49.87,63.82,65.91
25.88,25.88,50.93,63.89,63.84
23.08,23.08,49.92,62.13,61.73
20.76,20.76,50.00,63.86,62.85
18.33,18.33,51.64,62.30,60.33
19.08,19.08,49.69,63.20,68.10
19.53,19.53,50.56,62.68,68.57
20.60,20.60,48.92,55.93,67.85
18.84,18.84,49.09,53.31,67.93
19.79,19.79,50.24,59.08,68.72
16.59,16.59,49.31,65.66,68.31
17.76,17.76,46.64,65.39,68.99
24.11,24.11,44.43,65.52,67.64
26.30,26.30,46.03,66.64,67.46
20.78,20.78,46.99,68.22,66.57
16.20,16.20,48.36,66.09,64.94
18.71,18.71,47.72,67.14,63.76
19.88,19.88,47.45,64.87,64.18
20.78,20.78,48.49,67.79,61.97
21.02,21.02,49.07,66.45,62.43
19.59,19.59,47.85,64.85,62.69
22.34,22.34,49.50,63.91,64.61
24.37,24.37,47.79,65.11,61.21
23.76,23.76,47.86,65.52,66.28
26.27,26.27,45.91,67.10,66.36
25.90,25.90,47.04,67.80,66.67
23.53,23.53,48.16,67.79,66.30
21.59,21.59,47.38,65.74,65.07
23.66,23.66,47.69,67.22,63.97
24.07,24.07,48.91,68.51,63.64
26.24,26.24,48.16,67.96,63.12
26.32,26.32,47.04,68.24,61.96
27.83,27.83,48.69,67.02,62.32
26.70,26.70,48.63,67.65,63.61
27.21,27.21,48.97,65.84,65.23
28.62,28.62,49.07,67.20,64.59
25.12,25.12,48.62,67.98,63.13
27.85,27.85,47.35,68.32,62.41
28.74,28.74,48.26,68.15,63.95
28.08,28.08,48.17,67.23,64.02
28.69,28.69,46.52,68.34,65.42
23.91,23.91,40.06,67.95,64.42
26.34,26.34,39.51,67.97,66.06
25.13,25.13,38.58,67.59,65.11
27.65,27.65,39.72,66.84,65.61
27.93,27.93,39.03,66.64,65.66
27.58,27.58,39.51,66.07,66.38
26.84,26.84,39.50,67.68,65.99
26.47,26.47,39.68,68.09,64.81
27.09,27.09,40.06,67.93,65.06
26.50,26.50,40.32,66.46,64.80
26.06,26.06,40.14,65.81,65.39
24.31,24.31,39.07,63.14,64.96
23.82,23.82,40.12,56.40,65.36
21.29,21.29,40.73,63.15,66.86
18.89,18.89,41.34,67.39,67.27
21.68,21.68,40.79,72.43,67.54
20.63,20.63,40.24,70.81,68.09
22.02,22.02,40.37,73.04,67.32
24.00,24.00,42.11,72.30,67.15
23.72,23.72,41.46,73.50,65.34
22.85,22.85,41.60,70.90,64.12
20.59,20.59,43.09,70.35,65.69
19.43,19.43,42.50,71.29,63.10
18.67,18.67,41.86,73.48,64.75
17.10,17.10,41.54,71.30,66.03
20.15,20.15,43.55,72.69,66.15
24.71,24.71,42.95,72.21,64.90
18.44,18.44,42.94,70.48,65.17
20.03,20.03,42.97,70.24,67.87
19.32,19.32,43.19,72.78,65.72
19.11,19.11,39.30,72.84,65.67
19.91,19.91,38.49,71.56,64.59
18.29,18.29,37.48,72.69,64.43
17.39,17.39,37.12,71.84,64.54
19.58,19.58,37.95,71.22,64.41
22.06,22.06,38.35,71.19,64.58
22.32,22.32,39.22,72.71,62.07
23.61,23.61,39.64,71.45,62.09
22.96,22.96,39.14,71.94,62.83
26.37,26.37,39.10,72.41,63.47
27.99,27.99,38.60,71.65,63.29
27.69,27.69,38.67,70.35,61.73
27.77,27.77,37.98,72.45,63.19
27.68,27.68,39.36,72.46,63.28
27.50,27.50,40.95,70.86,64.58
27.19,27.19,40.02,72.12,66.68
27.98,27.98,38.37,71.53,66.98
28.56,28.56,38.83,71.05,64.08
28.47,28.47,40.26,70.61,66.33
29.28,29.28,40.89,72.38,64.11
28.16,28.16,39.08,70.90,65.31
30.63,30.63,41.26,71.41,66.64
30.29,30.29,39.68,71.74,66.35
29.74,29.74,38.82,71.64,66.92
29.18,29.18,38.70,70.17,66.21
30.41,30.41,39.28,71.91,68.11
29.82,29.82,40.02,71.87,67.52
31.43,31.43,40.44,70.28,68.10
32.09,32.09,42.05,71.32,68.34
32.15,32.15,42.44,71.22,67.38
28.46,28.46,37.28,71.19,68.38
28.33,28.33,34.65,70.18,67.81
30.10,30.10,34.19,71.58,65.90
29.29,29.29,32.96,69.99,65.45
30.53,30.53,34.59,70.36,66.89
30.48,30.48,33.50,70.56,64.68
33.08,33.08,33.96,70.57,63.81
28.54,28.54,34.15,69.34,62.40
31.73,31.73,35.81,70.80,60.74
30.79,30.79,35.49,70.59,58.93
29.11,29.11,34.77,68.61,59.27
29.08,29.08,35.28,69.86,61.18
30.64,30.64,35.49,69.89,62.35
31.36,31.36,36.32,69.43,59.29
30.28,30.28,35.38,68.34,61.53
29.86,29.86,36.10,70.03,60.27
29.38,29.38,36.82,68.65,60.14
30.62,30.62,38.03,68.03,58.96
28.62,28.62,38.47,68.87,60.47
28.59,28.59,38.25,69.07,58.48
33.27,33.27,41.71,67.43,57.85
31.02,31.02,39.34,68.93,55.59
30.42,30.42,39.24,69.09,55.63
31.95,31.95,38.00,66.89,56.40
31.09,31.09,39.17,67.50,55.01
28.02,28.02,36.85,60.59,57.06
19.24,19.24,34.00,53.21,56.07
12.05,12.05,31.50,39.96,61.75
7.63,7.63,32.08,54.59,68.43
8.27,8.27,32.35,67.38,69.71
6.07,6.07,26.83,75.98,70.64
8.51,8.51,21.79,74.65,70.17
11.78,11.78,21.89,76.26,68.16
14.60,14.60,22.70,74.98,68.27
18.67,18.67,25.06,76.65,64.95
20.56,20.56,26.08,75.19,64.11
20.65,20.65,26.89,76.20,65.20
22.11,22.11,27.32,76.08,65.25
23.73,23.73,30.23,76.58,63.93
24.08,24.08,28.93,76.40,65.31
27.56,27.56,30.54,75.31,63.48
28.75,28.75,29.89,76.68,64.81
30.75,30.75,31.13,74.84,63.51
32.80,32.80,33.32,76.56,63.48
33.23,33.23,32.96,75.18,61.83
35.37,35.37,31.69,75.98,62.72
33.61,33.61,30.16,75.67,61.71
34.58,34.58,30.94,75.98,65.10
34.81,34.81,31.68,75.45,61.78
33.64,33.64,31.19,75.60,64.82
34.60,34.60,32.24,75.46,61.60
34.79,34.79,31.54,74.52,63.11
34.29,34.29,31.67,75.26,62.01
35.01,35.01,31.82,74.37,62.99
36.49,36.49,33.23,74.81,62.61
35.29,35.29,31.83,74.23,62.70
32.77,32.77,32.11,74.79,63.64
26.79,26.79,31.76,74.50,61.79
18.57,18.57,32.52,75.00,64.75
14.02,14.02,30.22,74.84,67.88
13.16,13.16,28.09,73.61,69.05
13.74,13.74,26.73,74.64,70.43
14.17,14.17,24.67,73.16,69.22
16.51,16.51,23.75,74.58,68.89
17.05,17.05,23.74,72.85,68.82
19.38,19.38,24.37,74.58,69.91
19.09,19.09,25.97,73.01,68.87
13.73,13.73,27.13,74.27,69.46
14.37,14.37,30.48,73.77,62.04
19.27,19.27,36.49,68.63,60.65
24.89,24.89,33.82,60.05,58.20
23.94,23.94,29.88,52.56,59.71
23.20,23.20,31.00,56.42,58.94
23.48,23.48,32.45,68.37,61.23
23.20,23.20,30.52,71.87,63.78
22.43,22.43,30.65,71.65,63.11
22.02,22.02,31.57,72.77,66.17
21.12,21.12,31.39,71.43,64.31
23.67,23.67,30.91,72.10,63.19
25.33,25.33,32.92,71.90,64.02
26.09,26.09,33.23,72.23,63.52
27.17,27.17,33.89,72.43,63.15
29.22,29.22,34.40,71.22,64.33
28.18,28.18,35.12,73.47,64.13
28.97,28.97,36.15,71.33,63.42
29.49,29.49,32.64,72.06,63.57
31.35,31.35,37.37,71.87,64.01
32.10,32.10,36.00,71.69,63.41
33.76,33.76,37.08,71.69,64.93
34.32,34.32,38.10,71.35,64.81
36.33,36.33,37.66,72.70,66.56
33.15,33.15,35.33,71.43,65.87
35.90,35.90,36.08,72.04,63.39
36.75,36.75,36.97,72.02,65.99
36.30,36.30,37.31,70.69,64.63
36.31,36.31,34.34,71.30,64.09
36.34,36.34,33.62,71.35,64.78
37.61,37.61,32.05,71.28,65.22
34.32,34.32,32.05,70.87,62.65
34.59,34.59,34.98,70.79,63.35
37.32,37.32,35.21,72.35,64.83
34.34,34.34,34.79,70.04,62.70
33.02,33.02,35.97,70.97,63.83
34.95,34.95,35.70,71.21,65.11
32.29,32.29,34.98,70.57,70.75
33.45,33.45,36.84,70.52,70.98
33.69,33.69,35.07,70.30,70.18
34.30,34.30,35.36,71.68,70.95
34.78,34.78,34.52,69.61,71.25
34.37,34.37,36.11,70.67,70.30
35.31,35.31,36.02,70.83,70.08
35.23,35.23,36.87,69.54,69.94
33.80,33.80,36.62,70.22,69.87
35.90,35.90,36.81,69.52,69.58
37.67,37.67,35.44,69.65,69.99
36.11,36.11,34.21,69.58,70.55
37.27,37.27,34.69,69.23,70.05
36.01,36.01,36.26,70.42,70.55
37.89,37.89,34.79,68.14,70.99
36.56,36.56,34.72,69.68,70.92
35.83,35.83,34.41,68.31,70.60
37.71,37.71,32.74,67.91,71.04
36.17,36.17,33.91,69.07,70.52
38.16,38.16,35.14,67.86,70.31
37.95,37.95,35.21,69.20,70.18
36.85,36.85,32.94,66.80,70.79
38.35,38.35,33.01,68.50,70.72
36.37,36.37,37.84,68.47,69.54
37.21,37.21,36.62,66.38,69.83
38.74,38.74,38.29,68.90,69.32
38.21,38.21,38.01,67.79,68.81
38.15,38.15,37.38,67.61,68.70
38.31,38.31,36.27,66.21,68.18
37.94,37.94,37.08,67.77,61.28
40.23,40.23,39.09,68.33,56.51
39.38,39.38,37.13,64.11,59.47
40.07,40.07,40.13,68.30,61.02
39.53,39.53,39.00,67.32,59.41
41.82,41.82,40.71,65.57,59.98
44.83,44.83,40.96,67.04,60.21
43.28,43.28,38.94,67.13,59.57
46.69,46.69,41.44,67.45,56.78
50.85,50.85,44.96,64.95,56.89
43.61,43.61,39.64,68.02,57.18
47.68,47.68,40.16,67.83,52.98
40.40,40.40,38.67,65.33,51.38
37.62,37.62,38.39,67.13,52.36
31.97,31.97,36.50,63.87,51.66
27.27,27.27,36.55,60.67,59.60
16.02,16.02,33.57,69.48,61.29
20.56,20.56,33.23,72.16,63.28
28.14,28.14,33.69,71.35,64.49
31.90,31.90,31.74,71.73,61.72
34.63,34.63,33.39,72.14,62.75
34.52,34.52,34.57,71.78,62.03
34.70,34.70,35.86,70.58,63.04
35.51,35.51,36.25,70.10,61.48
34.92,34.92,36.15,68.96,60.77
35.23,35.23,34.74,69.67,60.52
36.41,36.41,37.08,69.07,60.73
35.52,35.52,34.32,69.71,60.34
35.20,35.20,33.89,70.05,58.37
34.96,34.96,30.15,69.46,60.55
33.60,33.60,26.30,68.34,59.75
25.49,25.49,22.80,69.15,66.56
25.35,25.35,22.26,68.51,67.44
30.38,30.38,24.84,67.66,67.08
32.95,32.95,26.19,65.96,67.44
33.87,33.87,25.36,64.76,67.63
35.49,35.49,26.63,66.15,68.15
35.65,35.65,27.38,65.65,67.67
37.12,37.12,27.60,68.16,66.85
37.13,37.13,30.49,68.85,66.88
39.53,39.53,32.80,68.21,67.39
38.95,38.95,32.86,67.59,66.57
34.81,34.81,29.90,68.64,66.16
25.67,25.67,25.18,68.73,66.06
11.73,11.73,19.00,68.96,65.45
5.55,5.55,18.14,67.75,65.22
5.57,5.57,21.28,67.05,73.69
12.72,12.72,22.55,66.87,73.99
18.76,18.76,22.81,67.73,73.23
19.22,19.22,26.00,68.78,73.75
17.99,17.99,27.98,68.89,72.88
17.30,17.30,25.87,69.14,72.04
18.85,18.85,21.85,67.86,72.80
18.61,18.61,20.72,68.25,73.26
19.17,19.17,20.00,68.64,73.83
16.95,16.95,18.91,68.34,67.88
18.03,18.03,16.66,68.05,62.63
18.80,18.80,16.53,67.77,60.77
21.18,21.18,14.41,64.09,62.80
17.93,17.93,13.63,58.95,63.18
15.06,15.06,14.14,66.08,62.82
9.57,9.57,11.18,70.77,64.63
7.64,7.64,8.76,71.41,67.91
12.34,12.34,7.19,77.56,69.99
15.19,15.19,11.24,76.15,67.23
13.90,13.90,19.55,76.46,70.36
14.23,14.23,23.66,75.85,67.11
15.50,15.50,23.97,76.17,67.33
17.66,17.66,21.58,75.43,66.60
18.23,18.23,19.49,77.08,65.83
20.40,20.40,24.58,75.40,66.70
19.61,19.61,27.58,76.29,67.59
19.93,19.93,25.59,75.27,67.33
23.22,23.22,26.44,75.55,66.86
21.16,21.16,26.93,74.67,66.04
23.91,23.91,23.34,76.05,67.25
21.81,21.81,19.47,75.99,63.85
18.85,18.85,17.48,74.55,66.85
19.09,19.09,19.02,75.06,65.85
21.27,21.27,20.75,74.43,68.58
22.21,22.21,26.58,74.95,66.54
23.96,23.96,28.92,73.99,65.75
27.55,27.55,30.17,75.60,65.72
27.07,27.07,30.31,74.12,65.27
26.35,26.35,30.34,74.61,66.55
26.78,26.78,29.58,73.84,65.91
28.28,28.28,29.36,74.19,68.27
29.69,29.69,30.01,73.52,65.31
30.20,30.20,33.63,74.21,65.98
26.52,26.52,29.83,74.89,66.66
22.62,22.62,29.90,73.01,65.23
22.54,22.54,30.43,73.73,66.89
21.56,21.56,27.97,72.80,67.96
20.92,20.92,31.37,73.61,68.49
23.63,23.63,28.80,72.43,68.54
24.86,24.86,30.65,74.05,69.05
22.59,22.59,30.44,72.71,69.19
24.57,24.57,32.34,72.37,68.19
25.83,25.83,34.06,72.33,69.55
28.20,28.20,35.25,72.51,68.51
28.11,28.11,36.78,71.93,67.88
28.45,28.45,35.57,71.90,69.20
29.34,29.34,36.04,72.56,67.73
28.17,28.17,36.10,70.44,68.36
29.84,29.84,35.14,70.92,67.22
28.84,28.84,35.78,71.33,67.44
28.46,28.46,35.39,71.38,68.16
26.65,26.65,34.07,69.82,67.90
30.81,30.81,34.26,71.46,67.73
30.76,30.76,34.68,70.03,66.94
28.26,28.26,33.73,68.04,67.52
24.65,24.65,35.44,68.61,67.41
24.58,24.58,35.32,69.81,67.81
25.65,25.65,37.23,68.51,67.20
26.00,26.00,37.76,69.31,68.81
24.96,24.96,38.56,68.90,68.79
26.75,26.75,41.16,66.40,68.45
27.75,27.75,41.77,63.57,69.51
30.76,30.76,44.38,66.74,67.94
34.77,34.77,45.74,68.16,66.91
33.84,33.84,47.17,65.76,64.32
29.80,29.80,48.17,67.98,64.20
30.04,30.04,49.85,66.73,66.17
31.90,31.90,47.82,65.29,67.41
29.76,29.76,47.66,65.30,67.51
31.00,31.00,47.59,65.84,66.23
28.88,28.88,48.57,65.08,65.18
31.12,31.12,49.92,66.78,66.26
28.18,28.18,48.26,68.77,66.61
24.20,24.20,46.25,64.30,65.60
26.04,26.04,46.64,65.72,66.13
24.46,24.46,47.38,63.11,66.17
27.08,27.08,47.52,56.30,64.66
29.74,29.74,47.56,61.70,65.18
23.12,23.12,44.02,69.80,65.32
25.12,25.12,40.77,71.40,65.79
21.01,21.01,39.22,78.40,66.26
19.90,19.90,37.46,78.55,70.98
23.00,23.00,36.68,79.07,70.37
28.08,28.08,38.09,78.80,70.67
27.40,27.40,39.10,79.03,70.67
27.40,27.40,39.37,78.93,72.24
28.23,28.23,40.97,78.53,72.54
28.94,28.94,40.17,78.99,71.35
30.32,30.32,42.62,78.10,71.30
26.93,26.93,40.63,78.87,70.56
27.43,27.43,39.92,78.46,70.17
23.86,23.86,38.77,78.88,69.98
22.21,22.21,37.88,79.26,69.66
21.25,21.25,37.51,78.43,70.14
17.48,17.48,37.89,78.06,70.10
17.66,17.66,35.76,77.67,69.31
17.58,17.58,35.80,78.16,70.59
15.86,15.86,36.75,77.39,71.32
16.06,16.06,37.97,78.14,72.03
18.95,18.95,39.03,77.42,71.57
18.05,18.05,37.52,77.94,70.20
19.47,19.47,39.64,78.26,72.10
20.16,20.16,40.53,77.93,68.73
21.90,21.90,42.65,77.84,69.55
22.91,22.91,43.09,77.12,68.73
22.66,22.66,42.24,77.27,70.05
23.83,23.83,42.75,77.00,68.91
24.05,24.05,40.57,77.05,69.71
18.75,18.75,36.38,76.78,68.72
17.08,17.08,33.11,76.97,70.62
14.16,14.16,32.05,76.84,76.40
15.71,15.71,33.47,76.86,77.42
16.08,16.08,34.46,77.35,77.71
18.36,18.36,34.05,76.74,76.43
21.42,21.42,35.34,75.79,76.17
19.22,19.22,35.30,76.38,76.71
20.18,20.18,35.27,75.88,75.50
20.01,20.01,37.70,76.07,75.82
18.33,18.33,36.81,75.33,67.10
16.19,16.19,37.07,75.64,66.96
17.78,17.78,39.85,75.71,66.05
28.76,28.76,40.76,75.33,64.29
42.69,42.69,40.17,69.87,64.27
54.73,54.73,40.25,54.74,66.36
69.40,69.40,36.81,51.94,67.53
68.44,68.44,30.27,53.33,65.18
76.58,76.58,21.64,65.67,67.00
79.70,79.70,26.58,77.77,69.30
80.44,80.44,16.15,77.54,69.00
79.27,79.27,24.67,77.30,67.51
76.09,76.09,26.83,77.43,70.15
73.21,73.21,19.77,77.27,67.81
73.10,73.10,36.55,77.45,68.14
69.80,69.80,39.03,75.83,69.18
71.11,71.11,43.55,77.51,67.76
71.45,71.45,50.11,76.63,69.44
72.04,72.04,42.80,75.85,68.58
71.44,71.44,46.08,76.83,69.56
72.03,72.03,52.03,75.50,67.19
70.20,70.20,44.18,76.34,68.78
70.72,70.72,37.68,75.19,66.58
78.19,78.19,25.28,75.84,65.05
84.70,84.70,30.07,75.97,68.91
84.88,84.88,31.10,74.70,65.55
84.38,84.38,30.87,76.89,65.28
83.34,83.34,29.97,74.60,66.55
83.13,83.13,29.37,75.97,65.79
81.51,81.51,30.23,75.13,64.86
82.59,82.59,24.98,74.23,66.75
76.72,76.72,23.53,75.32,67.73
77.69,77.69,23.63,74.32,65.57
78.44,78.44,30.01,75.10,65.24
76.97,76.97,35.20,74.15,68.36
77.75,77.75,38.24,74.59,66.05
77.79,77.79,29.65,75.08,64.29
78.55,78.55,25.65,73.17,71.05
76.99,76.99,30.84,74.94,74.75
76.53,76.53,27.20,73.94,75.84
75.87,75.87,23.32,73.88,76.22
73.24,73.24,34.13,73.55,76.52
74.75,74.75,35.05,73.57,76.37
74.37,74.37,38.71,74.65,76.78
73.72,73.72,44.77,71.78,77.29
74.22,74.22,46.24,74.24,75.00
73.66,73.66,34.47,73.45,75.20
69.72,69.72,24.37,72.07,75.68
67.58,67.58,28.49,73.43,74.72
70.29,70.29,33.09,72.63,75.61
70.22,70.22,33.56,73.74,75.95
67.48,67.48,33.00,71.02,75.19
63.28,63.28,29.00,73.45,75.77
68.55,68.55,25.79,72.88,75.90
77.12,77.12,29.59,70.66,76.70
85.66,85.66,26.84,73.31,76.94
81.84,81.84,25.01,71.75,77.17
80.71,80.71,29.00,71.47,76.33
79.58,79.58,27.98,71.54,77.00
81.64,81.64,28.69,71.45,76.75
82.66,82.66,27.68,72.98,76.56
83.43,83.43,25.58,69.95,76.41
83.05,83.05,26.10,72.09,76.60
81.65,81.65,27.30,70.99,76.54
84.11,84.11,27.42,70.17,76.98
78.95,78.95,27.26,71.14,76.04
65.83,65.83,33.24,71.21,75.79
62.96,62.96,28.59,73.19,75.44
65.55,65.55,26.34,69.33,75.61
62.34,62.34,26.59,71.41,75.47
58.99,58.99,26.82,71.32,74.96
62.38,62.38,29.71,69.44,75.51
67.83,67.83,32.17,71.44,71.68
65.48,65.48,35.38,69.91,67.79
72.01,72.01,33.47,70.22,68.87
73.65,73.65,31.07,69.44,70.06
74.15,74.15,28.12,69.87,69.71
72.30,72.30,23.83,70.65,69.50
76.52,76.52,26.25,66.64,68.70
83.03,83.03,28.77,64.95,68.93
81.48,81.48,26.38,58.88,67.74
82.52,82.52,26.53,69.21,67.91
84.61,84.61,27.60,69.00,67.83
84.29,84.29,30.44,70.61,67.87
80.24,80.24,28.99,71.19,66.79
79.30,79.30,28.59,71.92,64.37
82.98,82.98,31.40,72.49,66.22
83.67,83.67,32.55,71.24,63.94
83.66,83.66,30.49,71.58,64.34
83.83,83.83,30.79,71.59,65.94
83.20,83.20,32.11,70.81,65.40
83.95,83.95,31.59,71.10,63.13
83.06,83.06,34.25,71.65,63.02
82.36,82.36,34.54,72.29,64.64
81.17,81.17,33.89,71.84,64.04
81.57,81.57,28.56,69.91,63.77
80.87,80.87,26.88,72.77,66.31
71.94,71.94,23.45,72.66,64.64
75.10,75.10,28.49,70.92,65.83
80.83,80.83,31.86,71.27,67.60
82.06,82.06,32.09,70.82,68.99
82.63,82.63,27.03,70.59,68.74
82.46,82.46,27.77,70.29,67.11
84.66,84.66,26.54,71.87,67.53
82.18,82.18,28.44,71.89,65.42
77.06,77.06,28.30,72.07,64.77
75.30,75.30,30.13,70.53,64.71
77.44,77.44,33.09,71.14,66.65
75.37,75.37,30.86,71.74,67.16
77.30,77.30,28.05,71.52,68.54
73.68,73.68,25.46,70.80,67.23
70.24,70.24,21.75,69.91,67.99
65.22,65.22,19.34,70.11,77.33
62.43,62.43,13.46,69.25,74.20
57.59,57.59,12.36,70.41,74.68
59.28,59.28,13.16,71.28,75.10
62.12,62.12,14.07,71.19,75.25
62.50,62.50,13.56,69.85,75.43
63.42,63.42,12.71,70.33,74.52
53.70,53.70,12.47,70.40,75.43
58.03,58.03,12.55,70.22,74.84
56.79,56.79,14.54,69.93,73.92
63.61,63.61,15.03,69.85,71.89
52.95,52.95,17.11,66.43,67.23
54.64,54.64,17.82,64.79,66.52
60.54,60.54,17.97,59.69,68.06
52.99,52.99,13.18,70.39,67.27
52.84,52.84,8.90,72.37,66.93
56.84,56.84,7.50,78.37,70.64
52.43,52.43,11.25,79.87,68.92
53.56,53.56,14.44,79.60,69.12
56.54,56.54,15.28,79.64,71.52
49.68,49.68,19.54,79.11,66.07
49.51,49.51,22.69,78.52,69.98
51.63,51.63,21.52,78.98,68.34
52.31,52.31,23.92,79.71,68.96
54.84,54.84,23.33,77.89,68.60
53.61,53.61,21.94,78.85,66.74
54.46,54.46,21.02,78.39,68.83
50.80,50.80,22.15,78.03,66.27
50.84,50.84,20.13,76.99,68.63
45.05,45.05,18.94,78.65,67.49
45.12,45.12,17.94,77.67,65.15
47.23,47.23,17.58,76.87,66.46
47.00,47.00,15.58,77.55,67.69
50.28,50.28,17.79,77.50,69.49
50.75,50.75,20.97,76.24,67.89
51.76,51.76,22.20,77.22,68.86
46.76,46.76,19.56,77.59,69.40
44.74,44.74,20.02,75.56,68.47
45.35,45.35,21.09,76.47,70.04
48.48,48.48,21.42,76.51,69.45
48.66,48.66,23.27,76.56,68.67
45.70,45.70,24.29,75.34,68.27
39.30,39.30,23.67,76.89,67.07
38.30,38.30,18.11,76.00,69.42
34.42,34.42,16.53,74.79,67.26
30.23,30.23,16.57,75.67,69.49
31.53,31.53,14.26,75.90,71.79
30.11,30.11,16.58,74.68,71.95
28.21,28.21,24.89,75.60,72.47
26.79,26.79,26.79,75.73,71.37
24.75,24.75,26.13,73.33,70.99
25.77,25.77,22.63,74.44,70.95
26.46,26.46,17.96,74.65,71.22
26.80,26.80,23.58,74.73,70.45
29.07,29.07,23.49,73.52,70.17
28.56,28.56,19.30,75.01,70.41
31.92,31.92,19.69,74.08,69.62
32.71,32.71,21.19,72.56,68.13
31.57,31.57,19.59,73.67,69.19
32.16,32.16,22.25,73.99,68.07
29.39,29.39,23.49,72.85,68.24
31.08,31.08,23.97,73.72,67.17
25.94,25.94,24.72,73.87,66.36
29.86,29.86,26.60,71.58,68.58
26.05,26.05,27.40,72.42,67.72
28.36,28.36,24.08,72.94,69.81
26.93,26.93,24.51,72.97,68.78
26.67,26.67,25.66,71.53,69.24
29.56,29.56,28.16,73.04,69.09
31.71,31.71,30.95,71.98,69.34
30.74,30.74,31.39,69.70,68.71
32.29,32.29,31.68,71.43,68.54
30.80,30.80,34.36,71.07,68.65
29.92,29.92,32.90,69.94,66.19
31.38,31.38,34.58,70.50,64.07
30.14,30.14,31.85,71.19,63.42
25.13,25.13,30.83,68.80,62.00
24.71,24.71,31.24,69.32,62.47
20.99,20.99,29.83,70.69,61.25
21.56,21.56,30.25,70.73,61.96
24.68,24.68,32.02,69.59,61.03
26.12,26.12,35.55,70.69,60.61
27.93,27.93,34.66,69.80,60.27
30.69,30.69,35.16,67.44,60.37
31.17,31.17,34.01,69.65,60.59
33.98,33.98,31.86,70.90,59.36
35.80,35.80,30.44,69.20,57.84
31.00,31.00,28.35,66.56,57.38
26.81,26.81,22.62,57.00,56.22
20.40,20.40,24.27,67.33,62.20
12.56,12.56,24.63,71.45,69.78
8.76,8.76,23.01,76.06,72.63
15.97,15.97,24.20,76.92,71.58
20.44,20.44,23.20,77.37,71.83
23.56,23.56,26.34,77.12,72.41
26.81,26.81,28.62,76.09,72.18
27.74,27.74,30.30,76.82,72.08
26.66,26.66,30.74,75.97,71.72
28.54,28.54,30.15,76.58,71.19
29.42,29.42,29.56,75.68,71.03
29.12,29.12,29.23,76.28,71.92
26.74,26.74,25.05,76.02,71.44
24.29,24.29,22.62,76.44,71.06
13.42,13.42,19.48,76.28,70.66
6.81,6.81,19.59,75.45,70.72
2.39,2.39,17.90,75.92,71.49
4.49,4.49,16.16,74.74,70.12
11.94,11.94,17.17,75.84,72.28
16.70,16.70,20.34,74.58,70.97
20.37,20.37,26.30,75.56,70.76
23.24,23.24,28.32,74.73,70.66
22.67,22.67,26.44,75.51,69.93
22.57,22.57,27.48,75.13,71.92
25.94,25.94,26.60,75.52,69.31
26.39,26.39,26.63,75.36,71.08
25.96,25.96,29.96,74.18,68.98
24.45,24.45,27.37,75.21,71.88
18.84,18.84,21.64,73.62,70.71
15.57,15.57,24.03,75.05,70.01
12.83,12.83,22.91,73.75,73.24
16.87,16.87,26.90,74.89,78.76
19.65,19.65,29.24,73.96,79.20
20.84,20.84,29.41,74.51,78.77
23.77,23.77,27.54,74.49,78.62
25.71,25.71,23.34,74.12,78.11
26.40,26.40,14.65,74.31,78.14
28.81,28.81,14.81,73.21,77.35
35.79,35.79,26.77,74.03,78.73
43.84,43.84,41.38,73.20,77.31
56.39,56.39,26.27,74.25,68.07
65.45,65.45,22.12,69.85,65.98
68.67,68.67,19.97,65.15,66.73
72.37,72.37,18.85,64.89,65.89
68.38,68.38,19.94,68.86,66.72
73.61,73.61,31.89,73.47,66.89
79.71,79.71,42.57,76.99,66.13
80.26,80.26,39.00,78.37,66.65
79.40,79.40,37.97,76.54,68.85
79.17,79.17,35.08,76.93,68.55
77.49,77.49,33.67,76.70,66.93
75.55,75.55,31.89,76.74,67.30
68.46,68.46,34.55,77.18,67.51
68.65,68.65,36.44,76.14,67.94
70.32,70.32,43.90,78.03,67.51
70.67,70.67,44.01,75.79,68.73
70.62,70.62,49.62,76.56,67.79
69.18,69.18,51.22,76.96,68.40
68.65,68.65,47.73,75.77,67.84
66.06,66.06,37.96,76.41,65.56
71.89,71.89,29.27,75.90,65.04
76.76,76.76,30.19,76.22,62.16
77.54,77.54,29.37,75.60,65.72
79.01,79.01,27.86,75.67,64.97
76.78,76.78,27.97,77.10,66.91
73.58,73.58,30.24,74.88,65.65
65.92,65.92,33.35,75.77,65.79
58.93,58.93,30.79,75.37,67.51
57.68,57.68,35.12,74.97,67.64
56.79,56.79,30.98,75.35,67.64
58.85,58.85,28.35,75.20,68.04
64.49,64.49,30.34,76.28,68.53
76.55,76.55,40.19,74.53,68.65
76.87,76.87,33.87,75.10,65.79
74.40,74.40,24.05,75.01,64.75
76.65,76.65,33.40,73.70,68.35
81.73,81.73,28.65,74.89,78.31
82.96,82.96,27.01,74.68,77.16
81.47,81.47,34.49,74.76,77.72
80.25,80.25,36.57,74.05,77.46
81.49,81.49,33.46,74.18,77.33
80.07,80.07,36.97,75.51,77.99
71.17,71.17,24.10,72.63,78.28
65.86,65.86,22.57,74.29,77.71
64.40,64.40,20.69,73.78,76.33
60.04,60.04,20.71,73.09,76.02
65.76,65.76,31.67,73.45,74.71
74.81,74.81,38.68,73.10,72.27
76.49,76.49,25.70,74.30,72.48
74.47,74.47,20.62,71.73,73.73
70.22,70.22,18.22,73.24,74.49
82.46,82.46,26.91,73.27,74.78
80.97,80.97,22.84,71.18,75.61
80.29,80.29,22.98,73.03,74.45
80.69,80.69,26.79,71.99,74.79
70.05,70.05,22.69,71.94,74.73
61.84,61.84,17.87,70.99,73.72
64.12,64.12,22.21,71.62,71.88
73.24,73.24,30.78,73.05,72.08
76.27,76.27,29.17,69.46,73.89
74.22,74.22,24.10,72.54,74.38
62.92,62.92,21.46,71.39,73.69
61.90,61.90,17.17,69.57,74.80
65.06,65.06,20.54,71.37,75.01
63.72,63.72,17.52,71.19,76.02
63.36,63.36,14.71,72.77,75.09
60.73,60.73,19.92,67.65,74.86
55.89,55.89,20.53,71.41,75.09
56.79,56.79,16.81,71.81,75.44
59.92,59.92,27.62,68.68,72.95
66.12,66.12,31.40,70.88,70.36
68.79,68.79,24.96,71.20,68.92
75.00,75.00,27.84,70.29,68.20
79.22,79.22,33.49,69.32,69.78
80.34,80.34,32.64,71.12,68.63
80.93,80.93,35.67,71.96,69.22
83.00,83.00,30.81,69.79,69.78
82.83,82.83,30.22,72.00,69.15
82.60,82.60,33.79,70.94,69.71
82.43,82.43,33.67,67.86,68.66
81.05,81.05,32.00,71.33,69.38
75.66,75.66,28.37,73.95,70.26
74.75,74.75,27.55,73.29,66.46
69.15,69.15,25.90,72.73,67.08
68.13,68.13,26.04,71.25,67.25
64.67,64.67,25.36,71.88,68.55
63.91,63.91,28.48,70.54,70.11
66.59,66.59,29.61,70.36,68.54
64.99,64.99,37.71,71.50,66.94
61.49,61.49,40.76,72.06,68.01
60.33,60.33,40.89,72.00,65.68
60.01,60.01,34.05,70.95,69.12
60.13,60.13,28.87,70.87,68.40
57.97,57.97,24.75,71.06,67.16
56.81,56.81,22.59,70.77,65.78
56.34,56.34,28.56,69.86,67.82
53.96,53.96,33.46,68.45,69.49
55.61,55.61,34.15,69.59,69.70
53.58,53.58,35.67,69.62,72.22
52.01,52.01,33.84,70.96,71.09
49.85,49.85,30.85,71.94,71.51
47.77,47.77,26.38,71.96,72.24
51.22,51.22,25.64,71.15,72.26
50.90,50.90,25.39,70.98,72.09
52.25,52.25,22.75,72.09,70.86
53.74,53.74,26.85,71.96,70.81
58.85,58.85,31.87,71.12,70.65
74.53,74.53,38.59,70.93,69.98
75.96,75.96,35.85,71.16,67.20
75.32,75.32,33.11,70.67,67.52
72.37,72.37,20.35,69.84,72.86
81.45,81.45,28.18,71.24,79.03
79.64,79.64,31.86,71.77,77.09
77.02,77.02,33.40,71.95,77.43
80.18,80.18,29.94,70.09,75.80
69.55,69.55,22.40,71.49,75.23
60.14,60.14,21.92,71.35,74.19
65.93,65.93,26.41,70.71,74.22
71.79,71.79,24.15,69.99,75.49
75.89,75.89,24.80,70.18,74.35
73.39,73.39,21.53,70.51,74.29
64.29,64.29,16.32,68.98,74.75
63.07,63.07,22.12,70.48,74.31
67.49,67.49,27.47,62.18,70.26
64.87,64.87,29.16,60.04,66.65
67.63,67.63,23.36,68.70,66.51
66.71,66.71,24.63,72.53,68.65
63.01,63.01,20.32,76.22,70.54
60.79,60.79,16.75,76.79,71.59
63.53,63.53,37.37,76.64,70.37
64.21,64.21,32.27,76.48,71.31
69.32,69.32,23.79,76.86,70.19
76.32,76.32,24.76,75.25,67.29
78.60,78.60,31.80,75.97,69.28
80.94,80.94,32.18,75.58,65.06
81.75,81.75,34.76,77.62,70.10
81.14,81.14,32.58,75.84,64.37
79.80,79.80,38.55,77.04,65.85
81.24,81.24,35.37,75.44,65.97
82.16,82.16,34.92,75.43,62.70
81.61,81.61,32.81,74.97,66.39
79.65,79.65,36.40,76.51,67.10
80.53,80.53,34.47,76.40,69.06
81.20,81.20,35.26,75.18,65.80
79.29,79.29,34.79,75.50,65.72
79.66,79.66,30.98,74.64,65.42
80.72,80.72,33.21,75.40,67.59
80.55,80.55,30.94,74.54,68.28
78.70,78.70,32.24,75.96,69.02
77.68,77.68,33.06,74.48,68.81
75.10,75.10,29.26,75.21,65.06
74.27,74.27,32.01,74.48,66.32
72.94,72.94,35.13,74.17,64.92
71.66,71.66,30.05,73.69,65.04
72.98,72.98,31.95,75.02,67.16
74.47,74.47,33.41,74.45,66.43
75.89,75.89,31.55,73.52,71.64
78.38,78.38,32.37,73.93,71.67
77.11,77.11,32.13,73.56,73.08
77.42,77.42,32.29,73.54,72.98
73.64,73.64,30.62,73.26,70.69
77.17,77.17,30.02,74.44,71.78
73.82,73.82,29.39,72.38,71.87
70.83,70.83,32.91,73.39,71.02
71.80,71.80,39.77,72.53,71.37
69.88,69.88,40.11,73.35,72.52
69.29,69.29,44.90,72.15,72.22
71.41,71.41,49.74,73.76,72.67
71.66,71.66,40.13,72.04,72.77
72.27,72.27,46.32,72.06,71.72
68.24,68.24,44.85,71.69,71.91
77.05,77.05,32.36,71.89,72.63
77.82,77.82,33.03,71.18,70.49
78.78,78.78,31.93,72.07,69.07
79.26,79.26,30.28,71.81,71.35
78.27,78.27,32.58,69.83,68.75
80.52,80.52,35.73,70.48,69.39
82.70,82.70,32.22,70.98,69.43
81.11,81.11,33.16,71.22,68.95
80.24,80.24,30.64,70.32,68.07
78.23,78.23,25.91,71.62,70.09
72.14,72.14,32.80,69.64,70.82
72.43,72.43,34.96,69.87,67.28
74.85,74.85,33.76,69.28,68.64
71.06,71.06,38.58,70.70,68.53
66.16,66.16,28.47,70.07,67.21
68.59,68.59,22.80,70.55,66.86
69.27,69.27,22.45,70.70,67.87
77.40,77.40,32.13,68.31,69.24
79.43,79.43,32.49,68.81,69.30
77.98,77.98,35.36,69.31,68.06
77.36,77.36,35.12,69.56,69.83
77.74,77.74,32.18,68.42,66.22
82.29,82.29,28.61,69.98,63.85
82.16,82.16,29.07,67.67,61.74
81.87,81.87,26.29,66.86,59.17
81.89,81.89,26.22,66.00,59.70
80.16,80.16,29.75,68.59,59.31
77.49,77.49,35.23,67.71,60.47
80.41,80.41,36.18,65.31,62.43
80.58,80.58,38.60,60.15,64.81
79.44,79.44,33.87,68.66,63.48
80.35,80.35,33.69,75.66,62.74
80.18,80.18,32.34,77.90,63.94
79.08,79.08,34.14,78.97,65.49
80.23,80.23,32.81,78.77,65.09
80.60,80.60,28.59,78.41,65.41
76.45,76.45,25.45,77.98,63.71
79.21,79.21,26.70,78.50,63.35
82.03,82.03,24.88,76.66,57.10
80.35,80.35,25.61,78.27,60.09
79.28,79.28,30.23,76.60,59.12
79.76,79.76,28.54,77.70,61.30
79.75,79.75,29.36,77.01,62.27
76.67,76.67,30.80,77.17,60.64
78.34,78.34,28.87,77.06,60.71
78.80,78.80,32.35,77.41,60.67
77.99,77.99,33.04,77.17,62.27
76.36,76.36,34.86,75.56,66.94
74.30,74.30,34.19,76.86,67.46
73.01,73.01,36.90,74.62,65.81
75.90,75.90,35.63,76.65,66.27
77.24,77.24,33.73,73.69,67.95
77.85,77.85,34.23,76.20,70.34
78.37,78.37,33.16,74.23,66.42
78.52,78.52,36.08,75.55,68.10
77.58,77.58,35.58,75.05,66.39
76.48,76.48,33.69,74.10,66.94
72.89,72.89,33.53,74.99,67.47
66.96,66.96,30.89,72.83,66.82
57.83,57.83,24.56,75.36,68.42
61.07,61.07,20.88,72.37,75.54
64.21,64.21,17.31,74.81,78.70
63.78,63.78,14.51,71.57,78.32
60.21,60.21,17.61,74.36,79.04
53.86,53.86,16.93,73.03,78.68
50.23,50.23,16.02,73.46,78.43
53.99,53.99,16.46,73.52,78.87
54.93,54.93,13.87,72.17,77.02
50.56,50.56,13.23,73.52,77.28
59.45,59.45,13.01,70.89,71.85
60.12,60.12,10.93,74.18,71.37
54.33,54.33,12.61,71.24,71.05
51.19,51.19,16.50,73.43,67.83
48.94,48.94,15.85,67.03,64.26
43.71,43.71,22.00,58.03,65.98
33.05,33.05,22.77,67.96,66.91
19.99,19.99,28.91,71.92,68.65
16.56,16.56,30.46,76.51,68.42
25.60,25.60,34.41,77.18,71.66
32.44,32.44,31.79,76.42,70.16
37.88,37.88,29.16,78.02,69.63
37.96,37.96,28.46,76.41,69.10
39.36,39.36,27.56,76.56,69.35
40.25,40.25,27.81,77.13,67.85
41.94,41.94,31.42,76.02,67.23
45.09,45.09,27.94,76.26,69.26
48.71,48.71,27.35,76.17,67.83
54.77,54.77,23.30,76.59,68.74
64.83,64.83,28.83,75.88,66.29
70.42,70.42,30.68,75.64,68.82
78.11,78.11,30.88,76.48,69.89
77.60,77.60,30.25,75.12,69.68
77.85,77.85,30.32,75.86,69.07
78.29,78.29,31.25,75.90,68.75
79.57,79.57,32.14,75.65,69.15
72.25,72.25,26.05,75.32,69.35
62.71,62.71,21.49,75.44,68.13
60.00,60.00,21.29,76.68,68.77
58.84,58.84,18.50,74.64,68.43
58.17,58.17,20.50,75.25,69.49
73.42,73.42,38.77,75.46,68.77
69.90,69.90,33.41,74.35,69.23
72.90,72.90,28.66,74.88,67.10
71.32,71.32,20.32,75.00,67.90
74.33,74.33,17.24,75.01,69.37
71.98,71.98,29.89,73.64,75.17
75.53,75.53,48.15,74.46,74.81
76.06,76.06,45.90,74.75,74.46
75.24,75.24,41.31,72.64,76.20
76.92,76.92,45.64,74.10,75.71
74.46,74.46,41.51,73.25,75.44
76.91,76.91,43.01,72.55,75.10
75.65,75.65,38.45,72.64,75.76
74.09,74.09,40.69,72.50,75.66
73.60,73.60,24.63,74.00,74.91
75.92,75.92,24.65,70.22,75.20
78.13,78.13,26.39,73.01,74.76
78.43,78.43,28.38,72.61,74.43
79.06,79.06,32.77,70.57,73.89
78.04,78.04,30.79,71.14,74.02
79.20,79.20,33.08,71.28,74.49
81.13,81.13,31.55,71.59,76.32
80.71,80.71,30.37,68.31,76.63
78.41,78.41,32.30,70.61,75.37
78.29,78.29,32.89,70.96,75.61
78.07,78.07,35.87,65.68,75.16
77.39,77.39,33.96,69.76,74.81
76.76,76.76,31.51,69.62,74.69
76.34,76.34,30.47,68.60,74.07
76.02,76.02,28.92,67.30,73.50
76.04,76.04,31.21,69.86,72.52
75.26,75.26,32.23,70.28,72.16
74.22,74.22,31.18,64.08,66.91
65.96,65.96,23.39,70.58,59.39
71.49,71.49,25.78,70.61,63.67
72.82,72.82,23.78,65.85,63.60
74.07,74.07,29.07,66.87,63.65
77.49,77.49,36.61,69.48,64.98
75.24,75.24,37.74,69.98,61.14
76.42,76.42,40.88,67.01,63.47
75.54,75.54,40.14,70.31,62.98
76.64,76.64,34.99,69.97,64.19
74.95,74.95,39.77,67.79,63.75
72.45,72.45,26.81,69.29,62.61
76.56,76.56,20.06,69.27,64.55
83.40,83.40,27.04,68.13,61.04
80.91,80.91,30.09,61.16,59.54
80.26,80.26,33.40,50.97,58.40
79.59,79.59,33.95,65.96,60.21
79.98,79.98,34.14,71.55,63.78
80.35,80.35,35.11,72.90,59.57
81.03,81.03,31.27,73.46,57.18
81.26,81.26,31.66,72.73,61.55
81.81,81.81,31.91,71.63,60.47
81.06,81.06,32.48,71.07,61.01
79.03,79.03,32.89,71.67,59.96
79.00,79.00,33.87,71.23,57.62
79.81,79.81,31.73,71.56,55.13
77.63,77.63,29.68,71.47,57.37
70.98,70.98,21.08,70.76,57.83
66.18,66.18,20.08,69.49,57.39
67.24,67.24,18.78,71.34,59.02
67.95,67.95,20.03,71.18,58.76
71.61,71.61,29.57,70.46,55.84
73.69,73.69,28.99,67.71,55.52
73.76,73.76,26.16,68.00,55.18
79.27,79.27,28.40,69.98,54.99
80.63,80.63,35.45,69.73,58.49
80.78,80.78,35.39,70.08,57.69
82.12,82.12,36.99,70.11,59.50
80.74,80.74,37.32,71.11,59.76
80.65,80.65,39.74,69.94,58.41
79.25,79.25,35.16,69.81,58.10
73.67,73.67,31.17,70.63,59.10
71.24,71.24,30.99,70.08,60.55
72.26,72.26,30.54,68.02,62.02
70.78,70.78,29.50,67.38,59.22
72.90,72.90,27.83,67.97,60.70
72.26,72.26,26.94,68.18,63.05
78.41,78.41,30.48,67.55,70.35
83.35,83.35,27.89,68.89,73.07
81.81,81.81,29.35,68.88,72.92
78.88,78.88,28.75,69.21,72.82
76.70,76.70,28.42,66.92,72.26
65.82,65.82,23.13,68.54,72.41
60.24,60.24,17.46,69.12,72.96
60.07,60.07,15.75,68.18,72.07
58.55,58.55,11.56,65.70,72.87
52.48,52.48,11.32,68.25,68.08
53.53,53.53,17.59,68.24,61.66
53.18,53.18,16.89,67.76,59.82
56.38,56.38,15.83,69.07,61.05
57.39,57.39,16.20,66.72,57.68
59.72,59.72,15.32,59.72,53.95
68.86,68.86,17.44,65.67,54.59
75.57,75.57,21.17,73.64,55.86
76.30,76.30,21.41,74.26,57.89
68.80,68.80,21.45,73.48,56.85
68.63,68.63,24.06,75.65,60.99
70.09,70.09,26.37,74.91,60.23
67.63,67.63,26.06,75.79,64.43
70.98,70.98,24.24,74.86,60.33
83.52,83.52,25.33,74.12,64.22
77.04,77.04,26.58,74.66,62.26
76.95,76.95,27.38,74.77,62.32
82.72,82.72,27.49,75.62,63.93
83.37,83.37,27.04,74.04,61.01
82.69,82.69,27.45,75.06,64.14
82.64,82.64,26.99,73.16,62.38
82.17,82.17,25.79,74.45,60.22
82.25,82.25,22.30,73.83,61.44
81.70,81.70,17.51,75.70,64.07
82.15,82.15,16.49,73.95,66.16
80.03,80.03,20.79,74.51,67.35
80.76,80.76,22.51,74.09,65.67
85.21,85.21,25.10,73.34,65.72
78.82,78.82,29.90,73.72,66.39
81.89,81.89,33.75,73.71,67.01
79.64,79.64,31.60,74.52,67.26
79.03,79.03,27.89,72.92,66.39
77.45,77.45,24.43,73.51,65.23
68.12,68.12,21.11,72.48,63.39
67.58,67.58,27.08,73.00,61.72
70.68,70.68,29.44,72.07,64.23
73.61,73.61,38.44,73.71,62.74
74.16,74.16,28.05,72.24,65.95
73.23,73.23,19.35,72.72,68.87
72.68,72.68,22.47,72.48,70.39
72.83,72.83,26.80,72.11,71.40
75.14,75.14,24.52,71.73,71.21
73.81,73.81,26.24,72.36,71.98
72.88,72.88,16.10,72.72,71.11
72.36,72.36,11.30,70.99,70.74
74.03,74.03,13.24,71.53,72.01
75.11,75.11,13.99,71.06,71.40
75.85,75.85,14.96,71.76,71.50
76.41,76.41,14.17,70.51,71.27
75.96,75.96,15.54,72.01,71.45
76.30,76.30,12.97,70.10,68.72
75.03,75.03,14.61,70.36,67.80
76.18,76.18,23.78,69.65,69.45
76.72,76.72,24.97,70.67,69.42
78.15,78.15,25.51,69.83,69.18
78.96,78.96,23.93,70.42,69.40
78.31,78.31,29.08,69.83,67.04
78.41,78.41,30.30,69.38,66.50
77.59,77.59,30.15,68.67,67.55
76.64,76.64,25.08,69.30,66.54
75.79,75.79,27.22,69.89,65.85
74.44,74.44,21.07,68.46,64.44
65.44,65.44,16.01,70.01,66.44
57.67,57.67,15.60,68.37,65.50
51.76,51.76,23.23,67.95,65.03
52.10,52.10,27.53,65.87,67.04
51.95,51.95,31.89,67.34,67.03
54.88,54.88,28.39,68.18,66.71
55.01,55.01,21.38,67.53,66.92
54.04,54.04,15.59,68.29,67.01
54.78,54.78,15.65,65.93,66.42
67.19,67.19,30.14,65.83,66.01
73.49,73.49,26.94,66.74,64.97
77.55,77.55,23.04,66.03,58.58
71.76,71.76,17.47,65.07,55.21
73.25,73.25,13.86,67.44,54.77
81.61,81.61,15.98,65.30,51.27
77.65,77.65,22.57,63.36,60.98
78.58,78.58,26.54,64.31,60.48
83.56,83.56,25.96,64.21,60.28
83.54,83.54,22.35,66.45,59.71
83.72,83.72,20.50,72.49,56.31
83.61,83.61,20.42,76.77,56.32
83.85,83.85,20.17,78.04,53.74
83.05,83.05,20.60,76.82,55.91
82.20,82.20,18.80,77.84,57.71
81.21,81.21,20.92,75.64,57.76
79.59,79.59,23.99,77.58,56.29
79.34,79.34,23.98,75.35,57.40
78.66,78.66,24.02,76.96,55.61
77.57,77.57,21.00,75.22,54.78
74.98,74.98,24.43,76.34,57.64
74.61,74.61,21.88,75.56,55.68
74.97,74.97,20.38,75.91,55.71
74.94,74.94,15.94,76.39,54.79
75.17,75.17,14.30,73.71,54.71
70.61,70.61,11.40,76.62,56.82
64.31,64.31,8.02,72.79,62.08
61.28,61.28,8.26,76.35,68.50
61.61,61.61,9.46,73.49,69.89
62.44,62.44,11.44,75.37,71.83
65.19,65.19,16.48,74.41,71.80
60.90,60.90,23.98,74.43,72.41
56.74,56.74,28.33,74.29,71.66
55.63,55.63,27.06,73.53,71.85
52.68,52.68,29.99,75.57,71.90
51.58,51.58,26.86,71.73,72.79
54.10,54.10,28.13,75.46,72.92
56.30,56.30,26.74,71.67,71.11
49.53,49.53,22.65,75.04,71.65
54.42,54.42,23.26,72.60,71.54
65.72,65.72,24.21,73.48,73.70
66.84,66.84,21.18,72.56,78.29
56.50,56.50,18.33,73.43,77.64
58.64,58.64,23.28,73.75,78.29
57.19,57.19,26.80,70.94,77.01
58.54,58.54,26.80,73.55,77.41
58.92,58.92,26.44,70.23,77.13
60.56,60.56,21.95,73.92,77.83
61.74,61.74,21.79,70.56,78.79
65.57,65.57,22.33,73.61,76.85
66.41,66.41,19.83,72.17,76.97
64.01,64.01,16.13,73.23,74.92
58.07,58.07,13.34,73.49,74.21
56.74,56.74,16.82,71.80,73.04
54.25,54.25,19.85,68.48,74.88
53.35,53.35,24.60,58.73,75.47
52.66,52.66,25.37,61.45,76.13
53.99,53.99,23.53,71.69,74.59
52.50,52.50,20.03,70.71,73.02
52.90,52.90,19.19,77.39,78.44
53.67,53.67,16.17,77.41,81.04
55.00,55.00,17.75,75.75,79.61
58.10,58.10,21.24,77.35,79.84
54.04,54.04,21.53,76.16,79.31
56.27,56.27,23.15,76.46,77.96
56.36,56.36,25.88,75.70,77.27
55.50,55.50,25.45,76.39,76.17
59.41,59.41,20.42,76.09,75.04
59.94,59.94,19.08,75.20,76.44
61.23,61.23,20.96,76.94,77.06
66.76,66.76,22.82,74.38,75.76
72.72,72.72,26.49,76.60,76.23
75.35,75.35,27.84,76.77,76.25
73.50,73.50,30.86,75.20,76.16
71.05,71.05,33.41,75.30,77.04
68.95,68.95,36.43,75.29,74.51
76.70,76.70,35.04,75.09,73.72
76.81,76.81,29.79,74.49,73.53
78.10,78.10,26.99,75.12,74.33
75.57,75.57,25.98,76.13,75.88
76.36,76.36,23.65,73.81,74.14
82.48,82.48,26.31,74.68,72.14
79.01,79.01,26.04,74.96,72.66
79.48,79.48,25.30,74.19,73.01
82.83,82.83,25.10,74.28,71.72
83.39,83.39,27.89,74.53,71.99
82.87,82.87,27.34,75.12,76.79
82.19,82.19,28.16,73.21,76.64
82.80,82.80,28.41,74.95,77.24
82.71,82.71,31.41,74.54,78.02
80.59,80.59,32.66,72.72,76.62
80.58,80.58,33.76,73.30,77.91
79.14,79.14,34.83,73.62,77.98
76.68,76.68,34.76,73.36,76.54
69.89,69.89,28.62,72.25,75.52
69.26,69.26,23.02,73.31,75.63
69.92,69.92,20.45,74.02,75.09
70.49,70.49,19.12,71.16,74.25
68.92,68.92,19.27,73.69,73.65
72.71,72.71,21.43,72.78,72.76
68.72,68.72,25.89,71.25,71.92
79.16,79.16,30.21,71.81,71.70
78.96,78.96,32.05,72.05,71.19
80.62,80.62,32.14,73.09,69.56
83.66,83.66,31.85,69.64,72.15
82.66,82.66,32.27,72.36,72.84
83.05,83.05,36.04,71.60,71.70
82.38,82.38,36.10,69.23,73.51
79.38,79.38,34.70,71.65,74.22
72.47,72.47,30.53,70.71,74.43
73.86,73.86,38.04,71.11,73.80
74.98,74.98,34.49,69.05,73.56
79.07,79.07,33.17,71.09,75.20
78.01,78.01,31.71,71.55,75.03
78.00,78.00,29.30,68.17,75.23
78.15,78.15,26.87,71.78,75.85
76.87,76.87,29.48,70.43,75.64
77.39,77.39,28.00,70.23,74.03
77.03,77.03,28.43,69.00,69.28
76.17,76.17,26.79,70.04,62.14
76.71,76.71,33.75,70.96,60.76
78.44,78.44,28.91,67.58,62.01
82.72,82.72,28.46,70.85,61.60
82.34,82.34,28.52,70.36,59.14
82.20,82.20,26.61,69.67,56.34
82.04,82.04,27.34,69.82,60.87
80.43,80.43,28.18,70.68,61.56
76.68,76.68,30.60,66.25,62.63
78.65,78.65,32.65,59.08,63.85
73.90,73.90,29.55,58.52,62.72
74.60,74.60,27.11,65.89,61.98
74.23,74.23,26.30,74.67,61.55
73.40,73.40,21.60,74.99,66.18
72.28,72.28,15.78,72.67,68.03
69.36,69.36,10.33,72.17,69.67
66.99,66.99,13.21,71.63,70.00
60.99,60.99,17.79,73.13,70.43
57.52,57.52,19.22,73.31,67.41
60.30,60.30,19.05,73.77,68.22
58.36,58.36,20.63,73.62,68.41
59.59,59.59,24.24,72.96,67.33
57.15,57.15,25.81,72.45,69.59
52.39,52.39,20.59,73.61,66.56
52.58,52.58,12.66,73.27,67.38
51.63,51.63,6.99,72.58,67.02
51.87,51.87,3.83,71.92,70.62
50.06,50.06,6.71,69.85,72.75
50.00,50.00,7.89,70.32,74.68
49.72,49.72,6.61,71.02,72.99
47.40,47.40,7.55,71.79,73.50
47.28,47.28,8.67,71.89,73.76
49.41,49.41,10.87,71.37,73.53
51.06,51.06,14.26,70.23,73.05
51.01,51.01,19.57,71.50,71.62
55.59,55.59,20.17,71.68,73.23
54.94,54.94,24.06,71.64,71.57
53.40,53.40,22.55,71.19,72.24
45.90,45.90,17.63,69.86,69.58
40.26,40.26,12.89,70.16,70.81
34.84,34.84,9.70,69.99,69.78
20.52,20.52,6.94,71.49,71.38
2.00,2.00,7.46,71.54,79.27
14.96,14.96,6.60,71.46,77.64
29.57,29.57,6.16,70.45,77.29
35.55,35.55,9.19,69.96,77.67
37.75,37.75,9.36,71.59,77.45
37.14,37.14,10.13,70.25,77.29
35.86,35.86,11.10,68.80,76.00
35.94,35.94,13.18,73.02,76.17
35.83,35.83,14.32,74.49,76.15
37.14,37.14,12.21,77.04,76.35
33.30,33.30,9.11,73.52,76.68
35.65,35.65,11.31,76.06,76.19
35.44,35.44,10.08,74.78,75.48
37.31,37.31,4.23,73.95,74.47
40.19,40.19,4.36,73.63,70.00
42.78,42.78,9.49,71.97,68.19
48.35,48.35,11.72,70.87,68.89
64.61,64.61,23.44,73.06,68.43
73.12,73.12,33.97,75.92,72.16
75.24,75.24,35.93,77.56,72.51
75.83,75.83,40.03,76.26,72.42
74.30,74.30,39.33,74.82,72.44
77.28,77.28,38.38,76.87,72.55
76.60,76.60,33.64,77.02,70.51
75.90,75.90,40.51,75.38,69.88
74.61,74.61,35.75,76.81,72.15
71.32,71.32,34.08,76.37,69.11
65.00,65.00,28.23,74.73,70.22
71.85,71.85,39.58,75.11,67.90
77.35,77.35,42.34,75.91,67.22
79.16,79.16,44.45,75.40,68.83
79.53,79.53,45.84,74.73,68.05
82.23,82.23,43.63,76.11,67.45
83.12,83.12,37.59,75.54,65.30
77.94,77.94,32.87,73.51,66.63
76.60,76.60,31.55,75.34,69.34
76.57,76.57,30.19,75.82,68.40
78.79,78.79,25.77,74.24,69.55
77.08,77.08,23.63,75.25,68.34
76.57,76.57,25.58,75.47,68.24
78.09,78.09,24.33,74.25,68.19
77.04,77.04,18.31,73.18,68.50
78.03,78.03,25.82,74.93,71.18
76.45,76.45,25.11,74.62,70.55
76.18,76.18,25.84,73.21,71.47
74.74,74.74,31.15,74.80,73.28
76.71,76.71,30.25,73.96,72.70
76.62,76.62,32.79,72.51,71.71
76.04,76.04,32.67,73.94,72.81
78.07,78.07,30.27,73.98,72.14
79.79,79.79,31.00,72.44,71.23
80.49,80.49,28.30,73.42,71.83
77.48,77.48,27.49,73.61,69.82
74.40,74.40,30.06,72.31,70.56
68.86,68.86,31.72,71.64,71.80
67.22,67.22,27.04,72.91,73.29
65.77,65.77,22.16,72.66,73.68
73.97,73.97,35.91,70.84,73.57
75.64,75.64,41.05,72.47,71.84
75.04,75.04,33.51,72.12,73.98
68.63,68.63,26.43,70.64,71.60
70.99,70.99,28.59,72.14,73.00
71.39,71.39,34.53,72.40,71.79
77.82,77.82,32.03,70.47,69.92
73.24,73.24,27.14,71.73,70.88
70.47,70.47,21.96,71.88,71.47
67.72,67.72,22.56,71.28,70.33
65.61,65.61,24.66,69.79,71.29
65.52,65.52,33.10,71.49,72.42
66.52,66.52,41.87,70.90,71.89
65.63,65.63,30.55,69.49,70.73
58.98,58.98,21.97,71.29,71.07
55.99,55.99,23.85,71.19,68.48
58.26,58.26,25.67,70.47,69.19
67.77,67.77,35.68,70.72,69.37
67.07,67.07,29.35,71.35,68.65
74.79,74.79,26.70,69.21,71.03
74.30,74.30,25.66,70.10,69.47
75.84,75.84,28.70,70.66,70.72
75.00,75.00,32.86,69.87,68.16
75.88,75.88,28.61,69.12,67.31
74.70,74.70,30.55,70.29,67.68
74.80,74.80,30.95,69.51,67.47
74.22,74.22,34.57,68.06,66.02
73.95,73.95,36.23,69.16,67.45
73.53,73.53,36.13,69.41,67.09
73.88,73.88,45.16,68.09,66.80
69.67,69.67,57.00,67.39,66.13
65.52,65.52,65.56,61.61,63.82
62.10,62.10,74.74,55.63,66.62
58.15,58.15,90.90,58.57,67.35
56.68,56.68,91.53,61.43,68.98
58.47,58.47,91.70,66.83,71.04
57.34,57.34,89.89,70.70,71.10
58.49,58.49,88.95,73.13,68.18
55.59,55.59,89.84,74.85,67.45
52.38,52.38,86.86,75.61,68.74
52.59,52.59,84.70,76.17,71.20
50.37,50.37,86.67,76.40,70.98
50.66,50.66,83.58,76.16,70.87
49.65,49.65,82.73,77.66,71.50
49.77,49.77,83.99,74.88,71.78
50.23,50.23,79.84,77.43,70.35
49.14,49.14,82.11,74.23,72.16
56.51,56.51,77.43,76.70,70.96
60.81,60.81,77.74,76.37,72.81
62.25,62.25,71.54,75.85,73.43
60.19,60.19,62.92,76.52,74.31
57.91,57.91,52.64,77.35,75.80
56.61,56.61,47.58,76.73,78.44
54.67,54.67,35.11,76.03,75.62
53.84,53.84,36.79,77.54,76.26
51.80,51.80,34.45,73.54,77.26
51.09,51.09,33.73,76.89,76.50
50.53,50.53,34.59,72.67,76.66
50.69,50.69,37.40,76.72,74.54
49.64,49.64,54.00,74.77,76.37
46.13,46.13,60.56,75.52,75.51
41.38,41.38,69.77,74.36,75.96
35.92,35.92,76.26,70.09,77.01
37.79,37.79,90.86,59.32,76.98
43.14,43.14,90.53,56.03,79.41
50.17,50.17,88.99,65.88,82.61
53.03,53.03,88.60,68.79,81.54
53.51,53.51,87.29,71.40,79.84
55.65,55.65,88.35,69.40,78.66
57.75,57.75,85.61,71.88,78.30
59.01,59.01,83.85,69.86,78.64
57.54,57.54,85.82,71.25,75.45
62.52,62.52,82.52,72.03,66.09
67.76,67.76,81.65,71.44,71.45
70.66,70.66,83.54,71.84,72.53
73.91,73.91,80.30,69.51,71.44
73.30,73.30,82.73,71.13,73.19
70.72,70.72,78.44,58.51,76.14
65.77,65.77,79.46,67.81,75.86
57.30,57.30,71.45,71.97,77.17
56.36,56.36,59.71,73.89,74.23
53.80,53.80,54.97,74.67,73.73
50.11,50.11,42.22,73.06,73.56
48.89,48.89,43.19,75.86,74.68
44.67,44.67,39.12,74.89,73.00
45.63,45.63,31.97,73.48,72.45
43.37,43.37,26.12,74.53,73.72
40.02,40.02,23.54,75.08,70.82
39.40,39.40,25.05,73.54,66.34
41.20,41.20,46.41,74.09,71.29
37.86,37.86,61.71,75.30,70.36
31.79,31.79,69.96,72.14,62.98
26.54,26.54,78.22,70.45,60.94
24.86,24.86,91.75,67.52,57.41
32.82,32.82,91.93,62.52,61.27
38.23,38.23,91.38,59.93,68.73
42.75,42.75,89.78,61.83,70.05
43.17,43.17,88.69,66.87,71.33
41.71,41.71,89.59,68.07,71.43
44.78,44.78,86.40,68.28,71.41
48.28,48.28,84.64,70.45,72.61
51.28,51.28,86.25,68.48,70.69
52.04,52.04,83.38,65.97,70.89
49.27,49.27,82.15,68.93,72.11
38.75,38.75,83.08,70.36,70.91
37.11,37.11,78.83,68.32,70.68
34.96,34.96,81.13,68.72,71.27
35.91,35.91,76.42,70.94,69.30
34.25,34.25,77.50,69.39,72.65
39.73,39.73,69.73,70.90,73.30
45.61,45.61,62.92,69.83,71.90
45.24,45.24,48.52,69.28,74.27
45.51,45.51,42.62,70.14,74.32
46.35,46.35,31.74,69.81,74.84
47.43,47.43,34.25,71.32,75.96
47.48,47.48,33.26,68.18,74.71
46.61,46.61,32.64,71.08,76.45
50.71,50.71,33.81,70.50,75.23
55.38,55.38,36.40,68.25,74.60
53.04,53.04,45.66,71.03,76.95
51.60,51.60,57.89,68.88,74.55
39.22,39.22,69.36,68.38,70.70
25.88,25.88,75.09,68.16,66.20
20.64,20.64,92.33,56.86,68.68
28.70,28.70,91.80,51.04,71.48
33.73,33.73,90.84,46.97,73.02
37.31,37.31,89.90,49.00,70.47
41.44,41.44,88.63,59.13,73.91
40.81,40.81,89.52,62.31,71.73
39.97,39.97,86.52,63.92,72.01
41.16,41.16,84.36,64.53,72.85
41.31,41.31,86.19,66.47,72.51
40.37,40.37,82.83,63.48,72.88
39.35,39.35,81.90,64.95,70.50
38.48,38.48,83.03,64.71,71.24
40.92,40.92,78.96,64.25,70.32
41.10,41.10,80.65,65.81,65.53
48.63,48.63,76.18,65.32,66.70
51.68,51.68,76.81,66.32,70.99
53.50,53.50,69.52,66.28,76.92
54.09,54.09,62.48,67.47,79.81
55.61,55.61,48.37,68.43,81.15
54.87,54.87,43.68,66.80,76.95
56.84,56.84,38.08,69.21,71.68
54.53,54.53,38.75,67.74,68.81
49.74,49.74,37.18,68.30,81.14
51.00,51.00,34.41,68.30,83.82
50.36,50.36,35.85,68.34,82.04
53.62,53.62,40.25,69.77,79.40
56.19,56.19,47.31,66.62,75.02
56.57,56.57,59.85,63.62,70.79
53.40,53.40,72.97,55.68,69.25
47.41,47.41,80.71,57.48,66.31
44.53,44.53,91.23,54.17,68.07
46.58,46.58,91.27,61.01,70.55
48.62,48.62,90.64,64.31,75.83
48.99,48.99,89.54,63.93,72.72
50.80,50.80,87.77,66.86,70.07
52.14,52.14,88.29,66.57,68.86
53.95,53.95,85.96,66.02,71.51
55.37,55.37,84.70,67.31,71.92
56.34,56.34,85.43,67.09,71.58
58.14,58.14,81.68,66.61,70.35
57.29,57.29,82.12,66.63,71.32
56.36,56.36,83.39,70.47,69.83
56.77,56.77,78.49,68.47,70.72
56.99,56.99,80.87,67.34,67.69
55.56,55.56,77.03,68.90,69.64
50.30,50.30,76.23,67.79,68.31
49.89,49.89,67.90,67.58,70.71
48.09,48.09,63.86,70.59,72.39
49.19,49.19,47.02,72.11,73.44
48.72,48.72,42.68,72.20,71.25
49.16,49.16,36.11,71.83,68.86
48.96,48.96,35.86,71.30,69.75
48.07,48.07,34.18,72.47,71.25
48.80,48.80,32.39,72.50,74.55
50.30,50.30,34.53,71.59,74.81
48.89,48.89,34.20,72.03,72.58
49.91,49.91,48.40,72.75,70.87
49.42,49.42,56.30,71.11,71.31
43.42,43.42,65.40,68.98,70.30
38.33,38.33,75.65,64.15,71.14
38.20,38.20,92.89,57.66,69.26
39.10,39.10,91.34,55.77,71.34
40.12,40.12,91.61,59.98,71.30
39.64,39.64,89.65,58.09,69.48
40.98,40.98,89.39,57.84,69.52
41.28,41.28,89.69,59.89,67.64
40.13,40.13,86.20,60.73,66.61
37.50,37.50,84.06,62.07,66.26
38.78,38.78,86.75,61.77,67.85
38.29,38.29,83.50,61.95,66.71
39.58,39.58,81.50,61.31,66.54
39.38,39.38,83.19,59.92,65.66
40.75,40.75,79.54,60.53,64.26
41.41,41.41,80.95,57.20,64.01
44.17,44.17,75.94,59.45,67.58
44.93,44.93,77.96,66.30,65.80
43.26,43.26,71.12,69.29,69.14
41.45,41.45,64.26,73.96,66.07
38.49,38.49,46.96,74.40,70.04
38.41,38.41,39.76,76.32,69.67
37.79,37.79,29.78,75.83,73.12
38.19,38.19,28.21,75.72,71.66
38.26,38.26,26.85,74.66,67.83
40.25,40.25,22.40,76.09,74.08
53.50,53.50,22.18,74.93,68.76
59.79,59.79,24.77,73.40,71.73
60.45,60.45,48.11,75.22,68.54
57.47,57.47,58.30,75.68,66.97
57.94,57.94,61.28,71.56,61.74
70.04,70.04,75.27,69.05,59.76
79.11,79.11,90.27,63.75,57.05
76.65,76.65,90.63,54.97,56.96
73.75,73.75,90.14,53.47,60.66
73.06,73.06,89.05,59.84,64.87
78.14,78.14,87.54,59.82,62.96
79.61,79.61,88.30,59.96,65.97
81.04,81.04,86.00,64.00,64.68
81.24,81.24,84.31,64.11,65.15
73.57,73.57,85.80,65.70,67.20
74.31,74.31,83.16,63.78,65.50
75.50,75.50,82.53,63.51,66.13
76.22,76.22,83.63,65.64,65.34
76.10,76.10,80.52,66.22,64.72
74.86,74.86,82.44,68.01,63.55
74.32,74.32,78.05,67.35,60.78
77.38,77.38,79.34,70.64,64.19
79.59,79.59,71.29,69.14,66.74
80.18,80.18,64.64,69.52,70.02
82.17,82.17,50.31,68.37,69.76
81.53,81.53,43.92,70.44,71.19
79.80,79.80,32.63,68.94,70.77
79.00,79.00,28.05,69.46,70.67
80.32,80.32,30.05,68.65,71.26
76.29,76.29,29.27,68.92,72.43
68.67,68.67,26.56,68.45,70.87
67.84,67.84,32.10,69.17,71.64
69.43,69.43,43.29,68.84,67.23
68.68,68.68,59.99,65.85,69.55
68.21,68.21,66.30,63.82,65.82
78.51,78.51,74.64,57.51,70.20
75.60,75.60,91.08,51.24,64.92
77.56,77.56,90.72,52.87,63.57
77.02,77.02,89.52,53.53,59.88
80.72,80.72,88.49,54.36,60.18
80.06,80.06,87.82,57.87,62.40
75.70,75.70,88.60,60.02,60.51
70.67,70.67,85.43,59.75,62.74
64.07,64.07,83.77,60.17,62.69
60.92,60.92,85.71,60.95,63.65
58.33,58.33,81.95,59.85,67.02
58.38,58.38,81.27,62.08,66.42
56.49,56.49,82.61,61.12,66.05
62.07,62.07,78.00,60.90,65.23
65.90,65.90,81.04,66.72,63.53
66.76,66.76,76.95,64.77,65.24
67.01,67.01,77.36,65.96,63.67
63.25,63.25,70.19,64.40,63.06
64.18,64.18,62.00,63.89,64.00
66.14,66.14,49.82,62.54,61.44
64.51,64.51,38.21,64.76,65.45
66.17,66.17,36.08,63.92,63.15
79.01,79.01,39.78,65.84,62.90
85.26,85.26,36.63,65.16,62.52
85.42,85.42,37.17,65.07,66.77
81.49,81.49,37.14,63.51,63.94
81.76,81.76,36.52,63.43,62.86
83.32,83.32,47.72,63.82,63.96
83.94,83.94,57.78,63.34,59.88
83.98,83.98,63.58,61.04,59.32
79.56,79.56,76.75,60.21,64.06
72.82,72.82,90.89,58.53,66.41
73.16,73.16,91.04,63.54,67.35
72.28,72.28,90.10,64.89,71.08
71.95,71.95,89.16,66.34,71.17
71.80,71.80,88.31,70.08,69.52
72.39,72.39,88.78,72.51,69.34
72.40,72.40,85.81,74.47,68.16
71.46,71.46,83.94,75.28,68.59
70.98,70.98,86.28,75.24,67.67
67.36,67.36,83.29,75.85,66.20
69.23,69.23,82.27,76.37,68.22
67.17,67.17,83.49,75.60,68.82
62.89,62.89,79.44,75.82,72.00
62.24,62.24,81.46,75.95,73.04
60.07,60.07,76.99,75.27,71.07
56.27,56.27,78.09,77.29,74.05
56.84,56.84,70.84,76.48,74.64
57.73,57.73,63.46,77.81,74.35
56.22,56.22,52.33,77.67,73.70
54.67,54.67,34.19,77.33,75.71
52.13,52.13,34.87,77.67,75.93
50.32,50.32,35.20,78.11,74.38
53.11,53.11,34.08,76.97,72.99
54.50,54.50,27.57,77.17,72.89
50.87,50.87,21.45,76.53,74.87
47.08,47.08,26.35,76.72,73.32
47.52,47.52,38.09,76.61,71.82
47.85,47.85,60.01,75.50,74.78
46.34,46.34,69.26,72.78,69.56
34.31,34.31,75.45,66.26,68.91
34.93,34.93,92.30,57.50,71.99
32.64,32.64,91.20,55.26,75.15
39.22,39.22,89.14,59.18,77.18
40.47,40.47,89.03,65.49,75.70
44.80,44.80,87.55,70.08,76.08
42.03,42.03,88.35,69.47,74.89
36.48,36.48,85.38,70.95,75.24
33.83,33.83,83.55,69.19,75.50
33.29,33.29,85.55,70.19,76.32
33.65,33.65,82.73,70.57,74.64
31.97,31.97,81.58,70.34,67.59
34.36,34.36,82.72,67.97,65.32
36.93,36.93,78.74,59.38,65.31
35.60,35.60,80.77,59.25,69.81
32.38,32.38,76.35,58.49,71.79
30.05,30.05,77.05,57.42,70.15
30.04,30.04,69.13,68.17,69.99
27.59,27.59,61.81,70.76,69.56
27.36,27.36,51.16,72.52,74.44
27.32,27.32,42.40,72.93,74.03
28.12,28.12,28.86,74.02,73.72
27.18,27.18,22.88,73.54,76.80
28.40,28.40,26.62,73.96,72.80
28.88,28.88,21.96,74.07,77.48
33.04,33.04,16.17,73.02,76.76
39.06,39.06,24.50,74.90,75.47
41.27,41.27,44.94,72.97,75.71
43.64,43.64,58.58,72.94,75.23
49.09,49.09,68.25,68.87,73.32
61.06,61.06,74.54,62.44,75.12
69.03,69.03,89.75,53.06,73.39
70.75,70.75,91.29,53.66,71.46
72.52,72.52,89.65,58.71,71.83
76.97,76.97,89.54,61.84,70.42
79.54,79.54,88.51,63.46,69.04
79.87,79.87,89.23,66.62,68.78
79.66,79.66,86.51,66.82,64.23
71.54,71.54,84.26,68.09,69.35
69.69,69.69,86.14,69.31,67.28
71.60,71.60,82.70,68.55,64.10
74.34,74.34,82.50,65.46,65.79
73.23,73.23,84.13,69.62,64.54
73.37,73.37,80.23,70.83,66.35
69.46,69.46,81.81,68.68,66.45
58.20,58.20,77.48,68.89,68.30
65.48,65.48,78.03,69.69,70.99
70.33,70.33,70.96,70.84,76.46
82.01,82.01,64.00,70.83,75.96
77.74,77.74,51.64,71.62,73.13
81.80,81.80,43.80,71.99,72.72
81.91,81.91,40.33,70.87,70.29
80.36,80.36,39.54,71.85,71.20
77.98,77.98,38.34,71.85,69.73
78.47,78.47,39.86,70.10,71.49
67.30,67.30,41.96,70.58,70.95
64.10,64.10,44.32,70.58,70.45
65.04,65.04,46.00,69.99,69.64
62.10,62.10,55.71,68.74,68.82
57.88,57.88,64.71,64.47,71.61
56.56,56.56,73.99,55.11,71.35
56.26,56.26,92.57,53.10,68.83
58.24,58.24,92.27,55.03,67.78
64.35,64.35,90.83,49.95,67.15
72.28,72.28,89.61,46.61,68.23
72.22,72.22,89.53,56.10,68.09
75.22,75.22,89.75,60.82,67.85
76.34,76.34,86.89,61.83,69.57
72.99,72.99,84.78,60.97,69.37
71.92,71.92,86.67,64.19,69.14
70.56,70.56,83.43,64.23,69.09
73.31,73.31,82.52,64.03,68.58
73.70,73.70,83.89,67.27,67.63
73.42,73.42,79.78,65.49,66.86
73.70,73.70,81.93,66.62,69.30
73.05,73.05,77.61,65.57,71.66
72.76,72.76,78.01,64.77,67.60
75.24,75.24,71.07,64.12,63.99
76.30,76.30,63.97,63.66,62.75
76.84,76.84,48.81,67.61,62.75
77.48,77.48,43.04,67.26,66.25
74.82,74.82,37.53,67.84,67.07
72.36,72.36,35.60,67.24,63.33
72.16,72.16,34.46,66.62,65.32
70.74,70.74,35.00,68.00,70.34
72.12,72.12,35.32,66.51,69.40
70.97,70.97,34.68,67.47,69.88
60.92,60.92,48.36,68.28,66.62
55.67,55.67,57.49,64.90,66.30
52.17,52.17,66.68,61.85,64.39
50.63,50.63,75.33,50.92,62.90
49.76,49.76,91.95,48.50,61.39
49.96,49.96,92.12,51.58,64.14
55.99,55.99,91.61,56.52,67.26
52.24,52.24,89.10,60.73,66.78
51.90,51.90,88.21,63.56,66.56
48.64,48.64,89.98,65.06,69.68
51.28,51.28,87.38,64.43,66.38
51.80,51.80,84.74,63.13,67.54
55.29,55.29,85.84,63.52,65.93
53.69,53.69,83.33,62.77,66.56
55.12,55.12,82.84,62.24,65.17
55.16,55.16,83.12,66.40,65.93
52.76,52.76,79.09,65.84,66.32
51.39,51.39,81.74,65.68,65.85
49.81,49.81,76.47,65.44,66.98
48.92,48.92,76.60,63.88,69.57
49.83,49.83,70.52,65.13,72.21
44.45,44.45,63.61,68.53,73.00
46.08,46.08,50.03,68.75,72.70
51.89,51.89,42.64,67.73,74.84
52.32,52.32,34.53,70.28,73.83
51.05,51.05,25.77,70.56,72.25
49.08,49.08,23.79,70.09,72.01
45.59,45.59,21.14,69.71,71.88
50.39,50.39,20.78,69.12,73.40
47.58,47.58,20.29,68.39,73.14
44.48,44.48,37.95,69.78,72.75
38.83,38.83,54.87,70.18,72.00
30.46,30.46,64.52,67.95,67.84
17.03,17.03,75.13,62.97,75.78
27.13,27.13,90.62,57.59,77.68
40.26,40.26,90.20,44.02,77.18
43.19,43.19,89.63,45.10,77.36
41.53,41.53,88.92,54.45,76.69
40.76,40.76,87.65,54.10,77.23
40.98,40.98,87.93,50.81,77.28
40.85,40.85,85.05,53.27,75.45
41.39,41.39,84.43,54.55,75.67
39.73,39.73,86.43,56.03,74.81
40.26,40.26,82.75,57.92,76.03
39.74,39.74,82.53,58.15,75.49
42.32,42.32,84.69,60.29,75.92
42.19,42.19,80.08,57.54,73.49
38.32,38.32,82.29,50.40,73.20
42.15,42.15,77.97,62.35,73.16
45.53,45.53,78.11,64.97,75.05
45.41,45.41,70.85,73.37,73.83
48.93,48.93,61.75,74.89,73.23
53.05,53.05,52.73,75.15,73.09
66.42,66.42,38.96,75.78,74.00
75.30,75.30,39.98,74.83,73.62
76.64,76.64,41.96,76.85,74.49
76.06,76.06,38.90,75.82,73.82
76.68,76.68,45.77,74.02,72.93
76.91,76.91,43.93,75.27,75.94
76.49,76.49,43.27,74.71,71.59
76.22,76.22,47.41,73.98,76.58
75.92,75.92,55.90,73.69,73.12
71.76,71.76,66.89,73.04,70.94
68.46,68.46,74.80,68.51,69.29
69.38,69.38,91.41,58.54,63.25
72.09,72.09,90.76,57.23,62.20
75.66,75.66,90.51,57.95,65.07
75.21,75.21,88.24,59.30,64.62
79.77,79.77,87.46,62.90,64.54
80.12,80.12,89.15,64.13,65.13
75.61,75.61,86.51,65.31,69.05
70.56,70.56,83.60,62.19,65.75
74.07,74.07,86.03,62.50,66.82
74.61,74.61,83.73,68.18,65.87
74.36,74.36,82.49,68.82,65.75
75.13,75.13,84.90,71.13,69.82
77.34,77.34,81.49,70.57,68.54
78.31,78.31,83.15,69.80,68.82
78.25,78.25,79.20,67.43,69.83
78.15,78.15,79.50,71.26,73.58
76.21,76.21,71.40,70.29,76.66
77.55,77.55,65.89,72.81,78.24
78.07,78.07,56.15,71.58,78.38
76.84,76.84,57.19,70.91,80.50
78.56,78.56,56.85,70.86,78.78
77.77,77.77,57.24,71.66,79.57
76.08,76.08,57.13,70.58,80.99
76.42,76.42,58.47,70.52,80.92
75.52,75.52,59.94,71.27,76.13
72.46,72.46,58.95,69.35,73.20
66.89,66.89,61.42,70.52,78.37
65.22,65.22,63.03,70.14,78.54
66.46,66.46,68.72,67.11,77.70
68.41,68.41,77.88,64.61,78.91
63.20,63.20,90.44,65.42,75.70
67.06,67.06,89.85,56.80,73.08
61.98,61.98,89.61,50.30,72.71
62.06,62.06,88.55,50.55,71.95
63.51,63.51,87.89,51.75,71.60
68.51,68.51,87.96,52.31,70.94
67.78,67.78,85.04,55.48,71.37
65.69,65.69,84.24,56.72,71.23
62.23,62.23,85.18,54.52,71.09
54.62,54.62,81.79,56.64,70.35
52.33,52.33,81.95,62.86,72.17
54.64,54.64,82.81,64.28,71.95
54.56,54.56,79.81,63.53,72.53
52.21,52.21,81.69,65.61,73.43
56.12,56.12,77.71,63.84,74.18
57.90,57.90,78.35,66.84,75.05
52.25,52.25,77.19,68.61,73.11
53.67,53.67,74.27,67.13,75.09
53.23,53.23,75.10,65.32,73.07
58.32,58.32,76.99,66.09,73.08
55.28,55.28,77.29,67.23,72.29
51.31,51.31,77.70,66.80,74.14
47.24,47.24,78.55,63.54,70.32
44.88,44.88,77.48,65.42,70.32
43.72,43.72,76.28,73.23,70.51
44.85,44.85,76.23,73.32,67.48
41.52,41.52,75.89,73.16,68.48
39.72,39.72,75.76,69.23,65.05
36.41,36.41,77.86,62.12,65.52
35.52,35.52,80.15,49.20,67.39
35.43,35.43,91.41,52.86,65.63
36.74,36.74,90.98,58.78,69.12
37.27,37.27,89.24,66.93,72.20
34.84,34.84,88.61,70.45,71.76
34.47,34.47,87.75,74.76,71.80
34.34,34.34,88.49,74.35,69.53
31.70,31.70,85.59,76.26,69.66
32.96,32.96,83.91,74.51,67.62
31.71,31.71,85.72,77.20,67.66
29.41,29.41,82.91,77.16,68.87
33.68,33.68,82.43,78.54,68.30
33.48,33.48,83.17,79.32,68.11
28.33,28.33,79.78,80.09,67.98
28.11,28.11,81.87,82.35,70.43
26.36,26.36,79.45,82.62,72.13
28.34,28.34,81.26,84.21,74.87
29.65,29.65,77.02,85.84,70.95
29.23,29.23,72.85,87.21,74.09
26.63,26.63,68.89,87.03,73.51
28.51,28.51,68.15,87.95,72.65
28.28,28.28,68.42,87.55,73.86
22.65,22.65,70.10,87.70,72.97
22.49,22.49,69.25,88.36,77.56
22.15,22.15,68.64,87.65,75.01
19.88,19.88,68.64,87.70,75.99
16.04,16.04,68.97,87.71,74.46
11.94,11.94,68.45,87.34,74.60
9.63,9.63,68.67,87.39,72.34
9.22,9.22,71.17,87.27,72.03
8.01,8.01,78.06,84.93,69.11
10.16,10.16,88.60,77.28,74.19
10.12,10.12,89.14,72.85,75.66
10.06,10.06,88.70,72.04,78.09
18.42,18.42,88.06,72.32,78.64
24.69,24.69,87.37,72.45,78.31
23.21,23.21,88.08,71.90,78.30
20.45,20.45,85.54,73.04,79.42
21.43,21.43,83.38,73.56,80.33
22.28,22.28,85.91,76.13,80.08
21.74,21.74,83.02,75.57,79.76
17.72,17.72,82.13,73.55,74.29
15.24,15.24,83.19,61.59,70.95
15.88,15.88,79.50,52.39,69.44
10.67,10.67,80.70,56.16,73.45
14.25,14.25,78.42,72.33,71.06
17.95,17.95,80.80,82.65,75.89
15.19,15.19,77.06,85.26,77.96
14.76,14.76,72.81,84.93,74.09
14.76,14.76,67.51,86.58,76.45
11.94,11.94,63.55,85.56,75.97
11.04,11.04,62.73,87.40,74.93
12.25,12.25,62.43,85.81,74.73
9.12,9.12,63.24,85.49,73.56
4.49,4.49,61.76,86.63,71.00
3.85,3.85,62.16,85.15,69.80
8.66,8.66,61.92,86.92,71.23
11.23,11.23,62.18,85.21,68.36
10.15,10.15,64.49,85.23,70.58
5.20,5.20,68.96,85.79,70.08
7.93,7.93,79.72,80.08,67.21
11.05,11.05,91.15,67.40,64.42
13.33,13.33,91.76,66.44,65.99
14.99,14.99,91.11,62.34,69.68
17.81,17.81,89.88,64.56,71.32
21.90,21.90,88.39,67.66,72.32
22.37,22.37,89.41,71.80,72.35
23.30,23.30,86.56,70.31,70.29
25.02,25.02,84.17,72.30,69.29
25.96,25.96,86.17,72.05,70.78
24.67,24.67,83.07,72.45,66.75
28.34,28.34,82.00,74.41,70.11
31.86,31.86,82.95,73.68,70.21
32.84,32.84,79.76,76.61,70.10
28.46,28.46,81.82,76.52,70.97
18.21,18.21,78.66,78.66,70.08
17.98,17.98,82.46,80.55,75.26
22.11,22.11,77.54,80.56,76.77
33.74,33.74,73.13,84.71,77.38
41.71,41.71,65.47,83.34,76.74
41.44,41.44,62.87,83.26,78.93
41.21,41.21,61.51,83.22,78.61
42.51,42.51,62.35,83.02,77.06
43.14,43.14,61.05,84.17,78.29
45.74,45.74,62.16,81.14,76.87
47.72,47.72,59.54,83.87,73.24
46.29,46.29,60.72,82.78,74.54
47.94,47.94,60.55,81.71,73.13
47.95,47.95,64.17,83.93,72.61
40.04,40.04,67.03,81.98,70.30
43.84,43.84,76.42,79.54,68.21
51.50,51.50,89.49,67.72,63.77
48.68,48.68,90.22,60.44,63.24
60.85,60.85,90.06,58.01,66.03
65.51,65.51,88.63,60.90,66.08
59.45,59.45,87.94,65.42,65.28
42.74,42.74,88.43,64.33,66.46
31.94,31.94,85.80,66.39,65.38
29.11,29.11,83.20,68.96,64.30
27.96,27.96,85.48,68.13,65.02
26.50,26.50,82.15,70.39,67.05
24.81,24.81,80.97,69.76,67.47
32.76,32.76,82.56,73.10,67.95
44.81,44.81,78.02,73.22,69.51
53.38,53.38,79.80,72.84,70.17
59.28,59.28,78.70,76.08,66.27
68.25,68.25,82.00,77.72,71.31
78.79,78.79,77.14,81.61,70.30
81.35,81.35,71.42,81.33,71.85
82.01,82.01,64.81,81.97,70.79
79.31,79.31,61.56,82.50,68.16
69.53,69.53,59.07,80.46,70.77
65.56,65.56,59.15,82.32,70.26
78.96,78.96,59.92,80.81,70.16
84.00,84.00,58.60,81.24,72.08
82.43,82.43,54.81,81.53,68.65
79.64,79.64,56.61,80.81,70.06
76.61,76.61,55.60,82.17,68.68
77.22,77.22,60.41,80.42,65.16
78.43,78.43,66.69,79.96,63.35
76.18,76.18,77.63,67.74,60.69
66.81,66.81,91.81,51.34,61.52
65.50,65.50,91.55,58.28,67.32
70.98,70.98,90.97,56.74,69.15
69.67,69.67,89.28,59.67,67.21
65.48,65.48,88.04,61.05,66.48
53.79,53.79,87.66,68.40,67.35
49.35,49.35,84.70,71.76,68.23
54.40,54.40,83.44,72.28,68.51
51.83,51.83,85.39,74.16,69.57
56.76,56.76,81.80,75.08,69.44
52.35,52.35,80.73,75.40,69.49
55.99,55.99,82.98,75.77,68.44
51.02,51.02,79.23,77.35,68.98
50.06,50.06,81.05,78.81,67.54
51.86,51.86,78.26,80.32,70.96
54.38,54.38,81.18,81.04,73.86
58.11,58.11,77.17,83.09,74.38
61.28,61.28,71.03,83.67,73.24
58.74,58.74,64.24,83.23,75.16
61.62,61.62,57.29,84.78,73.48
63.89,63.89,54.87,84.92,74.85
64.10,64.10,52.58,85.24,73.99
63.28,63.28,50.65,84.67,73.86
67.92,67.92,51.03,83.32,73.50
66.07,66.07,50.99,84.27,71.75
61.74,61.74,48.98,84.14,74.14
57.76,57.76,53.60,84.81,72.20
57.97,57.97,62.12,84.78,71.23
57.70,57.70,70.52,84.09,68.21
51.70,51.70,76.53,79.61,64.48
49.35,49.35,89.43,66.27,67.08
50.90,50.90,89.53,61.54,70.89
51.85,51.85,88.92,56.59,70.17
52.98,52.98,88.78,61.87,71.81
55.64,55.64,88.13,60.49,71.18
58.14,58.14,89.59,59.25,70.23
56.52,56.52,86.13,62.70,69.58
60.42,60.42,83.34,68.01,70.37
60.59,60.59,85.83,70.05,69.06
63.47,63.47,83.40,71.62,70.11
70.74,70.74,82.62,72.92,70.68
74.87,74.87,83.97,72.79,71.72
73.52,73.52,80.71,73.62,73.56
71.24,71.24,83.75,68.86,72.65
72.08,72.08,80.95,65.95,71.48
73.80,73.80,80.17,77.56,66.61
82.27,82.27,76.10,85.39,72.19
81.42,81.42,70.19,86.37,72.09
82.06,82.06,62.14,87.99,71.18
79.44,79.44,53.88,88.52,73.77
70.36,70.36,47.92,86.96,71.57
66.95,66.95,44.44,88.78,73.23
67.79,67.79,43.89,89.16,71.80
69.04,69.04,42.71,87.17,73.10
68.69,68.69,38.94,88.34,72.48
68.93,68.93,37.13,89.33,71.80
73.14,73.14,44.73,88.73,73.01
74.20,74.20,57.74,87.91,69.84
73.52,73.52,70.54,88.82,69.04
68.59,68.59,78.31,85.34,62.63
65.18,65.18,90.45,73.23,59.36
73.71,73.71,90.77,65.78,61.79
79.35,79.35,89.81,61.44,62.01
79.52,79.52,88.54,63.60,58.10
79.66,79.66,88.62,65.98,59.19
76.02,76.02,88.65,70.36,59.73
76.68,76.68,85.49,74.00,63.95
77.88,77.88,84.13,74.71,64.80
79.45,79.45,85.98,76.77,66.55
79.21,79.21,82.54,77.08,66.66
79.98,79.98,82.60,77.50,69.52
81.26,81.26,84.17,80.14,70.51
81.95,81.95,80.46,81.06,69.21
83.00,83.00,83.17,80.98,69.33
83.04,83.04,79.27,83.31,69.30
80.47,80.47,79.82,83.46,68.85
74.46,74.46,75.76,84.05,71.15
72.35,72.35,70.46,86.25,73.10
69.88,69.88,61.68,86.73,74.10
62.77,62.77,52.16,86.45,72.76
60.59,60.59,48.68,85.50,73.83
68.26,68.26,51.29,87.68,76.18
74.61,74.61,51.22,87.04,74.84
74.89,74.89,51.03,85.88,74.29
74.80,74.80,48.53,87.35,76.35
71.06,71.06,45.84,87.12,75.44
59.91,59.91,44.26,85.74,75.75
53.95,53.95,53.23,86.42,74.69
53.83,53.83,65.17,86.72,74.95
62.98,62.98,76.32,82.33,75.25
72.10,72.10,88.10,66.72,69.03
73.30,73.30,89.43,55.73,69.60
73.67,73.67,89.62,45.78,70.86
80.29,80.29,88.29,59.62,68.93
80.45,80.45,87.34,65.95,70.29
79.07,79.07,89.52,68.35,69.20
75.38,75.38,86.56,68.83,69.10
70.35,70.35,83.70,72.16,69.55
62.80,62.80,85.88,72.80,70.77
60.27,60.27,83.11,72.86,68.68
56.89,56.89,81.66,74.27,70.85
51.06,51.06,83.19,75.60,70.10
51.80,51.80,79.75,75.68,69.47
54.59,54.59,81.49,76.70,70.64
64.54,64.54,78.93,79.77,71.22
70.30,70.30,80.11,81.96,71.91
65.07,65.07,75.71,81.64,73.53
60.86,60.86,70.17,85.16,72.64
64.78,64.78,58.69,84.69,70.25
67.13,67.13,55.33,82.57,68.54
73.93,73.93,62.43,84.14,67.07
75.39,75.39,62.09,84.67,61.83
73.18,73.18,57.66,83.12,63.25
74.63,74.63,52.91,84.19,60.24
82.68,82.68,51.66,85.00,61.25
79.51,79.51,50.85,82.77,61.70
80.68,80.68,53.54,78.87,64.81
80.94,80.94,59.56,64.46,63.63
80.87,80.87,68.23,59.47,61.27
80.00,80.00,76.02,47.81,58.02
78.98,78.98,91.09,53.46,59.89
77.79,77.79,90.48,58.38,60.80
75.75,75.75,89.26,66.26,59.02
76.12,76.12,88.62,69.47,62.12
78.40,78.40,87.50,74.37,64.62
78.37,78.37,88.43,75.41,66.54
77.19,77.19,85.74,76.39,67.28
76.83,76.83,83.94,76.80,68.53
76.15,76.15,86.37,78.23,69.01
76.78,76.78,83.72,79.41,70.16
77.41,77.41,83.15,80.73,71.52
78.99,78.99,84.74,81.44,71.54
73.73,73.73,80.92,81.70,72.12
68.85,68.85,83.17,83.57,73.57
71.62,71.62,79.72,84.18,72.90
71.25,71.25,80.64,84.19,70.59
71.50,71.50,76.03,87.03,71.89
74.42,74.42,71.68,87.87,71.96
79.27,79.27,63.48,88.69,73.87
80.36,80.36,56.92,88.40,72.08
80.21,80.21,52.06,88.36,72.93
77.46,77.46,51.68,88.52,74.74
77.12,77.12,50.71,87.81,74.88
80.43,80.43,49.49,87.80,72.78
80.67,80.67,49.02,86.73,72.31
80.24,80.24,45.82,86.90,72.70
79.85,79.85,46.83,86.36,73.40
79.83,79.83,54.70,87.16,73.81
77.29,77.29,65.95,86.67,73.92
72.40,72.40,77.56,83.33,72.59
68.43,68.43,88.52,73.14,72.18
73.40,73.40,88.57,70.23,74.55
73.87,73.87,89.00,67.70,75.04
73.66,73.66,88.28,70.45,74.82
73.70,73.70,88.02,71.45,75.09
73.08,73.08,88.78,72.63,75.33
72.62,72.62,85.85,73.20,75.47
66.67,66.67,83.60,75.10,74.83
58.62,58.62,85.75,75.17,74.68
55.78,55.78,83.02,76.57,75.44
60.02,60.02,82.13,74.31,74.03
59.96,59.96,83.18,62.71,70.92
56.78,56.78,79.14,57.05,68.36
57.56,57.56,81.03,51.39,71.12
59.70,59.70,79.55,70.58,70.77
60.63,60.63,81.18,85.62,73.84
55.65,55.65,75.96,84.50,74.22
52.22,52.22,70.32,85.52,70.48
54.20,54.20,63.75,85.76,73.29
51.47,51.47,53.86,85.66,74.36
53.42,53.42,46.46,87.71,70.64
52.32,52.32,41.48,85.34,72.34
52.49,52.49,36.51,86.23,73.58
52.05,52.05,35.51,86.57,71.43
55.50,55.50,33.44,85.00,75.83
55.14,55.14,36.06,87.07,72.88
56.10,56.10,43.50,85.20,73.51
53.60,53.60,61.48,86.00,71.98
54.56,54.56,70.35,84.31,66.83
65.01,65.01,77.73,81.11,66.28
67.16,67.16,91.37,68.20,64.30
67.05,67.05,91.39,61.31,63.82
75.94,75.94,89.96,60.04,67.07
78.32,78.32,89.04,62.68,68.37
76.64,76.64,87.67,67.21,65.38
77.42,77.42,88.56,69.60,66.70
73.69,73.69,85.80,69.21,67.33
68.98,68.98,83.50,72.55,66.19
71.72,71.72,85.70,71.74,67.71
72.44,72.44,82.57,73.41,67.78
76.50,76.50,82.83,74.01,66.41
83.01,83.01,85.06,75.80,68.91
82.49,82.49,81.45,78.56,66.87
80.24,80.24,83.16,77.27,67.38
80.62,80.62,78.93,80.05,70.46
81.18,81.18,80.84,79.98,73.65
80.27,80.27,76.36,80.95,77.01
80.70,80.70,71.54,84.10,75.24
81.25,81.25,64.11,83.37,75.51
81.09,81.09,57.93,84.44,76.57
81.12,81.12,51.43,82.51,75.79
69.03,69.03,40.54,83.40,76.74
64.66,64.66,36.10,84.20,76.78
68.64,68.64,41.63,81.40,74.05
72.75,72.75,43.33,84.28,74.04
63.99,63.99,36.86,82.95,71.21
63.25,63.25,45.36,82.48,72.19
63.02,63.02,50.58,83.07,71.54
61.03,61.03,65.35,82.65,70.10
62.00,62.00,76.78,79.64,70.19
58.55,58.55,88.74,61.30,68.30
66.42,66.42,90.23,57.03,69.86
68.87,68.87,89.06,49.50,73.39
76.62,76.62,88.17,60.30,71.94
77.51,77.51,87.86,65.23,71.31
76.27,76.27,88.71,66.50,71.40
74.76,74.76,86.14,68.67,72.14
74.16,74.16,83.77,68.89,72.54
65.04,65.04,85.70,69.97,71.74
66.82,66.82,82.43,71.31,71.96
68.33,68.33,81.66,70.23,71.45
71.16,71.16,83.41,73.94,72.18
70.92,70.92,80.15,73.97,70.59
67.33,67.33,82.56,75.58,65.31
67.91,67.91,78.41,77.10,66.25
76.45,76.45,79.08,78.14,68.58
73.17,73.17,72.96,81.54,67.26
73.04,73.04,64.69,81.30,68.17
75.68,75.68,58.51,82.90,67.67
75.08,75.08,54.61,81.71,68.14
77.15,77.15,51.90,80.90,69.84
75.31,75.31,47.32,82.59,66.95
66.54,66.54,44.33,80.99,68.28
67.21,67.21,46.91,82.20,69.51
73.16,73.16,53.13,81.03,67.22
70.33,70.33,51.41,80.94,65.70
61.94,61.94,46.68,82.16,66.17
67.70,67.70,56.91,80.22,64.07
71.28,71.28,65.58,80.05,64.20
74.94,74.94,74.18,68.00,66.22
74.13,74.13,91.83,53.81,67.77
72.86,72.86,91.37,54.52,66.43
72.60,72.60,90.80,58.96,66.20
72.58,72.58,90.12,59.02,67.63
71.13,71.13,88.66,60.46,69.04
69.65,69.65,88.20,66.89,63.05
67.70,67.70,85.06,70.06,68.04
65.33,65.33,84.00,71.20,62.92
65.46,65.46,86.25,73.58,68.24
65.77,65.77,82.56,74.68,67.25
63.78,63.78,81.63,75.85,68.91
65.23,65.23,83.86,76.84,69.56
62.74,62.74,79.91,77.20,68.59
57.36,57.36,81.71,78.86,69.60
55.00,55.00,78.28,80.81,68.34
56.55,56.55,81.86,82.19,68.11
64.38,64.38,77.73,84.72,70.05
63.89,63.89,72.36,85.66,68.48
66.33,66.33,62.65,84.88,69.80
73.15,73.15,51.96,86.15,69.91
70.57,70.57,44.13,85.81,65.09
74.32,74.32,35.36,86.24,64.78
76.36,76.36,25.97,85.23,65.03
76.29,76.29,24.34,84.20,64.93
76.49,76.49,28.12,84.61,62.15
75.82,75.82,28.98,84.82,63.93
75.89,75.89,35.81,85.35,62.27
74.10,74.10,55.04,85.09,63.05
69.43,69.43,64.70,84.81,60.03
67.80,67.80,74.04,81.02,66.41
64.00,64.00,88.93,71.90,70.21
64.55,64.55,89.80,65.27,72.49
59.50,59.50,89.40,59.51,72.30
61.00,61.00,88.29,61.14,71.72
63.51,63.51,88.30,61.60,71.79
64.13,64.13,89.48,61.36,72.80
64.26,64.26,86.29,66.00,73.11
63.50,63.50,83.41,69.45,72.71
63.45,63.45,85.86,71.10,71.53
61.72,61.72,83.16,72.12,71.59
61.32,61.32,82.19,72.57,72.00
61.69,61.69,83.18,71.96,72.64
59.08,59.08,80.06,72.70,72.71
61.14,61.14,82.20,68.13,72.37
48.57,48.57,79.53,62.71,70.84
46.31,46.31,81.68,77.84,71.75
44.58,44.58,76.28,86.62,74.85
44.25,44.25,69.89,86.96,72.21
43.62,43.62,61.00,88.76,74.62
40.19,40.19,52.79,89.45,72.51
46.32,46.32,46.75,87.72,74.39
39.99,39.99,39.97,89.37,71.14
38.84,38.84,34.17,89.39,73.85
38.45,38.45,28.66,87.59,74.60
34.21,34.21,26.32,88.49,73.15
36.82,36.82,26.94,89.32,75.40
41.82,41.82,42.59,88.59,72.77
39.03,39.03,57.03,87.98,72.05
40.25,40.25,65.94,89.01,71.92
48.85,48.85,78.56,85.95,70.85
54.55,54.55,90.00,72.84,66.33
60.90,60.90,90.41,68.33,66.95
63.67,63.67,90.42,65.96,69.82
77.57,77.57,89.76,63.77,68.65
77.44,77.44,88.50,66.57,66.67
77.50,77.50,88.48,69.62,71.07
77.05,77.05,85.13,73.70,69.37
71.08,71.08,83.82,74.51,70.06
68.07,68.07,85.60,76.33,68.39
70.30,70.30,82.04,76.55,67.04
73.58,73.58,82.24,77.51,68.53
79.29,79.29,84.66,81.05,71.32
83.29,83.29,81.11,81.98,70.08
82.95,82.95,83.64,81.99,71.05
81.95,81.95,79.28,84.09,73.61
80.77,80.77,80.63,84.16,70.70
79.88,79.88,75.45,84.05,72.92
80.79,80.79,70.37,86.45,73.81
81.07,81.07,63.46,87.03,72.30
81.49,81.49,56.36,86.98,72.32
81.56,81.56,53.13,85.49,73.09
79.65,79.65,46.59,86.78,72.42
66.48,66.48,36.05,86.65,73.53
66.21,66.21,34.82,85.59,71.72
69.08,69.08,45.89,86.86,73.28
64.24,64.24,43.11,86.62,72.55
59.73,59.73,48.66,85.03,71.05
57.97,57.97,54.68,85.69,72.70
54.44,54.44,62.89,86.39,72.63
52.72,52.72,76.08,82.19,72.34
56.92,56.92,88.35,70.75,68.74
60.59,60.59,89.78,59.02,65.76
64.95,64.95,89.91,51.85,65.94
69.29,69.29,88.56,59.30,66.84
77.23,77.23,87.45,68.79,66.94
78.63,78.63,89.02,70.47,65.82
77.95,77.95,86.21,69.18,67.06
76.39,76.39,83.76,71.97,68.80
76.68,76.68,85.95,73.40,67.39
64.70,64.70,83.07,73.82,67.04
64.75,64.75,81.90,74.99,66.48
68.99,68.99,83.77,76.27,67.96
71.54,71.54,80.53,77.76,70.15
75.97,75.97,83.03,78.59,69.81
76.69,76.69,80.00,81.26,70.86
76.55,76.55,79.00,82.35,72.58
70.55,70.55,74.39,82.47,69.30
65.07,65.07,68.13,85.41,68.04
65.63,65.63,61.45,85.17,67.96
74.76,74.76,56.39,83.30,66.12
82.28,82.28,54.05,84.70,65.48
81.44,81.44,49.73,84.87,68.25
80.38,80.38,52.01,83.41,68.86
80.23,80.23,50.90,84.16,66.40
78.69,78.69,52.27,85.26,68.15
79.25,79.25,50.06,82.99,70.07
79.01,79.01,50.97,78.97,68.15
78.63,78.63,59.39,65.84,68.58
75.76,75.76,64.52,56.77,64.30
74.90,74.90,73.27,53.68,60.06
68.68,68.68,92.54,57.41,61.93
61.00,61.00,91.79,60.00,62.82
61.11,61.11,90.07,66.10,68.72
59.43,59.43,90.23,72.10,66.28
60.15,60.15,88.73,75.26,64.98
58.54,58.54,89.31,76.45,63.58
59.85,59.85,86.30,76.78,62.42
53.16,53.16,84.41,77.61,62.58
55.98,55.98,86.35,78.27,64.17
51.00,51.00,82.91,78.50,65.88
55.28,55.28,82.02,79.58,67.61
55.60,55.60,83.75,80.22,69.07
56.44,56.44,80.60,81.36,69.67
57.03,57.03,82.98,83.19,69.21
57.50,57.50,79.13,84.21,70.32
65.61,65.61,80.06,84.30,71.69
63.31,63.31,75.76,86.34,73.20
64.38,64.38,70.75,86.38,72.17
66.65,66.65,61.72,87.73,74.29
69.84,69.84,54.26,87.77,73.79
71.06,71.06,49.86,87.48,74.98
73.49,73.49,48.41,88.13,71.82
74.02,74.02,51.16,87.34,73.33
71.55,71.55,65.82,87.26,72.99
71.87,71.87,65.90,86.14,71.23
71.77,71.77,55.58,87.64,70.89
72.64,72.64,49.94,86.42,72.90
71.93,71.93,56.47,87.80,70.50
70.82,70.82,67.94,86.02,70.42
70.38,70.38,79.54,83.38,68.91
73.91,73.91,87.85,71.25,67.65
74.19,74.19,88.63,69.06,68.80
74.60,74.60,89.76,67.96,66.36
77.69,77.69,88.62,70.69,68.87
78.38,78.38,87.65,71.70,69.47
79.36,79.36,88.45,71.77,68.58
78.98,78.98,85.57,74.42,69.30
78.91,78.91,83.67,74.12,68.22
79.28,79.28,85.86,75.95,70.09
81.66,81.66,83.14,76.29,69.61
79.66,79.66,82.44,74.57,68.76
69.79,69.79,83.69,64.32,68.62
71.85,71.85,79.77,58.49,67.82
74.13,74.13,82.16,60.54,67.76
76.63,76.63,79.72,73.69,69.73
74.29,74.29,80.16,84.69,70.89
74.97,74.97,76.07,84.99,74.67
71.00,71.00,71.16,85.60,76.84
71.84,71.84,62.70,86.13,71.50
66.38,66.38,57.07,85.43,72.44
60.57,60.57,50.21,87.52,72.74
59.10,59.10,45.69,85.58,70.96
65.53,65.53,41.54,85.97,71.49
65.23,65.23,45.60,86.50,71.96
65.16,65.16,46.90,85.39,69.11
56.29,56.29,46.57,87.00,70.54
52.61,52.61,47.67,85.18,65.19
57.87,57.87,61.79,86.16,69.15
55.46,55.46,68.96,84.70,65.03
54.90,54.90,77.25,81.09,68.38
53.80,53.80,90.58,67.03,67.52
50.05,50.05,91.10,60.24,67.61
53.36,53.36,90.67,61.35,68.41
54.44,54.44,90.29,64.82,71.15
54.69,54.69,89.32,69.18,70.36
57.31,57.31,89.77,71.62,68.98
65.84,65.84,87.06,70.22,72.39
58.76,58.76,84.67,73.69,72.04
56.90,56.90,86.76,72.84,71.49
58.54,58.54,83.27,72.92,72.46
57.95,57.95,82.25,74.50,70.98
51.36,51.36,83.53,74.58,69.87
48.28,48.28,79.79,76.70,70.82
46.92,46.92,81.88,75.56,67.91
40.17,40.17,78.06,78.77,72.07
51.41,51.41,82.48,79.81,74.60
44.17,44.17,77.01,80.60,72.57
44.82,44.82,73.14,84.21,71.46
44.18,44.18,62.99,83.17,69.34
41.74,41.74,58.05,83.92,71.36
45.81,45.81,56.21,82.13,71.56
47.79,47.79,55.25,83.25,71.30
48.08,48.08,54.50,84.10,72.33
49.77,49.77,65.21,81.22,72.34
49.80,49.80,68.47,84.06,73.97
51.38,51.38,58.47,82.59,73.54
52.36,52.36,54.14,82.71,73.84
54.37,54.37,58.32,82.76,71.55
46.77,46.77,66.83,82.31,70.22
38.36,38.36,78.31,79.42,65.13
39.61,39.61,88.93,60.17,67.00
47.63,47.63,90.02,57.61,67.40
44.88,44.88,88.90,59.62,69.54
46.66,46.66,88.48,63.11,67.23
61.53,61.53,88.01,67.17,63.89
68.85,68.85,88.73,66.79,66.20
66.39,66.39,85.84,68.62,66.17
55.70,55.70,83.32,68.59,67.94
47.88,47.88,85.47,69.63,65.92
43.41,43.41,82.14,71.10,64.84
43.80,43.80,80.98,70.82,67.68
41.50,41.50,82.45,74.02,67.07
41.26,41.26,78.34,72.74,68.12
46.84,46.84,80.34,73.99,64.81
56.46,56.46,78.43,75.45,64.50
58.52,58.52,82.10,77.65,66.32
60.59,60.59,77.47,81.42,64.41
70.03,70.03,72.00,81.18,64.69
77.49,77.49,62.39,82.42,63.73
81.13,81.13,57.25,81.53,63.35
82.11,82.11,52.02,80.98,65.40
81.28,81.28,49.52,82.24,64.17
73.69,73.69,47.72,80.45,63.83
71.63,71.63,52.07,82.33,68.65
78.35,78.35,53.69,81.12,67.19
83.70,83.70,50.15,80.64,65.84
83.24,83.24,51.12,81.84,62.98
80.18,80.18,58.36,80.42,63.93
77.53,77.53,63.62,80.06,62.84
78.23,78.23,73.58,66.99,64.01
78.46,78.46,91.20,50.73,60.28
77.96,77.96,90.98,54.72,59.53
75.99,75.99,90.47,59.80,62.96
65.86,65.86,89.50,57.61,64.22
74.19,74.19,88.29,63.20,63.91
72.56,72.56,88.12,69.16,64.40
70.85,70.85,85.05,71.91,64.49
62.09,62.09,83.79,72.30,64.21
66.09,66.09,85.48,74.05,65.75
67.65,67.65,81.75,74.87,65.56
67.91,67.91,81.00,75.59,64.94
68.23,68.23,82.70,75.78,64.80
68.59,68.59,78.73,76.69,64.31
69.77,69.77,80.22,78.19,63.46
69.08,69.08,77.11,80.18,64.47
64.09,64.09,81.29,81.95,66.51
69.94,69.94,77.16,83.70,70.55
67.49,67.49,73.33,84.96,70.19
69.62,69.62,64.70,84.04,72.76
71.95,71.95,56.22,85.43,73.26
72.36,72.36,49.09,85.31,73.67
69.93,69.93,45.09,85.96,71.32
67.82,67.82,47.79,85.11,72.33
69.44,69.44,59.64,83.85,75.01
69.94,69.94,63.78,84.32,72.51
72.67,72.67,51.03,84.35,75.24
71.52,71.52,50.90,85.12,73.61
69.95,69.95,59.58,84.84,72.30
65.22,65.22,67.82,84.68,70.44
59.18,59.18,75.77,80.87,68.07
60.58,60.58,88.18,72.51,67.84
63.72,63.72,89.17,65.71,69.24
62.17,62.17,89.67,61.39,70.53
59.77,59.77,88.84,61.96,72.34
62.07,62.07,88.34,61.04,71.26
57.20,57.20,89.64,61.78,70.48
59.48,59.48,86.17,66.33,70.71
52.58,52.58,83.58,69.93,72.02
50.76,50.76,85.90,70.91,69.83
51.86,51.86,82.87,71.34,72.19
51.36,51.36,81.33,71.54,71.73
52.22,52.22,82.53,71.61,72.02
53.08,53.08,79.06,72.76,71.51
50.61,50.61,80.97,69.12,69.82
53.13,53.13,78.68,60.04,70.00
52.45,52.45,81.31,77.87,71.18
49.47,49.47,76.39,86.02,72.52
48.02,48.02,71.29,87.74,71.21
46.92,46.92,61.30,89.44,74.14
48.15,48.15,52.89,89.83,72.87
48.97,48.97,45.83,87.92,73.16
48.19,48.19,37.33,89.47,72.18
48.20,48.20,33.38,89.57,71.81
51.33,51.33,38.58,87.55,71.45
47.32,47.32,45.21,88.49,69.76
50.44,50.44,47.37,89.60,68.12
54.09,54.09,47.77,88.55,67.16
56.10,56.10,60.18,88.43,69.54
55.22,55.22,63.62,89.12,66.98
59.70,59.70,77.70,86.60,66.13
63.86,63.86,90.31,74.87,63.39
73.18,73.18,90.80,69.67,63.48
79.50,79.50,89.11,66.77,64.28
75.44,75.44,88.96,66.33,65.70
73.33,73.33,88.16,69.39,65.79
73.61,73.61,88.21,71.34,63.27
79.63,79.63,84.93,72.83,67.75
79.72,79.72,83.79,73.59,65.25
81.08,81.08,85.93,76.58,67.50
77.39,77.39,82.66,77.16,69.00
74.37,74.37,82.66,77.56,67.03
76.53,76.53,84.71,80.70,68.42
76.95,76.95,80.72,81.17,68.25
77.75,77.75,83.33,81.22,67.32
75.95,75.95,79.13,83.11,67.11
75.61,75.61,80.17,83.47,68.72
74.94,74.94,76.06,84.67,72.43
77.76,77.76,71.02,86.70,72.92
79.33,79.33,62.87,86.67,73.04
80.27,80.27,54.92,86.62,73.92
80.85,80.85,50.66,85.65,74.90
80.98,80.98,47.13,87.11,75.15
78.25,78.25,47.53,87.16,74.35
80.16,80.16,58.20,85.41,74.20
78.93,78.93,58.63,86.49,73.01
75.88,75.88,48.02,86.84,72.89
75.71,75.71,43.97,85.12,70.31
74.96,74.96,55.00,86.40,67.32
72.72,72.72,65.11,86.78,67.42
69.69,69.69,77.46,82.56,64.55
68.02,68.02,89.77,71.29,62.92
69.89,69.89,89.98,52.83,62.58
74.56,74.56,89.78,49.61,61.79
75.21,75.21,87.73,58.14,60.84
77.14,77.14,87.13,67.19,64.38
81.11,81.11,88.46,68.39,62.04
79.43,79.43,85.71,68.03,64.95
72.73,72.73,83.23,72.29,63.48
70.80,70.80,85.10,73.51,63.06
64.57,64.57,82.40,72.36,62.97
61.40,61.40,80.88,74.16,63.67
60.62,60.62,82.29,75.27,63.54
63.56,63.56,78.39,75.13,66.83
58.46,58.46,80.64,75.40,61.61
64.67,64.67,78.96,79.45,64.90
71.54,71.54,80.04,81.98,65.81
69.54,69.54,75.59,82.32,68.11
66.28,66.28,70.15,85.43,69.14
63.58,63.58,59.82,85.04,66.07
67.48,67.48,51.56,83.09,66.19
69.20,69.20,45.04,84.65,64.46
65.36,65.36,44.50,85.02,64.45
68.93,68.93,50.46,83.60,67.65
80.93,80.93,57.16,84.35,69.40
86.57,86.57,54.53,84.83,68.59
83.36,83.36,52.16,83.10,66.67
81.50,81.50,55.54,78.90,65.85
82.07,82.07,61.29,66.43,62.82
83.62,83.62,65.93,59.39,59.00
81.82,81.82,72.63,58.60,58.98
79.02,79.02,90.77,56.12,57.39
73.05,73.05,90.65,59.81,58.86
71.70,71.70,90.49,66.87,66.05
72.96,72.96,90.01,72.82,67.49
72.47,72.47,88.39,73.74,64.84
72.61,72.61,88.82,76.77,66.21
72.42,72.42,85.48,75.01,66.46
72.25,72.25,83.79,76.95,68.36
72.45,72.45,85.70,77.34,67.24
72.59,72.59,82.77,77.90,67.96
70.01,70.01,82.22,79.50,68.73
68.75,68.75,83.96,79.92,69.11
70.38,70.38,80.21,81.22,70.12
66.60,66.60,82.46,81.86,70.88
61.64,61.64,78.68,83.70,72.50
64.51,64.51,81.82,83.79,71.51
60.80,60.80,76.62,86.97,73.40
55.99,55.99,71.66,86.98,73.04
53.93,53.93,62.58,88.17,71.96
52.64,52.64,53.38,87.74,74.22
51.29,51.29,44.81,87.71,72.92
47.17,47.17,40.83,87.95,73.69
46.68,46.68,47.55,86.93,74.53
52.09,52.09,67.44,87.53,74.79
53.18,53.18,67.11,86.35,73.76
46.58,46.58,55.06,87.65,74.10
45.44,45.44,47.98,86.63,72.24
42.12,42.12,53.04,87.53,72.96
37.41,37.41,65.31,86.37,73.26
32.42,32.42,78.66,83.34,73.59
28.11,28.11,88.12,71.07,70.24
30.26,30.26,89.02,66.49,73.65
32.10,32.10,89.32,67.62,72.85
43.26,43.26,88.15,70.49,72.85
41.05,41.05,87.63,71.81,74.20
30.08,30.08,88.29,72.42,74.39
31.87,31.87,85.33,73.13,74.96
30.24,30.24,83.41,73.88,74.55
34.67,34.67,85.35,74.91,74.70
35.06,35.06,82.07,75.74,72.47
36.74,36.74,81.00,73.36,66.32
37.68,37.68,82.38,63.83,65.02
38.81,38.81,78.19,47.67,64.36
31.01,31.01,79.79,55.04,64.56
24.60,24.60,78.78,70.83,64.30
20.64,20.64,80.71,85.31,72.22
25.95,25.95,76.55,85.93,71.89
37.61,37.61,71.89,86.46,71.69
41.82,41.82,61.92,86.51,73.42
40.46,40.46,56.77,86.71,75.01
37.49,37.49,43.90,87.70,75.33
39.70,39.70,43.83,85.45,73.81
43.27,43.27,40.75,86.84,75.48
42.55,42.55,48.81,87.22,70.88
43.34,43.34,48.14,85.28,70.37
43.78,43.78,49.12,87.38,71.17
42.69,42.69,49.43,85.98,67.70
35.38,35.38,60.65,86.18,67.32
37.64,37.64,69.10,84.70,63.02
52.86,52.86,76.88,80.79,60.97
62.35,62.35,91.72,64.91,59.41
70.32,70.32,91.16,63.08,61.17
73.90,73.90,89.97,63.51,58.54
75.67,75.67,89.61,65.80,60.12
76.31,76.31,88.44,68.53,63.61
78.91,78.91,89.11,70.17,63.27
80.01,80.01,86.54,70.92,66.65
79.38,79.38,84.45,72.91,67.39
71.79,71.79,86.52,72.01,65.23
71.08,71.08,83.24,73.96,68.41
74.28,74.28,82.75,75.45,69.21
75.06,75.06,84.58,75.71,68.66
75.06,75.06,80.62,78.37,70.12
74.83,74.83,82.67,77.01,68.19
68.89,68.89,78.69,79.60,71.90
65.49,65.49,81.41,79.53,77.47
64.89,64.89,77.04,81.15,78.40
74.11,74.11,72.54,83.98,78.82
81.13,81.13,62.37,82.09,79.51
79.00,79.00,56.89,83.74,77.63
82.11,82.11,54.42,81.12,77.86
81.46,81.46,50.38,82.81,75.89
78.87,78.87,51.77,83.74,73.58
78.82,78.82,52.21,80.02,73.48
74.87,74.87,50.26,83.17,72.12
65.83,65.83,52.06,82.33,71.60
63.12,63.12,55.53,81.31,70.56
60.58,60.58,59.52,82.42,71.94
55.69,55.69,67.92,81.79,71.76
56.92,56.92,75.81,79.55,66.11
55.82,55.82,89.56,60.77,67.60
58.82,58.82,90.04,54.74,67.77
60.97,60.97,89.21,55.57,68.24
64.43,64.43,89.33,63.09,69.19
69.81,69.81,88.79,67.18,70.63
72.99,72.99,89.19,65.84,70.78
76.52,76.52,86.64,68.60,70.76
74.50,74.50,84.03,68.84,71.55
74.56,74.56,86.07,69.76,72.19
76.03,76.03,82.66,70.76,72.09
70.29,70.29,81.96,70.14,72.95
72.80,72.80,83.63,74.35,73.56
73.08,73.08,79.68,73.35,73.65
74.66,74.66,81.53,74.36,74.33
73.43,73.43,79.16,75.72,71.89
73.60,73.60,82.03,77.47,68.55
74.71,74.71,77.38,81.04,72.61
74.09,74.09,71.99,81.82,70.70
76.01,76.01,61.00,82.84,67.11
77.78,77.78,53.92,81.68,68.02
75.97,75.97,50.57,81.09,65.34
74.52,74.52,46.26,82.71,68.18
74.39,74.39,45.94,81.31,66.37
73.33,73.33,53.68,82.55,64.39
73.01,73.01,55.35,81.41,66.66
73.19,73.19,51.52,81.54,66.84
70.71,70.71,51.60,82.34,69.11
61.48,61.48,58.26,80.14,67.16
54.03,54.03,65.79,80.09,64.80
55.58,55.58,74.14,69.91,63.70
57.04,57.04,92.02,59.08,62.02
49.88,49.88,91.57,60.34,65.18
51.93,51.93,91.83,64.76,64.27
51.81,51.81,91.00,63.08,65.67
50.58,50.58,89.22,63.74,65.41
48.88,48.88,88.91,68.81,66.20
47.94,47.94,85.87,71.11,67.36
49.57,49.57,84.36,73.14,66.79
49.06,49.06,86.36,74.24,64.70
46.69,46.69,82.59,74.86,64.90
49.97,49.97,81.57,75.69,65.61
47.42,47.42,83.31,76.09,66.54
45.41,45.41,79.17,75.87,64.45
39.86,39.86,80.79,77.74,66.76
43.31,43.31,77.75,79.96,67.40
45.47,45.47,81.94,82.10,68.79
44.85,44.85,77.69,84.03,69.17
47.25,47.25,72.44,85.02,68.11
48.26,48.26,63.44,84.38,69.48
50.60,50.60,54.12,85.91,69.42
47.97,47.97,44.77,85.65,70.85
45.83,45.83,42.70,86.07,72.50
46.67,46.67,47.16,85.28,73.38
48.39,48.39,67.00,83.99,71.13
48.39,48.39,67.69,84.47,72.29
41.92,41.92,58.91,84.71,72.60
38.93,38.93,53.09,85.34,70.46
35.17,35.17,59.11,85.16,70.71
27.27,27.27,68.05,84.88,68.05
23.14,23.14,76.48,80.57,63.95
20.23,20.23,90.02,67.28,63.31
19.87,19.87,89.28,55.12,70.14
22.43,22.43,88.35,46.26,72.51
25.72,25.72,88.40,59.72,72.16
31.86,31.86,88.59,63.22,73.64
36.16,36.16,89.80,63.22,72.51
31.70,31.70,86.68,66.74,72.54
32.73,32.73,83.86,69.84,72.52
33.74,33.74,86.02,71.24,71.97
33.14,33.14,83.34,72.50,71.08
30.98,30.98,82.25,73.11,72.41
30.50,30.50,83.37,71.91,71.67
29.53,29.53,80.52,73.26,73.03
28.52,28.52,83.01,68.32,71.99
28.98,28.98,80.33,64.39,73.03
28.91,28.91,81.19,77.49,66.99
30.25,30.25,76.63,86.34,65.52
33.98,33.98,71.26,87.01,72.95
41.91,41.91,61.02,88.90,74.74
47.11,47.11,50.78,89.68,76.22
52.33,52.33,44.15,87.85,76.35
68.44,68.44,48.26,89.56,72.98
74.10,74.10,47.16,89.08,75.46
74.70,74.70,47.35,86.65,73.19
74.44,74.44,46.59,87.55,73.43
75.00,75.00,47.05,88.03,74.79
75.33,75.33,45.07,87.77,70.33
75.28,75.28,57.81,86.83,74.67
74.29,74.29,66.16,87.57,69.39
73.69,73.69,78.15,85.28,67.15
66.42,66.42,89.51,72.93,67.64
67.13,67.13,90.15,66.74,64.36
68.20,68.20,88.66,64.92,66.13
72.89,72.89,88.89,65.46,63.82
76.31,76.31,88.21,69.52,67.00
76.41,76.41,88.51,71.62,61.43
78.22,78.22,85.11,72.20,66.05
80.84,80.84,84.09,74.06,64.63
74.03,74.03,86.68,77.57,64.86
72.25,72.25,83.36,78.07,70.59
75.98,75.98,83.07,78.28,67.61
77.79,77.79,84.96,81.23,68.89
75.73,75.73,81.06,81.48,68.87
74.76,74.76,83.43,81.28,70.38
75.79,75.79,79.51,83.31,71.09
76.96,76.96,80.22,84.28,69.53
76.96,76.96,76.35,85.37,68.56
77.02,77.02,71.33,86.89,68.36
75.32,75.32,64.65,87.28,72.90
76.74,76.74,61.45,87.19,71.68
77.75,77.75,60.19,85.93,72.58
76.32,76.32,58.63,86.96,70.62
77.27,77.27,59.47,86.61,70.82
79.68,79.68,59.10,85.21,71.97
78.56,78.56,56.14,86.30,69.78
78.99,78.99,53.74,86.61,71.83
79.50,79.50,50.86,84.79,70.77
69.44,69.44,58.94,86.35,72.97
64.47,64.47,64.64,86.68,68.59
68.99,68.99,75.05,82.92,69.63
65.27,65.27,88.76,71.48,67.27
61.85,61.85,89.93,60.40,64.03
65.33,65.33,90.14,55.83,62.32
66.49,66.49,87.84,57.91,65.59
66.06,66.06,87.09,65.88,67.08
67.73,67.73,88.71,68.70,62.00
66.23,66.23,86.01,68.52,63.74
72.61,72.61,83.22,71.65,64.04
69.34,69.34,85.49,73.54,64.46
67.33,67.33,82.46,73.20,65.02
64.24,64.24,81.11,74.26,67.11
60.82,60.82,82.70,75.25,66.73
60.91,60.91,79.10,75.74,67.34
57.78,57.78,80.81,76.21,67.36
62.47,62.47,78.44,79.24,68.69
71.05,71.05,80.85,82.15,70.23
66.25,66.25,75.38,81.95,69.08
62.60,62.60,70.78,85.39,69.32
62.75,62.75,68.42,84.93,67.91
64.13,64.13,61.58,82.75,70.41
75.31,75.31,58.00,84.50,69.63
77.55,77.55,57.66,84.90,68.15
77.91,77.91,55.82,83.02,65.93
78.00,78.00,60.19,84.00,68.44
77.32,77.32,60.42,84.78,67.04
75.93,75.93,57.66,83.38,67.73
77.21,77.21,55.04,78.63,67.20
77.23,77.23,62.39,65.97,64.67
73.68,73.68,71.01,56.85,64.04
69.24,69.24,78.87,55.29,65.08
62.63,62.63,91.72,59.15,62.70
54.95,54.95,90.92,65.12,67.64
56.77,56.77,88.89,70.05,71.81
61.96,61.96,90.47,71.12,72.91
57.31,57.31,87.75,71.59,71.71
56.08,56.08,88.59,74.61,71.99
51.57,51.57,85.70,75.80,69.45
50.86,50.86,83.66,75.04,71.16
49.28,49.28,85.53,76.00,69.70
47.42,47.42,82.23,76.24,68.34
44.45,44.45,81.20,76.98,66.22
46.63,46.63,82.52,77.77,66.54
46.70,46.70,78.90,78.69,67.57
45.01,45.01,80.77,80.18,64.06
44.95,44.95,78.50,81.14,64.94
45.63,45.63,81.98,82.78,69.23
42.23,42.23,76.80,86.23,66.99
42.51,42.51,72.66,86.88,67.69
44.72,44.72,63.02,87.51,70.09
46.80,46.80,55.42,87.12,65.79
49.34,49.34,50.54,87.53,70.09
44.88,44.88,49.94,87.73,72.49
47.10,47.10,56.21,87.06,66.54
52.28,52.28,68.76,87.01,71.14
47.93,47.93,69.36,86.81,69.82
48.04,48.04,59.43,86.96,65.27
43.78,43.78,56.64,86.46,68.06
38.97,38.97,57.91,86.68,65.12
26.54,26.54,63.24,86.71,63.74
18.48,18.48,74.73,83.44,63.35
17.43,17.43,88.81,72.08,67.28
25.21,25.21,89.20,67.80,69.37
31.01,31.01,89.16,68.30,69.57
31.72,31.72,88.24,71.52,69.83
30.82,30.82,87.88,73.37,71.74
31.81,31.81,88.77,72.62,70.32
30.49,30.49,85.82,72.51,70.11
31.28,31.28,83.73,73.51,73.23
31.16,31.16,85.88,74.56,68.56
32.15,32.15,82.52,75.11,63.99
33.94,33.94,81.50,72.82,63.95
34.87,34.87,82.63,65.33,63.37
28.18,28.18,78.73,58.05,63.75
25.88,25.88,80.66,51.82,66.30
26.08,26.08,78.49,68.72,68.81
30.22,30.22,80.94,81.89,73.42
25.34,25.34,76.86,83.07,68.56
22.69,22.69,71.51,81.99,69.15
18.62,18.62,63.29,83.34,72.96
21.49,21.49,58.27,84.03,71.12
23.26,23.26,49.16,85.62,73.50
22.82,22.82,47.19,81.97,73.34
20.84,20.84,46.39,84.25,70.72
24.06,24.06,48.36,84.93,72.20
23.10,23.10,49.96,82.19,68.92
25.58,25.58,50.89,85.14,69.88
26.71,26.71,51.39,83.97,69.04
22.84,22.84,57.70,83.84,69.73
18.12,18.12,69.74,83.51,65.45
15.19,15.19,76.91,80.16,65.58
22.48,22.48,92.06,69.69,64.27
27.30,27.30,91.19,62.67,67.42
32.54,32.54,91.07,63.41,65.94
34.90,34.90,90.63,66.55,62.63
41.94,41.94,89.86,65.07,65.54
41.81,41.81,90.28,68.53,63.93
43.17,43.17,87.25,68.69,63.69
42.60,42.60,85.17,68.26,66.60
44.15,44.15,87.10,68.98,64.55
39.35,39.35,83.65,69.88,63.03
39.52,39.52,82.66,71.00,64.12
37.51,37.51,83.65,69.67,65.03
33.48,33.48,79.66,74.18,65.21
24.33,24.33,81.50,73.22,65.16
13.88,13.88,77.94,75.19,66.12
16.65,16.65,82.83,78.05,73.52
14.13,14.13,77.81,80.67,74.06
15.27,15.27,71.79,83.31,74.38
17.61,17.61,63.79,81.70,75.42
22.35,22.35,53.44,83.10,76.95
25.08,25.08,47.97,82.07,75.53
22.62,22.62,45.95,82.27,75.59
18.09,18.09,49.21,83.39,76.42
17.40,17.40,62.97,81.38,74.99
22.66,22.66,66.70,82.98,74.66
27.37,27.37,57.54,81.74,71.73
28.33,28.33,52.82,81.46,70.37
21.13,21.13,56.43,82.51,70.91
9.95,9.95,63.10,80.90,67.79
6.83,6.83,75.30,78.52,66.82
9.28,9.28,89.82,64.62,65.65
4.30,4.30,89.77,55.01,64.71
5.54,5.54,89.82,55.86,65.41
7.90,7.90,89.00,57.93,67.02
14.12,14.12,87.33,62.94,67.09
19.67,19.67,88.67,62.30,69.20
25.01,25.01,85.60,63.16,67.75
28.63,28.63,83.32,65.33,68.07
31.36,31.36,85.54,63.92,68.14
31.51,31.51,81.99,66.25,69.29
32.11,32.11,81.13,66.32,69.44
31.19,31.19,82.45,70.12,70.53
29.11,29.11,78.55,70.01,70.16
22.91,22.91,80.52,70.62,68.14
26.76,26.76,78.83,73.31,70.77
33.92,33.92,82.28,75.14,74.38
34.04,34.04,77.70,79.43,73.37
35.02,35.02,71.92,79.11,69.50
40.18,40.18,60.22,80.87,70.51
52.02,52.02,54.69,79.84,72.06
59.16,59.16,47.55,78.15,71.72
60.47,60.47,44.70,80.45,69.12
56.54,56.54,47.08,79.49,68.27
62.47,62.47,55.67,79.94,71.93
54.66,54.66,55.88,78.82,69.69
55.09,55.09,55.03,79.20,71.10
53.76,53.76,50.70,80.29,72.67
51.35,51.35,58.85,78.07,68.05
42.86,42.86,66.41,78.28,65.28
35.16,35.16,75.11,66.09,62.34
29.82,29.82,91.72,54.65,64.88
30.53,30.53,91.93,50.59,67.65
32.89,32.89,91.22,57.88,67.69
32.98,32.98,89.85,64.96,66.63
36.47,36.47,88.66,67.32,65.58
38.15,38.15,88.73,68.75,68.24
40.25,40.25,85.42,69.24,64.26
39.64,39.64,84.34,68.81,65.09
39.83,39.83,86.30,69.78,65.56
40.07,40.07,82.45,71.59,64.25
42.65,42.65,81.25,73.58,63.94
43.35,43.35,82.77,73.64,63.18
42.14,42.14,78.71,74.90,62.51
34.34,34.34,80.14,75.81,63.26
20.36,20.36,77.38,77.66,62.34
19.32,19.32,81.68,80.90,64.23
14.98,14.98,78.15,82.90,66.78
15.12,15.12,73.57,84.53,68.59
17.25,17.25,63.13,83.62,71.41
21.91,21.91,53.58,84.46,71.38
28.82,28.82,46.92,83.98,69.99
27.45,27.45,44.89,84.48,71.76
25.49,25.49,49.69,83.37,67.87
28.00,28.00,65.34,82.13,70.53
27.27,27.27,66.14,82.66,71.05
26.56,26.56,60.68,82.61,72.30
24.01,24.01,59.01,83.30,70.83
17.40,17.40,61.85,83.07,67.72
6.53,6.53,69.05,83.04,66.38
7.42,7.42,76.74,78.18,63.28
10.45,10.45,89.45,67.53,68.27
3.21,3.21,89.67,56.59,70.65
1.74,1.74,90.02,53.30,71.20
2.26,2.26,89.04,54.12,69.66
5.94,5.94,88.63,54.54,70.39
10.16,10.16,89.78,56.06,69.75
16.72,16.72,86.27,58.06,70.72
23.63,23.63,83.80,61.97,70.52
30.89,30.89,86.06,64.19,69.24
36.98,36.98,83.08,66.42,70.42
29.87,29.87,81.86,66.92,67.35
28.07,28.07,82.42,65.60,63.95
22.39,22.39,79.29,66.09,65.31
13.45,13.45,81.38,64.62,64.61
15.40,15.40,78.68,60.74,65.19
17.56,17.56,80.96,77.62,71.34
16.42,16.42,76.41,83.91,74.08
13.51,13.51,71.65,86.38,72.88
14.69,14.69,61.09,87.84,70.49
20.90,20.90,51.95,88.53,70.62
20.29,20.29,43.75,86.71,70.25
19.18,19.18,40.35,88.38,67.60
17.59,17.59,39.98,88.14,71.51
19.32,19.32,44.28,86.09,72.16
28.30,28.30,48.36,86.94,72.37
30.88,30.88,49.36,87.91,72.71
30.73,30.73,47.63,87.25,73.01
24.10,24.10,57.28,86.75,71.60
18.06,18.06,68.41,87.44,70.71
19.59,19.59,78.20,84.27,70.72
27.19,27.19,91.11,69.53,66.61
31.60,31.60,91.89,63.48,66.73
36.48,36.48,91.20,58.76,67.41
37.00,37.00,91.01,61.58,66.17
36.99,36.99,89.76,64.28,65.85
36.10,36.10,89.99,64.27,65.88
36.80,36.80,86.61,64.14,65.35
36.79,36.79,85.12,68.51,63.21
35.27,35.27,86.79,71.49,66.98
32.65,32.65,83.25,72.54,69.41
32.91,32.91,82.54,73.30,68.58
31.95,31.95,83.59,75.62,65.51
28.85,28.85,79.35,74.62,65.45
21.01,21.01,81.76,74.05,65.16
14.70,14.70,78.12,77.93,67.32
24.40,24.40,81.69,80.90,71.15
22.83,22.83,76.88,83.78,71.29
24.27,24.27,72.14,86.02,71.37
24.85,24.85,63.26,85.99,69.99
23.94,23.94,53.66,85.40,69.46
24.07,24.07,45.73,84.07,66.94
21.49,21.49,40.59,86.10,68.59
19.01,19.01,44.97,85.94,67.29
22.34,22.34,63.28,84.53,70.99
27.01,27.01,65.99,85.88,69.65
30.58,30.58,53.77,85.39,69.37
26.73,26.73,50.14,83.43,68.92
19.73,19.73,56.43,84.55,65.13
14.10,14.10,64.74,85.35,63.80
9.40,9.40,74.33,81.52,60.41
7.17,7.17,89.46,70.32,55.76
6.15,6.15,89.72,55.96,56.80
10.28,10.28,90.50,56.14,58.88
13.38,13.38,89.08,50.19,60.19
14.56,14.56,88.10,58.23,60.05
16.25,16.25,89.77,61.90,60.31
19.51,19.51,86.41,62.39,62.00
23.67,23.67,84.03,66.33,60.86
27.32,27.32,86.15,67.93,66.99
28.11,28.11,82.84,68.78,67.53
25.12,25.12,81.33,69.98,68.58
26.13,26.13,82.80,72.03,68.36
23.15,23.15,79.05,71.93,66.09
17.13,17.13,80.29,74.02,66.22
18.93,18.93,78.71,75.56,69.15
22.56,22.56,81.87,79.74,72.34
20.39,20.39,76.99,80.38,71.23
22.09,22.09,72.32,83.96,71.76
22.29,22.29,63.82,83.67,66.18
25.86,25.86,58.01,81.55,67.24
27.02,27.02,53.52,83.00,65.22
24.82,24.82,51.96,83.16,64.94
17.41,17.41,52.50,82.14,62.99
18.01,18.01,59.29,82.44,65.75
22.85,22.85,64.63,83.46,74.00
27.54,27.54,57.27,81.21,68.13
28.20,28.20,58.22,76.25,67.50
20.17,20.17,58.62,62.15,66.65
18.31,18.31,63.82,56.15,61.00
18.53,18.53,75.19,54.97,63.71
19.04,19.04,91.85,61.12,68.40
18.28,18.28,91.10,66.39,66.83
21.09,21.09,90.00,70.57,68.91
17.58,17.58,90.40,71.95,70.47
25.15,25.15,88.45,72.94,67.58
26.98,26.98,89.12,74.38,66.97
29.46,29.46,85.98,76.30,66.41
27.91,27.91,84.22,75.38,68.12
25.96,25.96,86.20,76.61,68.36
26.37,26.37,82.79,76.59,65.98
32.24,32.24,81.88,77.45,64.30
34.26,34.26,82.93,78.36,64.00
31.38,31.38,79.15,78.85,64.48
23.02,23.02,80.84,79.81,68.24
19.20,19.20,77.96,81.26,72.67
23.23,23.23,82.02,83.17,69.39
19.84,19.84,76.47,85.47,72.86
21.93,21.93,71.56,86.67,72.94
20.04,20.04,63.32,87.51,72.75
23.00,23.00,56.41,87.07,74.00
25.81,25.81,49.97,87.63,76.26
19.55,19.55,46.18,87.36,75.74
20.88,20.88,50.93,86.74,76.69
22.72,22.72,59.06,87.21,77.48
22.96,22.96,59.69,86.56,76.62
26.23,26.23,53.67,86.95,75.33
24.09,24.09,52.89,86.25,75.77
18.42,18.42,57.15,86.89,74.59
12.53,12.53,68.80,86.25,74.25
7.39,7.39,78.35,82.24,72.84
11.89,11.89,88.45,71.01,70.34
5.81,5.81,88.61,67.97,72.22
6.56,6.56,89.60,68.49,73.78
10.40,10.40,88.06,70.84,73.94
11.29,11.29,87.76,72.39,72.82
12.47,12.47,88.82,72.18,73.97
16.29,16.29,85.68,73.07,72.46
21.87,21.87,83.62,73.10,71.71
22.89,22.89,85.90,74.30,70.36
21.15,21.15,82.42,74.48,67.62
25.17,25.17,81.40,72.98,71.19
29.47,29.47,82.87,64.32,69.86
24.98,24.98,79.06,51.88,69.80
19.21,19.21,80.51,54.35,70.77
21.73,21.73,78.79,69.07,73.56
24.53,24.53,80.95,82.08,73.89
22.68,22.68,76.69,82.66,74.53
17.65,17.65,72.14,82.52,76.39
18.18,18.18,63.97,83.75,76.88
21.26,21.26,55.35,84.13,77.51
21.43,21.43,48.12,85.57,75.40
22.69,22.69,45.73,81.83,76.35
21.14,21.14,44.14,84.17,74.91
21.10,21.10,45.41,85.06,76.07
23.11,23.11,47.41,82.22,78.16
26.55,26.55,48.90,85.02,76.62
31.22,31.22,48.76,83.92,75.91
25.09,25.09,60.46,84.02,74.66
15.66,15.66,68.71,83.09,71.46
14.73,14.73,77.11,79.60,70.57
20.62,20.62,91.67,63.93,67.45
25.27,25.27,91.48,63.65,66.36
29.52,29.52,90.77,60.99,67.58
26.66,26.66,90.42,63.81,69.72
31.00,31.00,89.52,63.67,68.75
33.81,33.81,90.08,67.78,70.16
33.45,33.45,87.01,66.47,70.04
31.63,31.63,84.93,68.03,67.79
31.34,31.34,86.90,68.20,72.80
28.81,28.81,83.28,69.45,72.51
31.29,31.29,82.50,71.17,72.14
31.47,31.47,83.47,70.53,71.56
29.82,29.82,79.59,73.78,72.20
22.82,22.82,81.12,73.12,67.43
12.67,12.67,77.95,75.45,67.50
21.26,21.26,82.28,78.46,74.56
19.01,19.01,77.86,81.23,73.90
17.53,17.53,72.99,83.69,74.92
14.76,14.76,62.84,82.38,75.02
17.56,17.56,55.02,83.57,77.12
18.40,18.40,47.53,82.42,76.55
19.08,19.08,45.04,82.54,75.95
17.71,17.71,48.71,83.53,77.30
19.22,19.22,61.53,81.54,77.96
25.00,25.00,61.25,83.04,77.02
30.85,30.85,55.55,81.93,74.46
33.33,33.33,53.69,81.85,73.99
30.45,30.45,59.93,82.54,71.10
23.46,23.46,69.89,80.10,70.63
11.68,11.68,78.39,76.38,65.90
10.24,10.24,89.08,62.62,66.44
5.95,5.95,89.73,54.83,67.11
8.19,8.19,89.51,44.76,67.99
9.62,9.62,89.28,51.04,66.82
13.39,13.39,88.69,58.31,69.74
19.14,19.14,89.17,58.99,68.38
23.13,23.13,86.33,62.14,69.35
27.67,27.67,84.11,65.24,68.29
29.12,29.12,86.07,65.07,72.08
28.11,28.11,82.53,67.37,74.82
27.60,27.60,81.69,66.74,73.08
26.88,26.88,82.55,70.34,72.49
26.75,26.75,78.89,70.30,72.11
30.86,30.86,80.84,70.99,71.15
40.13,40.13,79.28,73.65,72.96
45.96,45.96,81.52,74.92,74.61
49.14,49.14,76.73,78.67,75.16
54.05,54.05,71.94,78.71,73.17
52.83,52.83,61.95,80.95,76.03
58.47,58.47,55.19,79.60,74.11
59.47,59.47,47.61,77.85,75.63
60.12,60.12,43.29,80.33,74.68
55.84,55.84,48.02,79.33,73.87
61.04,61.04,55.42,80.18,75.56
55.79,55.79,58.73,78.58,77.40
55.50,55.50,56.02,79.21,75.34
52.43,52.43,54.72,80.40,75.46
50.56,50.56,62.71,78.04,72.73
43.01,43.01,68.11,71.89,71.74
40.63,40.63,76.94,61.87,70.56
38.27,38.27,91.83,56.32,70.41
41.41,41.41,91.16,53.36,72.12
42.20,42.20,90.77,59.89,68.69
40.95,40.95,89.30,59.33,71.51
40.68,40.68,88.16,59.19,67.67
39.32,39.32,87.61,61.59,67.16
36.70,36.70,83.57,65.80,67.05
36.24,36.24,83.40,71.04,68.74
37.24,37.24,85.68,73.40,67.44
36.90,36.90,81.26,73.23,66.48
37.93,37.93,80.47,74.23,68.13
38.83,38.83,83.07,75.96,68.19
35.21,35.21,77.53,74.89,67.36
28.84,28.84,76.63,75.12,66.09
25.61,25.61,82.92,72.25,65.17
31.82,31.82,88.91,64.14,62.12
30.29,30.29,90.08,58.51,64.18
30.37,30.37,90.19,58.40,67.39
30.30,30.30,88.63,57.96,69.34
29.71,29.71,87.08,53.43,68.26
30.73,30.73,88.35,63.16,68.74
31.03,31.03,85.93,69.01,68.23
28.73,28.73,84.50,69.24,67.78
29.59,29.59,84.83,66.69,72.13
31.38,31.38,81.60,69.97,71.85
31.65,31.65,81.91,72.47,74.46
29.14,29.14,82.68,73.92,72.63
22.53,22.53,77.94,74.18,73.37
14.56,14.56,81.70,75.26,71.17
5.73,5.73,82.68,71.91,69.39
8.85,8.85,89.32,67.17,65.87
8.89,8.89,89.33,58.28,65.32
9.61,9.61,89.18,57.97,64.99
12.65,12.65,88.48,58.89,63.94
15.82,15.82,88.14,60.89,62.71
14.24,14.24,89.42,64.18,65.52
15.46,15.46,86.52,61.66,67.57
18.38,18.38,82.67,65.32,68.08
20.71,20.71,85.45,68.45,68.03
22.07,22.07,82.57,70.62,69.84
27.37,27.37,80.84,69.50,67.77
27.52,27.52,81.75,68.40,70.02
23.76,23.76,78.51,70.92,64.87
17.44,17.44,80.55,62.15,66.90
17.93,17.93,78.90,56.84,65.22
23.05,23.05,88.87,55.06,63.64
24.11,24.11,90.70,50.79,64.28
25.76,25.76,89.74,53.27,69.19
25.12,25.12,87.73,54.69,66.87
26.47,26.47,88.13,64.83,69.71
26.14,26.14,89.66,70.67,69.44
22.61,22.61,86.18,73.81,68.06
24.63,24.63,83.36,75.08,68.51
26.17,26.17,86.14,75.23,69.46
25.52,25.52,83.06,77.16,71.64
26.91,26.91,81.77,79.09,70.49
25.72,25.72,83.93,79.74,69.73
22.98,22.98,79.22,79.58,69.52
17.85,17.85,80.08,80.66,66.50
16.30,16.30,84.60,76.79,67.60
24.11,24.11,90.30,68.92,67.22
29.14,29.14,90.78,60.77,68.60
31.80,31.80,90.20,60.40,69.77
24.49,24.49,90.57,63.30,69.96
26.13,26.13,89.97,67.24,68.72
28.34,28.34,89.56,69.52,68.05
24.54,24.54,85.37,70.82,68.52
24.60,24.60,84.57,73.21,67.46
25.56,25.56,86.60,76.63,68.14
26.52,26.52,82.47,76.53,67.73
26.72,26.72,82.52,77.03,70.45
25.71,25.71,84.17,80.03,71.98
22.41,22.41,80.15,80.03,69.24
18.55,18.55,84.86,78.14,71.81
19.00,19.00,81.45,75.91,69.55
19.86,19.86,89.55,69.81,65.04
19.47,19.47,89.78,62.70,63.80
17.56,17.56,90.64,62.50,66.60
24.87,24.87,89.52,67.12,65.08
25.41,25.41,88.06,68.28,67.43
20.39,20.39,88.04,64.90,68.19
18.17,18.17,85.72,70.38,70.45
16.92,16.92,84.33,72.80,72.11
18.12,18.12,85.41,71.60,71.31
16.81,16.81,82.32,74.52,72.16
17.01,17.01,81.60,76.14,68.43
15.13,15.13,82.60,75.62,67.14
12.17,12.17,79.19,77.44,65.07
5.62,5.62,81.09,77.34,59.76
5.65,5.65,82.52,70.28,57.49
10.90,10.90,87.58,63.82,54.14
7.92,7.92,89.40,59.89,57.66
7.29,7.29,89.15,58.96,58.01
6.76,6.76,87.72,59.35,59.31
6.08,6.08,86.15,59.96,60.78
6.81,6.81,87.99,68.16,61.88
9.54,9.54,85.18,67.71,64.05
9.99,9.99,81.91,69.28,64.28
15.07,15.07,84.59,71.12,65.79
19.98,19.98,82.37,72.51,64.48
16.10,16.10,81.47,73.24,64.94
14.72,14.72,82.25,75.34,63.01
11.49,11.49,79.89,76.12,62.06
8.95,8.95,79.90,74.18,58.37
16.30,16.30,83.08,71.85,59.39
20.44,20.44,88.47,54.18,58.46
22.61,22.61,89.95,54.23,58.16
20.46,20.46,88.66,59.06,64.54
18.48,18.48,87.99,60.95,62.05
25.78,25.78,88.32,57.68,65.23
19.46,19.46,89.07,62.99,66.05
19.32,19.32,86.12,63.93,65.69
18.97,18.97,83.84,67.76,65.32
16.01,16.01,86.04,71.48,65.52
13.12,13.12,82.91,73.70,68.05
19.15,19.15,82.41,73.79,65.06
23.90,23.90,83.70,70.85,68.03
22.23,22.23,80.32,56.96,66.25
22.30,22.30,81.59,68.17,66.46
18.31,18.31,78.26,63.69,70.33
15.34,15.34,78.31,69.87,70.86
18.60,18.60,74.22,74.80,74.06
23.52,23.52,73.10,74.26,70.97
22.85,22.85,72.65,77.03,77.04
16.21,16.21,72.68,77.27,75.62
15.51,15.51,71.60,73.91,74.29
13.97,13.97,71.76,74.82,74.16
10.13,10.13,72.25,77.77,71.96
11.03,11.03,72.94,75.80,74.74
10.30,10.30,72.44,73.56,71.27
10.56,10.56,72.41,75.62,71.19
11.77,11.77,72.10,76.03,70.32
8.81,8.81,72.40,73.52,70.79
6.60,6.60,71.44,73.53,70.63
10.89,10.89,70.81,75.60,70.33
11.88,11.88,69.73,73.60,69.70
13.87,13.87,69.33,72.20,72.26
13.55,13.55,69.83,75.15,72.67
11.93,11.93,68.63,74.75,74.59
11.47,11.47,68.69,73.01,73.28
13.09,13.09,68.65,73.82,72.13
9.26,9.26,69.89,74.10,71.36
15.26,15.26,70.63,72.53,71.47
16.29,16.29,68.56,73.02,70.97
17.60,17.60,68.50,74.12,71.04
22.87,22.87,68.31,72.51,71.98
21.02,21.02,68.80,73.52,69.98
15.49,15.49,67.07,74.81,71.62
14.81,14.81,66.31,73.13,71.71
12.22,12.22,65.77,72.35,71.72
11.97,11.97,65.04,72.93,75.08
14.91,14.91,63.57,72.52,78.31
23.10,23.10,62.39,72.04,78.85
27.66,27.66,64.29,73.04,77.66
25.28,25.28,63.17,72.46,76.12
23.45,23.45,63.13,72.01,78.06
31.11,31.11,62.63,73.60,77.57
33.39,33.39,62.28,72.43,78.68
34.48,34.48,63.76,72.18,78.10
33.45,33.45,63.51,72.04,75.27
33.84,33.84,63.76,71.57,70.20
34.83,34.83,63.65,70.72,71.84
38.61,38.61,62.93,69.27,69.69
50.24,50.24,63.58,63.95,68.34
62.62,62.62,62.93,69.01,69.18
66.08,66.08,60.61,67.05,67.22
73.80,73.80,61.59,65.67,70.51
77.71,77.71,59.80,73.37,68.60
80.20,80.20,50.91,74.91,70.15
78.73,78.73,47.82,71.67,71.67
76.49,76.49,49.10,72.57,69.48
72.19,72.19,48.17,73.22,71.53
69.95,69.95,46.63,71.76,69.86
71.11,71.11,48.66,73.23,69.13
70.83,70.83,47.99,71.09,69.16
71.41,71.41,51.98,72.44,70.88
72.77,72.77,48.88,72.47,70.57
72.65,72.65,51.04,72.34,69.96
71.73,71.73,52.48,73.15,70.20
70.70,70.70,49.53,70.99,70.34
69.74,69.74,46.28,70.02,69.92
79.88,79.88,40.14,71.62,70.58
84.61,84.61,37.66,70.96,69.47
85.60,85.60,39.80,72.74,67.26
84.40,84.40,38.82,70.10,68.23
84.49,84.49,38.44,71.02,68.97
83.04,83.04,37.51,70.56,69.33
82.19,82.19,36.41,69.82,69.05
82.06,82.06,36.58,72.03,68.68
77.05,77.05,35.26,70.22,69.00
77.33,77.33,33.78,71.44,68.16
77.90,77.90,35.52,69.75,70.22
76.75,76.75,35.96,69.81,67.98
77.25,77.25,37.42,70.95,68.68
77.31,77.31,38.40,68.62,70.54
76.42,76.42,38.01,70.71,71.77
77.04,77.04,37.30,69.31,75.58
75.65,75.65,34.85,69.28,76.11
75.20,75.20,36.34,69.65,76.90
74.32,74.32,38.55,69.24,76.29
74.50,74.50,36.94,70.12,75.99
75.16,75.16,40.72,68.04,75.81
73.86,73.86,44.41,70.55,75.73
75.02,75.02,42.91,69.30,76.25
73.21,73.21,39.89,68.09,74.52
70.80,70.80,44.08,69.69,74.32
66.80,66.80,54.26,68.70,75.65
65.18,65.18,60.43,69.53,75.12
67.47,67.47,64.46,67.75,74.25
69.63,69.63,69.27,68.01,73.25
68.55,68.55,67.74,69.37,75.54
66.47,66.47,59.15,67.16,74.47
79.66,79.66,63.51,69.44,75.64
85.99,85.99,66.33,68.42,75.76
81.81,81.81,69.92,68.33,74.50
81.11,81.11,69.36,68.10,74.89
80.96,80.96,66.22,67.71,76.06
83.52,83.52,66.28,68.99,75.11
83.31,83.31,65.67,66.45,74.78
83.06,83.06,63.03,69.00,75.14
83.35,83.35,60.95,67.35,74.68
82.03,82.03,59.83,66.64,72.64
83.84,83.84,59.16,68.05,72.78
76.13,76.13,58.22,66.98,73.54
64.73,64.73,54.85,67.75,69.85
63.69,63.69,49.62,67.47,64.38
62.34,62.34,46.75,67.76,62.43
60.35,60.35,47.49,67.16,63.90
60.61,60.61,49.14,65.34,65.01
65.02,65.02,49.13,67.77,64.26
65.92,65.92,44.87,65.92,64.39
67.35,67.35,44.45,66.71,64.11
71.31,71.31,43.02,65.78,63.86
72.13,72.13,42.45,65.58,61.41
72.47,72.47,39.89,67.31,60.42
71.17,71.17,36.89,64.33,60.08
78.94,78.94,34.56,66.83,57.97
82.01,82.01,35.65,62.67,56.95
82.53,82.53,39.96,60.58,57.38
83.07,83.07,43.28,72.28,56.47
84.70,84.70,40.25,70.01,56.70
84.67,84.67,46.09,74.92,58.64
79.09,79.09,49.76,72.98,66.30
78.78,78.78,44.22,66.12,65.86
83.51,83.51,47.27,68.60,64.92
84.00,84.00,48.04,70.34,64.91
83.82,83.82,49.67,72.33,65.12
83.48,83.48,42.56,70.97,65.84
83.95,83.95,39.63,68.15,64.66
83.76,83.76,39.36,69.12,63.09
83.06,83.06,40.60,68.56,63.79
82.21,82.21,40.38,68.08,62.27
80.74,80.74,36.51,66.92,62.13
82.13,82.13,34.92,66.92,62.99
79.49,79.49,34.87,67.21,61.82
71.51,71.51,37.14,66.48,63.16
76.46,76.46,34.16,65.61,62.73
81.77,81.77,35.18,68.49,67.66
82.68,82.68,34.77,67.38,68.08
81.94,81.94,33.59,66.02,67.05
83.86,83.86,35.06,67.14,64.36
83.54,83.54,33.28,66.24,64.83
83.86,83.86,31.90,65.75,63.13
78.61,78.61,32.40,66.18,59.08
73.78,73.78,33.35,63.63,60.22
77.39,77.39,34.92,62.86,62.29
75.52,75.52,37.56,62.60,62.35
75.64,75.64,39.44,62.92,65.13
73.75,73.75,38.62,64.25,64.24
69.35,69.35,36.66,65.17,67.31
64.96,64.96,31.22,65.18,72.11
57.02,57.02,26.58,63.03,76.91
58.56,58.56,26.84,65.22,76.90
56.56,56.56,29.18,66.11,76.44
64.01,64.01,31.71,65.94,77.67
62.48,62.48,29.83,64.66,76.26
61.28,61.28,28.78,63.87,75.91
51.47,51.47,28.64,62.98,76.85
60.73,60.73,28.75,65.37,75.68
57.68,57.68,29.46,66.03,75.80
59.42,59.42,36.58,66.82,69.85
52.49,52.49,47.56,64.30,65.88
53.89,53.89,46.79,61.26,66.41
53.89,53.89,66.25,56.21,67.23
49.62,49.62,77.37,65.26,66.76
51.75,51.75,62.34,70.56,67.63
53.01,53.01,67.02,71.28,68.55
49.49,49.49,62.66,73.83,69.05
53.74,53.74,58.07,76.81,72.96
51.01,51.01,53.34,72.66,71.10
48.32,48.32,53.45,74.69,71.42
53.06,53.06,49.01,77.01,70.61
53.96,53.96,42.61,75.17,69.43
52.16,52.16,42.05,73.78,71.00
50.57,50.57,42.28,75.66,69.44
49.47,49.47,44.06,73.55,70.56
48.91,48.91,45.35,74.38,69.13
49.23,49.23,44.88,74.70,67.80
49.87,49.87,42.95,73.25,68.23
48.29,48.29,40.44,74.73,68.75
41.99,41.99,39.07,73.06,67.89
43.44,43.44,33.01,73.21,66.89
43.31,43.31,30.11,73.07,66.43
45.42,45.42,30.60,74.97,69.64
47.40,47.40,34.53,72.56,68.21
47.02,47.02,34.86,71.92,68.18
43.15,43.15,34.24,73.04,67.28
35.77,35.77,34.69,72.85,68.22
35.65,35.65,35.15,72.39,66.87
42.05,42.05,35.00,72.80,69.17
44.95,44.95,35.85,73.36,68.37
42.81,42.81,36.98,71.26,68.69
33.95,33.95,37.84,72.33,68.36
36.24,36.24,39.73,72.50,67.48
37.52,37.52,40.86,72.34,68.09
30.29,30.29,41.32,71.53,67.54
27.46,27.46,38.30,72.95,67.79
25.95,25.95,35.18,71.46,69.26
25.85,25.85,36.03,71.33,70.01
26.08,26.08,36.53,71.74,69.51
27.90,27.90,35.92,71.48,69.12
28.48,28.48,34.80,71.13,70.77
27.92,27.92,32.40,71.21,69.97
25.98,25.98,32.34,71.99,68.51
30.23,30.23,33.82,69.57,69.64
28.73,28.73,35.55,70.85,67.55
27.60,27.60,38.66,70.63,69.54
20.63,20.63,47.93,70.69,68.29
17.08,17.08,57.25,68.95,69.33
14.47,14.47,73.57,70.00,70.76
14.28,14.28,74.72,70.18,67.83
17.71,17.71,72.40,68.20,71.40
17.87,17.87,65.64,69.46,67.29
17.32,17.32,64.60,69.09,68.00
19.09,19.09,69.08,68.45,68.00
23.76,23.76,67.98,68.87,66.13
26.23,26.23,66.72,69.03,66.32
28.27,28.27,66.50,68.10,66.42
29.03,29.03,66.35,67.44,67.74
33.03,33.03,63.55,68.96,66.16
32.73,32.73,61.76,68.28,67.60
35.31,35.31,60.53,66.92,66.33
33.14,33.14,61.21,68.42,66.60
32.46,32.46,59.74,67.77,65.77
32.08,32.08,58.52,66.38,65.66
30.43,30.43,55.80,66.59,60.49
31.15,31.15,53.66,67.72,60.27
28.89,28.89,56.23,66.15,58.85
32.28,32.28,57.76,67.38,58.44
34.81,34.81,57.51,67.52,58.37
35.74,35.74,57.52,67.18,58.62
34.52,34.52,57.12,65.62,58.67
37.28,37.28,55.07,67.11,55.92
34.61,34.61,53.79,66.61,55.25
36.23,36.23,50.90,65.12,52.25
35.93,35.93,48.00,66.39,52.94
35.24,35.24,45.21,65.83,54.92
35.36,35.36,52.05,60.02,53.58
30.88,30.88,63.27,54.59,54.84
15.46,15.46,72.32,59.57,59.88
9.95,9.95,68.92,61.56,63.94
6.85,6.85,64.82,71.42,71.91
7.98,7.98,65.09,73.76,74.84
9.98,9.98,64.51,73.86,73.90
10.12,10.12,63.57,74.26,73.51
11.87,11.87,61.39,73.65,73.46
13.68,13.68,48.66,72.76,73.53
16.98,16.98,41.22,73.71,74.28
18.45,18.45,37.72,73.89,73.06
19.53,19.53,40.41,72.12,73.90
21.66,21.66,47.21,71.28,72.47
22.44,22.44,43.12,71.23,71.49
24.04,24.04,34.56,71.00,71.33
22.96,22.96,34.39,70.94,70.33
14.02,14.02,39.63,71.54,70.79
8.22,8.22,35.13,70.91,69.73
8.93,8.93,36.92,71.33,71.25
11.67,11.67,31.75,71.72,70.95
15.75,15.75,33.13,71.23,71.42
20.18,20.18,30.71,71.11,72.31
23.89,23.89,30.91,70.90,71.06
23.66,23.66,30.76,71.37,71.28
26.05,26.05,30.89,70.71,69.55
26.87,26.87,30.20,70.75,70.45
27.82,27.82,32.01,70.68,72.44
29.95,29.95,35.67,71.14,68.54
30.46,30.46,35.22,70.79,70.79
29.33,29.33,36.17,71.36,67.95
26.88,26.88,35.47,70.66,70.86
21.29,21.29,35.34,70.34,67.62
17.82,17.82,35.13,70.67,72.92
18.07,18.07,34.88,70.39,77.13
16.57,16.57,33.82,70.51,76.99
20.80,20.80,32.61,70.04,75.98
23.77,23.77,30.29,70.31,77.41
23.35,23.35,26.07,70.08,75.67
25.35,25.35,25.26,70.19,76.96
25.25,25.25,29.93,70.66,76.98
33.13,33.13,40.28,70.20,74.32
39.62,39.62,36.03,70.38,66.19
58.42,58.42,28.69,69.06,67.24
67.01,67.01,32.47,64.25,66.69
68.93,68.93,47.67,63.65,65.18
66.92,66.92,57.48,60.95,63.69
73.54,73.54,68.50,68.81,65.41
77.42,77.42,74.59,72.73,61.48
80.20,80.20,62.48,72.53,63.13
79.17,79.17,66.08,77.22,67.84
78.62,78.62,55.72,75.03,66.76
78.62,78.62,55.78,72.62,69.41
78.14,78.14,57.55,72.99,65.88
70.26,70.26,52.91,70.45,66.55
68.13,68.13,50.41,72.47,68.52
69.39,69.39,47.56,71.48,67.86
71.34,71.34,48.22,73.16,68.37
71.04,71.04,49.55,72.90,68.10
69.14,69.14,49.96,70.56,68.11
67.98,67.98,49.11,70.89,67.83
67.12,67.12,43.00,70.52,66.88
66.86,66.86,34.90,72.79,63.44
76.28,76.28,32.53,72.01,65.19
76.69,76.69,33.24,70.86,67.23
78.24,78.24,33.76,72.90,67.39
77.77,77.77,31.40,70.17,67.66
75.00,75.00,30.05,71.62,67.72
68.83,68.83,31.06,70.41,68.74
58.44,58.44,29.37,70.75,67.68
55.89,55.89,34.32,71.96,68.04
53.60,53.60,36.60,69.68,68.58
55.53,55.53,34.10,70.94,70.37
59.28,59.28,31.39,69.12,68.27
75.26,75.26,36.23,70.63,66.43
77.50,77.50,37.52,70.50,68.11
75.96,75.96,33.71,70.02,67.81
72.77,72.77,33.47,70.93,66.77
80.31,80.31,38.11,69.49,65.04
83.31,83.31,43.80,70.02,71.59
82.14,82.14,46.02,69.47,73.78
80.58,80.58,46.36,69.72,74.89
80.69,80.69,43.93,71.05,74.95
81.39,81.39,42.72,68.60,73.60
74.84,74.84,38.25,70.44,75.91
66.41,66.41,29.72,69.07,75.51
63.05,63.05,27.49,68.69,75.28
62.07,62.07,25.12,69.80,75.30
62.46,62.46,28.54,68.96,75.55
71.72,71.72,39.11,69.62,75.70
77.44,77.44,45.25,67.52,74.97
75.99,75.99,58.30,69.46,77.11
70.18,70.18,73.46,68.81,77.46
77.61,77.61,73.84,67.12,76.86
82.36,82.36,70.37,69.58,77.27
80.55,80.55,65.40,67.90,77.45
80.77,80.77,60.74,68.48,77.85
75.18,75.18,64.98,67.67,78.01
60.91,60.91,66.92,68.29,78.24
62.90,62.90,66.06,69.35,77.59
69.59,69.59,66.95,66.69,77.12
76.80,76.80,64.89,69.51,76.69
75.33,75.33,60.17,67.87,77.18
67.46,67.46,55.67,67.75,77.08
57.96,57.96,52.95,68.38,76.80
60.69,60.69,51.07,67.37,76.87
62.62,62.62,58.32,68.54,76.31
54.81,54.81,64.23,66.72,75.77
55.33,55.33,65.78,68.12,75.15
52.64,52.64,61.86,68.34,75.65
51.25,51.25,56.63,65.92,75.46
54.61,54.61,56.43,68.12,74.92
64.09,64.09,51.37,66.63,76.19
66.55,66.55,47.68,66.84,75.45
70.68,70.68,40.46,65.37,71.04
78.50,78.50,40.47,66.73,68.27
79.62,79.62,44.91,66.89,70.26
81.29,81.29,44.48,64.88,69.65
82.61,82.61,44.90,68.90,68.43
83.52,83.52,46.48,67.25,66.62
83.23,83.23,48.45,64.61,67.20
82.74,82.74,64.18,63.87,67.18
81.64,81.64,71.42,70.36,68.78
78.53,78.53,68.39,68.50,69.07
74.13,74.13,64.66,70.22,67.87
70.38,70.38,52.33,66.36,66.74
66.02,66.02,41.90,67.85,65.73
65.05,65.05,53.74,70.72,66.97
64.93,64.93,52.39,69.62,64.64
66.49,66.49,53.53,72.34,65.09
67.39,67.39,46.91,69.99,65.89
63.61,63.61,47.52,66.14,65.05
59.95,59.95,46.48,66.88,65.03
62.30,62.30,41.65,68.21,64.76
60.24,60.24,42.04,67.02,64.67
57.13,57.13,39.84,68.96,64.48
56.00,56.00,34.92,66.92,63.21
55.79,55.79,38.28,67.58,64.24
53.28,53.28,41.63,68.16,64.12
53.27,53.27,42.94,69.80,62.27
49.36,49.36,41.19,66.47,69.02
47.77,47.77,39.39,67.75,70.72
46.87,46.87,38.54,68.62,70.33
45.56,45.56,34.77,68.21,70.05
47.18,47.18,33.16,66.30,69.66
47.58,47.58,32.42,63.84,69.53
47.94,47.94,31.43,66.18,69.84
50.96,50.96,30.17,66.87,70.97
54.18,54.18,29.92,66.88,70.97
69.91,69.91,35.65,67.37,68.92
75.57,75.57,42.05,68.52,70.75
75.96,75.96,37.42,66.18,71.56
70.23,70.23,38.37,66.88,71.54
79.24,79.24,41.72,66.84,71.96
79.59,79.59,33.46,65.84,75.70
79.30,79.30,32.79,64.29,75.05
78.49,78.49,28.19,65.92,74.90
76.17,76.17,23.17,65.65,74.44
61.36,61.36,20.33,65.28,75.14
63.79,63.79,25.21,64.92,74.93
70.28,70.28,30.40,66.27,75.86
75.52,75.52,29.14,67.37,74.36
75.28,75.28,26.99,66.28,75.62
69.51,69.51,29.65,65.41,74.47
60.68,60.68,43.80,64.41,69.61
68.22,68.22,54.39,59.48,65.06
63.62,63.62,60.20,46.34,62.70
57.16,57.16,66.90,45.79,66.83
51.10,51.10,70.83,58.67,65.93
50.01,50.01,69.79,65.74,68.08
51.82,51.82,60.53,72.37,68.91
53.83,53.83,57.38,71.27,71.82
65.60,65.60,56.26,69.54,68.76
66.54,66.54,51.68,69.72,70.78
74.36,74.36,46.32,73.03,69.25
78.59,78.59,43.14,72.40,69.18
81.51,81.51,42.15,70.21,68.78
81.50,81.50,44.49,72.06,67.38
82.29,82.29,44.66,71.04,71.00
82.01,82.01,41.95,71.46,63.74
81.72,81.72,40.71,71.11,67.91
82.24,82.24,35.72,72.90,65.04
82.31,82.31,37.18,71.16,64.21
79.16,79.16,37.44,71.44,66.15
79.53,79.53,38.68,71.61,63.82
80.00,80.00,36.97,71.60,65.30
81.12,81.12,34.39,70.64,64.27
79.78,79.78,33.58,72.10,64.69
80.32,80.32,33.52,72.28,63.21
81.76,81.76,34.21,70.86,65.07
80.42,80.42,35.81,71.72,65.85
77.31,77.31,34.52,71.19,65.12
76.55,76.55,32.82,70.23,64.31
75.40,75.40,34.29,69.83,65.07
74.00,74.00,36.56,71.60,64.04
70.11,70.11,36.90,69.74,67.65
71.15,71.15,32.92,70.48,63.17
72.20,72.20,39.89,70.16,68.49
76.27,76.27,39.65,70.31,63.05
78.88,78.88,34.57,68.98,64.31
79.32,79.32,36.40,70.79,70.15
79.23,79.23,34.61,70.49,69.90
77.88,77.88,33.45,68.82,69.74
78.60,78.60,31.96,69.67,69.37
78.78,78.78,34.78,69.33,69.30
70.56,70.56,39.76,68.90,70.05
72.87,72.87,39.50,68.11,71.12
70.27,70.27,41.52,69.87,72.52
69.44,69.44,39.08,68.12,69.74
69.36,69.36,46.31,68.49,69.13
70.95,70.95,52.82,68.04,69.01
72.11,72.11,59.86,67.06,66.69
70.40,70.40,73.31,65.03,68.30
73.29,73.29,75.01,68.12,68.69
75.66,75.66,71.54,67.40,67.24
76.96,76.96,67.82,66.30,67.73
77.77,77.77,67.67,67.17,66.41
79.10,79.10,68.80,67.05,66.43
79.48,79.48,68.19,65.52,65.98
82.42,82.42,67.42,66.66,68.38
81.89,81.89,66.54,66.53,69.26
80.66,80.66,64.76,64.66,68.80
79.60,79.60,62.14,65.36,66.82
73.50,73.50,60.00,66.11,65.58
72.53,72.53,57.37,66.43,66.60
75.03,75.03,55.27,65.56,66.20
72.83,72.83,60.58,65.95,67.36
67.72,67.72,65.85,65.38,64.51
67.19,67.19,55.86,64.07,60.59
69.54,69.54,68.07,65.45,58.33
74.64,74.64,68.68,66.51,59.09
80.59,80.59,61.49,65.44,59.66
77.31,77.31,57.73,66.84,61.01
77.98,77.98,64.39,66.44,60.74
77.77,77.77,65.45,64.22,60.85
80.21,80.21,60.61,64.40,61.17
82.60,82.60,59.03,64.71,61.61
81.41,81.41,51.78,65.55,63.36
81.56,81.56,53.01,63.09,58.83
81.33,81.33,54.04,65.12,59.86
78.14,78.14,52.78,60.84,57.54
79.92,79.92,63.00,57.34,61.93
80.43,80.43,74.74,56.96,67.80
80.90,80.90,72.02,57.31,69.12
80.09,80.09,65.39,64.68,72.45
80.43,80.43,64.29,71.77,74.62
79.46,79.46,60.81,74.66,74.23
80.39,80.39,51.22,74.42,72.84
80.50,80.50,45.15,72.85,76.08
79.46,79.46,55.28,73.79,74.64
76.71,76.71,54.03,72.79,74.16
82.15,82.15,50.91,73.63,74.25
81.38,81.38,39.75,74.38,72.30
79.74,79.74,37.87,73.63,72.45
79.09,79.09,37.36,73.34,71.09
79.95,79.95,39.11,73.01,69.77
77.81,77.81,38.17,73.14,71.68
77.17,77.17,33.78,72.36,72.88
78.80,78.80,34.12,72.24,71.66
77.79,77.79,31.87,73.03,71.18
77.00,77.00,35.25,72.25,74.62
74.72,74.72,43.04,72.21,74.01
71.91,71.91,46.28,72.26,73.22
73.60,73.60,57.89,71.56,75.90
78.38,78.38,59.08,71.59,73.42
79.30,79.30,53.15,71.13,74.41
78.83,78.83,43.81,70.93,73.03
79.90,79.90,42.36,70.90,72.35
79.06,79.06,44.43,70.20,72.14
78.78,78.78,46.18,70.26,70.79
77.48,77.48,43.37,69.12,71.83
73.14,73.14,40.35,69.93,69.88
64.84,64.84,38.22,70.16,72.07
58.36,58.36,31.16,69.61,73.62
65.97,65.97,25.82,70.11,79.12
66.36,66.36,26.78,67.87,78.57
61.57,61.57,35.15,70.00,80.06
58.79,58.79,41.80,68.09,79.09
53.47,53.47,44.17,69.42,77.44
56.37,56.37,62.17,67.92,79.00
64.05,64.05,58.23,69.78,78.50
58.30,58.30,49.61,70.69,78.60
56.59,56.59,42.75,70.37,75.55
61.35,61.35,48.21,70.86,68.73
54.13,54.13,47.76,70.57,67.06
49.52,49.52,52.67,68.99,69.10
47.69,47.69,66.22,65.87,68.00
46.35,46.35,77.57,61.71,69.63
44.04,44.04,75.61,54.70,71.81
47.38,47.38,68.80,58.80,73.41
47.82,47.82,61.89,65.73,72.06
43.22,43.22,54.10,66.41,72.25
47.47,47.47,53.52,73.59,73.52
48.18,48.18,58.19,72.51,74.08
47.87,47.87,61.03,72.49,71.47
43.95,43.95,59.50,70.54,72.08
41.56,41.56,51.84,69.64,73.14
40.03,40.03,49.94,70.78,71.56
41.34,41.34,49.15,69.39,71.08
44.88,44.88,49.25,71.07,71.11
51.25,51.25,46.78,69.94,69.38
64.22,64.22,38.15,70.05,70.29
68.18,68.18,37.69,70.84,67.44
77.88,77.88,37.48,69.48,64.72
76.63,76.63,38.76,70.30,68.05
78.43,78.43,29.96,68.66,67.65
78.46,78.46,39.08,69.12,69.86
77.87,77.87,38.06,69.29,67.87
74.93,74.93,31.74,68.85,66.65
65.36,65.36,34.71,70.47,68.53
63.14,63.14,36.84,68.83,68.33
59.01,59.01,34.64,68.63,65.92
59.50,59.50,37.25,68.91,65.96
70.83,70.83,41.57,69.14,68.27
71.08,71.08,42.63,70.67,66.63
73.65,73.65,40.86,69.41,63.12
72.72,72.72,38.09,70.64,66.02
75.58,75.58,37.38,69.47,63.04
73.28,73.28,36.04,68.44,69.21
74.93,74.93,42.59,69.71,78.54
76.19,76.19,43.44,67.75,77.77
75.66,75.66,41.17,68.57,77.66
75.90,75.90,39.39,68.18,76.92
76.09,76.09,44.83,67.72,77.85
76.16,76.16,42.16,68.07,78.44
75.78,75.78,42.26,66.78,77.47
76.09,76.09,40.63,67.81,76.72
73.11,73.11,31.49,65.32,77.54
76.03,76.03,39.44,66.53,76.10
77.58,77.58,50.08,65.38,73.73
78.43,78.43,55.72,64.16,73.25
78.41,78.41,70.77,67.06,71.14
78.16,78.16,76.80,65.40,75.52
78.39,78.39,75.36,65.38,73.70
80.46,80.46,70.26,64.03,75.86
80.41,80.41,66.93,65.20,74.39
78.41,78.41,70.76,66.14,73.83
77.83,77.83,69.99,63.29,73.80
77.77,77.77,69.28,65.89,74.76
77.15,77.15,67.64,65.37,74.45
76.92,76.92,66.40,66.08,71.71
76.85,76.85,64.90,65.34,73.79
76.64,76.64,61.60,65.22,73.27
75.56,75.56,59.14,65.24,75.10
74.96,74.96,59.07,63.17,75.08
73.90,73.90,53.87,65.16,75.11
68.41,68.41,54.31,62.46,74.56
70.99,70.99,57.99,63.55,75.59
72.26,72.26,51.77,62.76,74.78
72.99,72.99,45.03,62.96,73.85
77.21,77.21,50.78,62.52,75.15
76.07,76.07,51.35,58.81,75.12
75.73,75.73,49.01,63.71,72.36
76.19,76.19,57.17,61.31,69.79
76.54,76.54,58.34,61.41,69.50
75.27,75.27,57.99,60.33,69.00
74.42,74.42,55.13,60.30,70.47
74.96,74.96,54.30,61.35,72.59
83.44,83.44,50.47,59.71,71.67
81.75,81.75,42.97,62.00,70.52
80.89,80.89,48.60,50.05,71.67
79.43,79.43,69.04,59.09,71.47
80.21,80.21,67.20,64.50,70.79
80.47,80.47,64.39,68.52,70.36
80.41,80.41,62.79,65.38,69.56
80.92,80.92,56.36,69.85,69.45
81.57,81.57,53.55,70.32,67.13
81.08,81.08,53.54,69.01,67.95
79.78,79.78,49.03,70.07,68.91
78.33,78.33,54.73,67.83,65.56
79.58,79.58,53.47,66.37,70.21
79.07,79.07,54.14,68.96,68.68
70.99,70.99,52.06,67.39,68.42
68.88,68.88,45.31,66.18,66.69
65.44,65.44,41.32,68.38,69.00
66.23,66.23,44.21,68.60,67.98
69.91,69.91,48.74,67.29,69.19
71.98,71.98,44.47,69.81,65.42
72.77,72.77,46.69,69.75,65.84
77.22,77.22,44.57,68.70,65.94
79.56,79.56,40.86,67.33,68.51
81.39,81.39,38.17,68.27,71.07
81.41,81.41,46.32,69.90,71.73
81.39,81.39,50.53,66.43,70.77
80.28,80.28,54.20,65.23,68.73
79.37,79.37,47.72,66.51,68.63
73.63,73.63,43.73,67.25,69.65
70.41,70.41,47.23,66.43,68.56
70.52,70.52,42.27,66.78,69.59
70.17,70.17,43.09,67.78,68.62
71.22,71.22,45.35,67.11,70.25
72.42,72.42,40.88,65.53,69.89
76.28,76.28,40.66,66.00,66.81
83.44,83.44,44.12,64.96,74.51
82.40,82.40,38.10,63.26,78.20
79.50,79.50,42.56,63.93,77.22
77.34,77.34,36.73,65.11,76.63
68.03,68.03,34.81,65.49,76.12
62.66,62.66,30.79,64.25,75.29
64.31,64.31,42.33,64.90,74.15
61.27,61.27,37.32,65.32,74.90
57.29,57.29,35.53,65.13,74.36
59.25,59.25,38.71,63.32,73.68
56.69,56.69,35.59,63.70,74.63
59.92,59.92,46.83,62.97,75.23
57.70,57.70,56.59,58.74,73.64
59.49,59.49,64.62,56.42,70.40
63.84,63.84,68.01,48.41,67.39
74.03,74.03,72.47,52.94,67.40
76.19,76.19,70.64,66.91,66.61
69.79,69.79,68.18,67.74,67.73
67.66,67.66,59.17,69.88,69.48
68.82,68.82,52.43,72.60,70.34
66.76,66.76,47.77,72.34,71.60
66.96,66.96,48.35,70.17,71.94
82.73,82.73,49.27,70.14,67.85
78.51,78.51,52.89,70.09,70.52
76.23,76.23,49.93,68.73,66.97
81.99,81.99,46.93,70.23,69.86
83.60,83.60,48.44,69.39,66.34
83.17,83.17,40.59,67.72,67.26
82.56,82.56,45.10,69.52,68.44
82.36,82.36,48.30,69.50,68.59
82.02,82.02,38.45,69.68,68.19
81.34,81.34,39.34,70.76,70.49
81.71,81.71,37.73,69.01,72.25
80.15,80.15,32.53,70.03,71.04
79.42,79.42,34.60,69.81,71.80
84.82,84.82,35.21,71.35,71.08
79.70,79.70,47.09,69.21,72.55
82.40,82.40,39.26,69.98,70.61
79.47,79.47,37.54,69.15,69.51
80.28,80.28,31.08,68.79,69.46
77.74,77.74,34.81,68.34,69.84
70.29,70.29,38.17,68.48,70.51
65.66,65.66,40.66,67.56,70.44
69.46,69.46,55.95,65.78,71.19
70.65,70.65,66.49,66.38,70.47
70.94,70.94,66.91,66.98,72.08
70.45,70.45,66.56,65.61,73.31
71.10,71.10,52.42,63.27,73.28
73.43,73.43,36.85,64.65,73.80
77.28,77.28,34.87,64.02,73.81
75.16,75.16,39.40,64.13,73.07
73.48,73.48,40.09,67.41,72.90
70.81,70.81,38.02,65.22,70.82
72.03,72.03,29.95,63.14,73.58
74.47,74.47,27.20,64.20,72.36
75.85,75.85,27.60,63.97,73.16
76.25,76.25,35.62,62.33,72.62
76.70,76.70,46.50,63.64,72.30
75.09,75.09,52.72,63.92,72.73
75.19,75.19,68.95,63.09,74.63
75.76,75.76,66.83,63.48,72.84
75.24,75.24,68.87,66.08,69.50
78.18,78.18,66.11,65.71,71.18
79.10,79.10,65.66,64.03,70.85
79.10,79.10,66.15,63.58,68.22
79.38,79.38,62.58,64.97,68.70
77.83,77.83,59.21,64.05,69.31
77.72,77.72,56.85,64.21,70.34
76.09,76.09,47.82,65.34,68.70
74.26,74.26,45.32,63.08,69.28
66.21,66.21,45.41,64.10,67.89
58.85,58.85,47.74,64.87,68.30
57.82,57.82,52.21,65.35,68.61
54.07,54.07,57.97,64.63,69.67
56.06,56.06,62.87,62.87,68.83
51.67,51.67,56.16,61.06,68.86
54.49,54.49,54.89,60.12,70.63
58.15,58.15,60.67,61.87,68.05
55.59,55.59,56.32,62.84,67.19
62.08,62.08,44.87,62.80,66.84
72.24,72.24,42.74,63.00,67.49
77.24,77.24,35.30,62.75,67.92
74.93,74.93,42.03,60.11,65.39
70.20,70.20,39.66,60.07,62.14
80.92,80.92,46.46,59.98,60.78
78.56,78.56,56.11,62.28,61.97
78.31,78.31,56.87,61.85,65.51
82.77,82.77,55.54,54.78,64.94
83.72,83.72,67.79,55.62,64.09
84.32,84.32,74.07,56.94,65.74
82.56,82.56,72.44,64.60,66.42
82.48,82.48,66.95,69.79,70.23
82.65,82.65,64.05,73.74,75.80
81.89,81.89,59.48,72.75,74.70
80.98,80.98,60.15,73.14,74.49
80.46,80.46,49.07,73.24,76.06
79.61,79.61,47.68,73.81,75.72
80.06,80.06,47.01,74.32,74.17
78.73,78.73,41.53,74.19,75.81
75.88,75.88,36.25,74.78,76.69
74.42,74.42,32.37,74.00,71.99
75.87,75.87,40.64,75.16,64.38
75.81,75.81,35.39,73.41,63.35
74.28,74.28,38.44,73.83,63.80
72.25,72.25,38.96,74.17,63.66
62.72,62.72,36.58,73.90,63.78
63.00,63.00,35.34,74.25,65.39
61.08,61.08,32.37,72.73,72.57
58.26,58.26,35.16,74.08,72.76
60.03,60.03,54.75,72.98,72.35
59.47,59.47,60.55,72.86,74.10
57.63,57.63,65.80,72.19,74.93
56.16,56.16,60.72,71.46,73.90
53.10,53.10,61.22,71.52,72.85
55.18,55.18,61.76,71.78,73.07
51.74,51.74,52.84,72.37,70.90
52.07,52.07,57.31,71.82,70.04
51.12,51.12,57.06,71.19,68.64
53.82,53.82,49.47,70.81,70.73
63.66,63.66,39.81,70.89,69.57
69.20,69.20,44.52,69.23,71.16
56.52,56.52,36.83,68.94,77.49
54.15,54.15,36.62,68.23,77.15
53.62,53.62,40.64,68.74,79.34
52.91,52.91,48.17,68.81,78.18
52.33,52.33,50.67,68.80,77.63
53.17,53.17,58.83,69.83,81.30
53.07,53.07,56.79,68.77,78.82
52.32,52.32,51.35,69.21,79.73
56.91,56.91,42.25,67.91,79.30
56.65,56.65,38.44,67.94,76.35
56.33,56.33,53.51,66.25,76.96
54.85,54.85,60.61,66.56,75.02
52.94,52.94,66.86,59.65,75.90
51.00,51.00,78.14,55.74,77.21
49.01,49.01,72.95,50.27,76.10
47.67,47.67,69.35,59.74,75.18
46.81,46.81,62.42,60.03,75.24
45.95,45.95,60.47,65.86,78.86
46.38,46.38,55.86,71.15,80.99
47.14,47.14,51.84,73.28,81.06
49.85,49.85,54.21,72.36,79.80
47.75,47.75,46.84,69.95,78.59
45.46,45.46,45.73,71.48,77.98
43.89,43.89,44.93,70.85,78.04
46.32,46.32,45.62,72.25,76.84
54.39,54.39,46.63,70.50,75.27
58.88,58.88,45.36,73.45,77.24
60.37,60.37,49.12,70.78,77.05
66.05,66.05,62.39,70.97,77.18
70.44,70.44,58.73,68.72,75.75
74.87,74.87,62.85,69.17,75.78
73.93,73.93,56.70,69.84,76.86
72.16,72.16,49.70,69.38,76.73
71.46,71.46,49.26,70.45,76.21
75.07,75.07,62.65,69.55,72.67
77.09,77.09,67.44,69.37,73.15
78.99,78.99,64.58,70.91,73.14
76.86,76.86,51.92,67.52,75.17
75.62,75.62,44.13,69.90,75.53
82.87,82.87,48.49,68.91,74.81
80.09,80.09,52.88,69.40,72.86
79.29,79.29,52.54,69.82,71.10
82.74,82.74,55.24,67.68,70.56
83.45,83.45,56.58,70.95,71.76
83.21,83.21,53.38,67.72,72.94
82.29,82.29,41.31,68.42,75.42
82.91,82.91,47.37,69.03,75.03
82.92,82.92,48.37,66.92,76.31
81.83,81.83,50.04,68.12,76.45
81.83,81.83,45.04,66.70,75.56
80.23,80.23,60.26,65.73,76.00
77.66,77.66,53.28,62.68,75.79
69.49,69.49,41.43,65.54,76.20
69.73,69.73,39.11,67.39,75.89
68.73,68.73,37.26,64.41,75.74
68.20,68.20,39.81,66.55,75.54
71.18,71.18,54.82,65.55,74.42
67.27,67.27,65.30,66.62,75.83
68.79,68.79,75.89,68.04,75.24
75.85,75.85,74.44,66.65,75.55
78.47,78.47,59.30,68.37,73.59
79.23,79.23,54.70,65.55,75.43
83.69,83.69,50.95,68.69,74.80
82.77,82.77,65.69,67.13,75.24
82.94,82.94,66.61,66.59,74.87
82.35,82.35,67.44,67.92,74.62
80.29,80.29,68.51,67.06,74.46
73.12,73.12,67.19,69.20,73.71
72.41,72.41,65.16,66.54,73.92
75.16,75.16,62.44,67.61,74.10
77.52,77.52,58.44,66.87,73.26
78.47,78.47,48.52,66.67,70.29
78.48,78.48,55.32,68.09,69.17
77.03,77.03,54.16,65.97,66.37
76.83,76.83,44.25,67.84,66.03
76.43,76.43,48.17,65.88,64.15
77.32,77.32,48.80,66.59,67.33
76.65,76.65,49.47,67.24,66.18
76.82,76.82,55.84,66.67,66.91
77.86,77.86,58.35,68.50,67.66
81.85,81.85,58.59,66.90,67.82
83.06,83.06,56.38,67.51,67.12
82.11,82.11,50.10,67.56,66.05
81.93,81.93,42.98,66.41,63.16
81.40,81.40,48.22,66.43,62.15
76.98,76.98,52.13,64.75,60.49
79.32,79.32,57.13,56.85,58.62
75.12,75.12,68.22,55.60,59.89
72.58,72.58,71.37,61.81,59.63
73.55,73.55,71.92,65.30,57.75
72.48,72.48,61.85,67.56,59.54
70.60,70.60,63.04,72.00,58.10
70.25,70.25,57.75,70.88,62.96
68.78,68.78,50.85,69.36,62.05
67.13,67.13,48.84,69.29,62.46
61.06,61.06,47.21,69.32,63.20
59.09,59.09,46.40,69.47,62.36
58.61,58.61,42.76,70.97,60.99
57.63,57.63,43.95,71.29,61.40
57.15,57.15,42.30,68.77,62.06
53.20,53.20,42.21,69.79,61.85
52.10,52.10,43.49,70.37,62.86
54.62,54.62,47.11,70.15,61.56
56.62,56.62,55.29,68.99,62.67
56.31,56.31,47.97,68.56,62.05
52.07,52.07,44.69,69.11,61.23
52.19,52.19,43.90,67.34,62.11
50.31,50.31,49.48,68.32,61.20
49.72,49.72,52.49,68.92,61.06
48.24,48.24,62.92,69.06,65.62
50.09,50.09,72.01,67.85,67.02
47.53,47.53,59.33,66.96,65.70
51.92,51.92,57.09,68.49,66.53
52.63,52.63,53.13,68.59,66.18
51.15,51.15,53.36,67.04,64.71
48.28,48.28,57.02,66.63,62.29
41.66,41.66,52.34,66.41,61.87
41.04,41.04,53.99,66.34,63.57
33.73,33.73,58.34,65.69,67.14
33.03,33.03,50.20,66.63,73.49
36.01,36.01,52.80,66.66,73.63
35.31,35.31,48.74,67.14,72.44
36.61,36.61,46.55,64.80,73.17
34.23,34.23,56.23,65.62,73.51
35.28,35.28,57.53,66.12,74.13
32.76,32.76,66.30,61.77,73.24
33.60,33.60,59.51,64.24,73.51
31.52,31.52,53.75,71.38,72.57
33.18,33.18,50.14,70.71,69.13
34.73,34.73,54.17,70.88,64.73
30.99,30.99,57.21,70.03,66.73
22.52,22.52,55.81,68.86,64.78
25.65,25.65,68.16,65.44,66.54
35.04,35.04,71.89,63.99,64.62
43.28,43.28,70.32,68.81,65.53
49.80,49.80,65.35,68.56,63.88
59.58,59.58,59.04,65.54,62.63
71.03,71.03,53.99,71.20,64.65
74.23,74.23,53.79,72.25,67.23
75.61,75.61,54.65,73.82,64.96
75.91,75.91,56.00,72.24,67.27
75.63,75.63,55.49,71.49,64.50
77.22,77.22,54.65,73.30,65.05
75.73,75.73,53.39,69.20,67.13
75.17,75.17,50.48,71.30,63.26
74.10,74.10,46.08,72.26,65.11
66.82,66.82,51.15,72.37,60.13
69.71,69.71,54.19,71.17,59.05
74.81,74.81,61.35,72.74,57.91
77.09,77.09,58.73,71.54,56.28
80.23,80.23,50.46,70.09,57.63
82.60,82.60,48.95,69.12,62.80
84.49,84.49,45.29,72.15,61.94
83.06,83.06,45.10,71.62,62.80
71.89,71.89,44.82,69.63,59.51
77.24,77.24,50.33,71.92,64.00
77.88,77.88,52.18,71.14,66.11
77.78,77.78,52.77,69.45,63.07
76.40,76.40,53.71,71.47,65.23
76.77,76.77,53.32,71.25,63.35
77.50,77.50,48.75,69.07,66.37
78.20,78.20,43.80,69.70,64.42
77.89,77.89,51.44,70.41,64.06
76.77,76.77,60.47,68.74,67.20
75.19,75.19,60.28,70.42,65.11
76.62,76.62,58.46,70.08,61.73
77.10,77.10,54.50,68.67,67.06
75.80,75.80,40.72,66.17,69.27
78.34,78.34,50.45,70.01,69.50
77.81,77.81,58.15,70.43,69.76
78.97,78.97,73.86,67.89,73.04
79.65,79.65,74.59,68.96,71.22
77.01,77.01,72.56,68.92,74.72
67.51,67.51,67.36,66.04,72.95
67.11,67.11,63.58,67.85,72.90
68.21,68.21,65.39,67.76,75.52
71.42,71.42,64.55,65.15,72.53
75.25,75.25,78.65,66.65,72.27
75.90,75.90,82.01,66.57,71.96
74.32,74.32,78.56,66.63,71.05
70.70,70.70,72.16,65.98,70.25
71.35,71.35,66.55,68.02,67.67
74.70,74.70,62.04,67.96,66.83
76.20,76.20,60.02,65.61,67.37
69.29,69.29,59.59,67.82,63.64
68.54,68.54,64.06,67.62,66.24
67.98,67.98,63.57,65.15,69.14
67.78,67.78,58.71,67.16,68.34
67.62,67.62,51.33,66.62,68.40
66.30,66.30,55.24,65.78,69.87
65.75,65.75,57.84,64.68,68.04
61.36,61.36,54.61,66.48,68.23
60.92,60.92,53.33,67.08,66.38
64.57,64.57,57.63,66.23,68.70
68.00,68.00,54.80,65.57,68.34
65.82,65.82,57.87,66.78,69.67
67.33,67.33,55.04,66.41,69.43
66.92,66.92,53.55,67.46,71.60
67.15,67.15,56.94,67.85,73.26
66.79,66.79,58.65,65.85,72.90
65.94,65.94,62.15,67.47,70.14
64.71,64.71,62.61,67.91,71.65
64.40,64.40,59.14,66.69,73.56
61.79,61.79,58.95,67.41,72.90
60.09,60.09,57.24,68.76,73.43
57.87,57.87,57.08,68.43,71.75
56.47,56.47,61.37,65.68,71.32
54.80,54.80,72.88,62.49,72.98
49.16,49.16,74.05,61.41,73.81
44.57,44.57,70.33,58.69,79.94
42.85,42.85,67.08,67.23,80.94
43.36,43.36,65.98,73.65,82.17
41.98,41.98,66.41,75.97,81.49
37.23,37.23,62.94,72.46,80.77
40.59,40.59,62.68,70.56,80.67
40.44,40.44,64.93,74.12,80.77
38.76,38.76,66.57,74.74,77.16
41.74,41.74,66.68,72.73,74.94
38.09,38.09,64.98,73.25,76.41
35.07,35.07,64.95,75.20,75.22
32.71,32.71,64.10,74.27,73.68
35.15,35.15,63.95,73.65,75.35
33.31,33.31,64.06,76.00,74.42
36.52,36.52,62.66,74.71,74.47
40.99,40.99,59.88,72.77,76.90
38.70,38.70,60.07,73.90,77.14
34.81,34.81,60.22,73.31,79.93
30.96,30.96,58.58,72.23,78.34
33.93,33.93,59.28,71.94,78.00
33.92,33.92,59.06,73.73,78.17
31.56,31.56,59.69,71.92,77.09
26.96,26.96,58.57,72.52,76.39
27.63,27.63,59.07,74.10,76.78
29.05,29.05,58.24,72.44,76.92
30.50,30.50,58.84,72.36,76.37
37.57,37.57,59.62,72.59,76.91
46.90,46.90,58.09,72.05,74.66
54.77,54.77,56.79,71.26,77.35
58.68,58.68,52.04,72.28,76.23
59.64,59.64,49.70,72.08,79.28
63.02,63.02,47.60,72.15,79.02
69.73,69.73,44.92,72.34,80.27
71.35,71.35,44.81,72.47,81.15
71.41,71.41,43.31,72.45,80.00
71.10,71.10,42.62,72.32,79.94
70.26,70.26,42.41,71.34,79.89
68.80,68.80,42.24,71.50,79.10
69.91,69.91,42.20,71.41,78.71
70.88,70.88,41.69,71.14,79.30
74.81,74.81,42.41,70.95,76.60
75.78,75.78,40.56,71.45,68.19
78.37,78.37,41.60,70.06,70.80
77.04,77.04,39.99,71.89,69.44
76.41,76.41,40.09,61.53,74.17
72.94,72.94,43.78,57.61,73.86
68.63,68.63,48.97,62.15,75.24
62.30,62.30,50.21,57.24,69.82
56.34,56.34,46.39,68.05,71.83
49.87,49.87,43.94,69.95,69.60
48.91,48.91,44.06,67.08,72.96
46.49,46.49,44.98,69.93,71.73
46.37,46.37,45.33,69.56,75.36
44.63,44.63,44.70,69.16,77.19
42.01,42.01,44.14,69.02,73.73
42.28,42.28,43.78,69.31,76.64
43.77,43.77,40.77,70.38,76.73
47.50,47.50,37.19,67.43,73.18
55.92,55.92,37.77,69.70,76.90
70.31,70.31,38.16,68.79,76.41
63.30,63.30,35.78,68.21,74.99
53.10,53.10,34.95,69.58,73.51
55.90,55.90,39.94,68.61,70.92
60.39,60.39,44.77,69.76,73.74
61.79,61.79,43.94,67.18,72.73
60.52,60.52,42.06,69.00,72.37
60.82,60.82,42.57,69.06,70.98
57.03,57.03,44.10,66.65,71.76
60.98,60.98,43.96,69.22,70.53
60.53,60.53,45.74,67.83,73.40
60.88,60.88,44.40,68.13,73.54
51.37,51.37,40.83,67.34,73.02
43.84,43.84,39.61,67.34,75.64
38.82,38.82,38.31,68.66,73.31
36.72,36.72,39.37,66.20,71.52
35.83,35.83,40.12,68.70,74.57
34.66,34.66,40.28,67.61,78.69
40.11,40.11,44.10,65.74,78.09
41.97,41.97,44.74,67.28,78.53
42.43,42.43,44.69,66.72,77.79
42.80,42.80,42.89,67.87,78.69
44.11,44.11,43.43,65.51,80.05
43.16,43.16,42.62,67.22,79.72
44.03,44.03,43.95,67.30,78.26
43.43,43.43,43.94,66.24,79.05
47.42,47.42,43.23,68.28,78.07
47.88,47.88,44.30,66.44,75.82
43.83,43.83,46.43,67.86,77.45
43.24,43.24,46.18,66.21,75.38
39.63,39.63,48.05,66.42,73.41
39.88,39.88,47.81,67.36,74.30
41.57,41.57,47.62,65.32,73.57
41.84,41.84,46.17,67.02,74.81
41.13,41.13,46.87,65.79,74.71
39.09,39.09,46.97,66.28,75.77
39.74,39.74,46.86,66.22,74.00
39.02,39.02,46.30,64.98,72.62
40.38,40.38,46.16,66.68,75.31
42.15,42.15,48.20,64.80,75.95
38.69,38.69,47.07,66.18,75.26
35.97,35.97,44.68,65.63,75.31
35.47,35.47,43.37,64.76,74.97
38.98,38.98,43.70,66.80,74.10
41.15,41.15,43.16,64.46,75.74
50.72,50.72,45.82,65.41,76.47
56.36,56.36,44.35,64.67,75.97
61.56,61.56,47.22,64.70,76.60
60.58,60.58,46.53,64.82,80.98
60.59,60.59,45.83,63.81,82.05
59.07,59.07,45.63,65.44,80.81
59.48,59.48,42.58,63.64,72.93
57.38,57.38,41.76,64.57,71.76
56.40,56.40,43.91,64.77,74.96
55.00,55.00,41.67,63.42,83.81
54.54,54.54,41.75,65.82,83.58
55.97,55.97,44.00,63.94,80.67
56.91,56.91,42.95,65.47,78.45
58.27,58.27,42.28,62.97,77.57
56.22,56.22,41.92,58.52,80.78
55.64,55.64,41.18,53.40,81.94
50.43,50.43,37.59,67.40,81.45
49.82,49.82,36.64,60.91,73.89
52.16,52.16,36.55,70.33,79.40
50.61,50.61,36.30,71.49,76.84
50.48,50.48,37.33,69.69,76.82
52.40,52.40,40.48,69.71,74.20
50.75,50.75,41.34,70.42,72.03
53.07,53.07,42.58,69.99,73.92
51.67,51.67,42.41,69.84,73.91
51.23,51.23,42.83,70.32,74.48
51.60,51.60,44.50,70.48,74.45
50.08,50.08,42.35,69.36,75.51
48.06,48.06,39.82,69.55,74.59
45.46,45.46,35.89,70.17,71.21
42.84,42.84,35.08,70.08,74.10
41.30,41.30,38.47,69.23,75.81
37.35,37.35,38.08,68.80,75.99
36.21,36.21,36.73,67.98,77.12
38.90,38.90,38.76,68.22,75.35
38.36,38.36,39.40,67.76,76.62
35.98,35.98,38.32,68.38,75.56
34.57,34.57,40.12,68.95,76.14
35.75,35.75,38.49,68.94,75.71
37.20,37.20,39.20,67.24,74.67
36.60,36.60,37.13,68.35,76.99
36.43,36.43,38.61,68.50,75.84
32.61,32.61,39.05,68.45,75.72
32.54,32.54,38.61,66.72,75.01
28.92,28.92,37.12,67.51,73.40
24.23,24.23,36.54,67.16,75.39
23.66,23.66,30.69,66.49,77.33
18.64,18.64,27.56,67.32,79.60
18.29,18.29,27.86,67.41,78.60
17.94,17.94,27.85,67.75,77.94
21.44,21.44,29.70,65.51,78.51
22.43,22.43,29.59,66.26,77.50
20.83,20.83,30.71,67.17,77.32
19.01,19.01,31.83,66.74,77.26
21.50,21.50,28.36,65.27,78.40
20.37,20.37,26.71,64.65,76.37
20.59,20.59,24.46,63.62,77.01
25.66,25.66,23.94,65.35,76.99
28.86,28.86,25.11,66.27,76.76
33.14,33.14,28.53,56.32,77.22
36.84,36.84,35.52,52.15,75.36
37.77,37.77,39.74,62.01,73.15
36.41,36.41,41.55,65.78,68.31
32.85,32.85,38.06,72.52,74.68
29.66,29.66,34.76,73.27,75.15
26.38,26.38,30.51,73.22,73.97
23.03,23.03,25.93,72.44,74.17
22.69,22.69,27.32,73.58,75.72
27.78,27.78,27.49,71.87,74.23
33.64,33.64,29.67,71.93,72.15
38.04,38.04,32.82,71.45,72.83
50.45,50.45,31.16,71.17,70.62
59.26,59.26,28.15,70.61,71.46
58.21,58.21,25.84,71.17,69.62
66.57,66.57,26.08,70.74,75.33
76.77,76.77,25.26,69.18,67.42
83.61,83.61,28.86,70.91,68.56
79.39,79.39,27.25,70.39,70.70
77.40,77.40,24.89,68.41,70.77
78.12,78.12,27.82,66.52,72.53
83.72,83.72,26.34,66.38,70.58
83.96,83.96,24.30,65.33,71.48
85.27,85.27,25.06,66.69,72.22
80.24,80.24,30.89,66.77,69.69
77.42,77.42,32.27,66.72,70.05
78.66,78.66,32.75,65.00,72.61
78.04,78.04,29.63,66.38,71.36
78.29,78.29,32.42,65.19,70.02
77.35,77.35,32.29,65.63,74.58
75.33,75.33,26.32,66.06,70.48
76.42,76.42,25.33,65.51,70.11
78.16,78.16,26.45,64.34,70.59
79.47,79.47,27.14,66.12,71.65
80.60,80.60,25.41,66.31,71.84
81.82,81.82,23.86,64.40,74.22
80.28,80.28,23.13,65.00,74.08
79.15,79.15,21.75,65.00,71.92
80.55,80.55,21.52,65.11,73.40
80.43,80.43,20.40,64.12,72.12
70.79,70.79,27.34,65.84,71.74
67.60,67.60,30.79,63.79,71.93
66.99,66.99,34.15,64.16,74.15
68.86,68.86,37.24,63.68,73.09
68.97,68.97,45.55,64.33,74.52
74.18,74.18,45.71,63.17,72.07
78.61,78.61,36.05,64.50,71.61
79.91,79.91,30.06,65.06,73.85
81.34,81.34,33.73,62.60,77.76
82.66,82.66,38.79,63.55,76.16
85.63,85.63,33.53,62.96,76.29
83.26,83.26,32.59,64.03,76.65
77.26,77.26,26.46,62.83,75.62
73.01,73.01,27.33,64.26,76.05
67.13,67.13,31.90,62.51,73.31
63.16,63.16,37.02,62.56,73.37
61.24,61.24,24.73,62.67,72.89
61.17,61.17,23.55,62.84,72.23
61.67,61.67,18.25,61.70,73.14
70.56,70.56,29.29,63.10,70.64
65.75,65.75,28.83,62.53,70.35
68.34,68.34,26.03,61.34,72.16
65.41,65.41,25.51,63.75,67.82
64.38,64.38,24.98,62.97,68.74
63.94,63.94,27.20,62.18,68.51
66.08,66.08,28.65,60.70,66.73
68.78,68.78,23.85,63.13,66.83
72.68,72.68,26.10,61.07,67.05
82.15,82.15,26.49,61.58,68.58
85.95,85.95,27.40,61.03,68.95
84.03,84.03,28.71,62.38,68.48
81.57,81.57,30.25,60.12,64.13
82.50,82.50,31.32,63.26,65.10
83.54,83.54,26.39,60.05,64.80
83.40,83.40,34.56,60.28,61.47
83.96,83.96,49.63,59.36,67.36
76.89,76.89,49.77,61.50,72.08
74.79,74.79,47.41,63.22,72.40
75.03,75.03,45.53,73.10,77.79
75.93,75.93,38.95,75.08,76.50
76.31,76.31,33.26,75.30,77.68
76.53,76.53,28.29,74.49,77.85
77.35,77.35,24.45,74.11,77.06
77.48,77.48,25.08,73.82,76.08
75.43,75.43,24.77,73.24,73.95
73.38,73.38,22.38,73.57,71.72
70.59,70.59,24.20,73.44,71.66
71.77,71.77,28.77,73.29,71.02
66.61,66.61,29.56,73.52,72.22
63.45,63.45,34.58,73.70,73.67
62.68,62.68,33.07,73.76,73.24
61.90,61.90,33.02,73.43,75.66
58.14,58.14,34.76,72.62,73.85
60.25,60.25,33.65,73.28,73.84
56.23,56.23,31.47,72.32,74.69
55.88,55.88,32.01,72.82,74.67
49.62,49.62,33.16,72.24,73.94
51.62,51.62,36.03,72.93,74.85
54.46,54.46,36.40,72.41,75.90
55.02,55.02,38.59,72.82,74.65
51.99,51.99,34.36,73.19,75.93
50.96,50.96,33.80,72.65,72.91
49.35,49.35,35.26,72.67,74.95
52.01,52.01,33.80,71.98,74.28
51.73,51.73,36.56,72.68,76.08
50.34,50.34,33.40,71.20,74.40
45.41,45.41,28.67,71.97,74.87
46.79,46.79,30.38,71.21,75.28
40.83,40.83,32.00,71.98,77.62
40.14,40.14,33.64,70.66,79.77
37.34,37.34,31.69,71.72,79.55
39.03,39.03,27.49,71.73,78.43
36.68,36.68,26.69,70.75,78.77
38.09,38.09,27.36,71.30,77.91
35.94,35.94,28.02,70.42,77.98
37.12,37.12,24.10,71.39,78.00
36.66,36.66,16.16,69.80,74.46
40.31,40.31,15.37,70.99,69.54
44.87,44.87,16.83,70.44,73.45
48.60,48.60,21.69,64.87,71.53
47.32,47.32,29.40,50.68,71.32
44.77,44.77,30.45,51.78,74.45
41.24,41.24,23.77,59.53,72.31
36.07,36.07,22.88,58.87,74.75
33.29,33.29,23.59,68.04,76.76
35.59,35.59,23.82,67.06,74.63
33.18,33.18,22.90,70.31,77.08
34.74,34.74,20.57,68.76,75.17
37.34,37.34,20.75,69.03,73.97
34.64,34.64,25.26,69.17,74.58
31.33,31.33,24.88,67.71,72.97
29.90,29.90,22.59,69.77,73.24
36.34,36.34,21.48,67.62,73.57
40.19,40.19,22.08,68.12,70.03
49.48,49.48,31.70,67.68,68.78
60.46,60.46,44.04,67.95,70.15
67.03,67.03,44.34,67.60,66.51
78.43,78.43,49.74,66.63,65.33
76.45,76.45,49.75,69.58,66.13
78.70,78.70,38.99,68.25,68.13
80.64,80.64,35.49,66.80,68.57
82.99,82.99,37.48,68.62,69.77
83.71,83.71,33.39,67.61,70.73
83.67,83.67,35.51,68.65,70.73
75.75,75.75,32.24,67.05,71.88
73.42,73.42,29.51,68.12,72.84
75.85,75.85,33.14,68.11,70.91
77.08,77.08,31.58,66.28,74.73
76.42,76.42,30.05,68.81,73.61
76.21,76.21,30.24,66.93,74.17
71.02,71.02,29.84,67.35,75.83
61.10,61.10,31.45,66.52,71.84
68.04,68.04,35.94,66.85,74.79
70.67,70.67,31.37,67.64,77.17
82.10,82.10,31.40,65.80,76.77
77.75,77.75,35.66,68.87,75.91
81.34,81.34,36.16,66.55,73.99
80.65,80.65,31.82,66.75,74.26
79.71,79.71,28.45,66.95,74.49
76.43,76.43,28.36,66.59,73.18
76.09,76.09,28.91,67.25,73.57
66.13,66.13,28.21,65.96,72.15
63.15,63.15,33.10,66.72,72.49
61.65,61.65,34.53,66.61,72.68
60.27,60.27,25.28,65.63,71.99
58.16,58.16,23.51,67.24,71.66
58.88,58.88,22.54,64.88,71.76
61.97,61.97,25.09,66.24,69.81
62.49,62.49,23.80,65.33,71.87
68.70,68.70,21.88,64.63,72.88
76.06,76.06,23.24,65.71,73.95
78.15,78.15,24.99,64.52,74.75
78.40,78.40,27.32,64.98,75.21
79.25,79.25,24.98,62.64,75.59
79.34,79.34,26.54,64.55,74.09
77.69,77.69,27.13,65.02,74.60
73.73,73.73,28.76,62.39,74.44
75.48,75.48,29.17,65.06,72.78
77.23,77.23,29.02,63.57,73.10
77.12,77.12,26.39,64.40,72.90
74.96,74.96,25.37,63.69,71.40
74.62,74.62,24.77,63.64,71.78
75.66,75.66,24.03,64.82,67.02
74.52,74.52,20.45,63.23,66.27
78.42,78.42,22.73,64.60,69.19
78.09,78.09,23.26,63.24,67.65
76.46,76.46,20.28,62.26,69.42
74.94,74.94,20.02,63.96,67.21
75.10,75.10,21.50,63.16,65.15
73.41,73.41,20.48,64.03,69.46
71.64,71.64,20.89,61.27,70.02
72.77,72.77,23.78,62.85,69.01
68.52,68.52,21.96,63.85,69.22
61.99,61.99,21.22,61.64,68.85
61.00,61.00,19.86,62.82,66.53
61.54,61.54,21.18,62.68,70.26
53.22,53.22,23.29,53.52,71.21
52.81,52.81,23.00,57.12,72.27
56.07,56.07,24.02,63.29,72.48
54.03,54.03,24.18,67.94,71.31
51.83,51.83,23.79,66.87,71.93
51.19,51.19,23.70,68.85,73.86
49.93,49.93,29.94,68.61,70.60
49.42,49.42,34.28,68.98,70.76
48.69,48.69,26.90,68.14,69.78
47.22,47.22,28.29,66.12,69.96
47.22,47.22,29.73,67.46,70.10
46.20,46.20,29.42,67.87,71.01
45.25,45.25,28.35,67.68,70.58
45.91,45.91,27.46,67.06,69.18
45.84,45.84,29.28,66.96,69.21
42.78,42.78,28.17,65.37,69.13
41.38,41.38,26.10,65.33,67.81
38.80,38.80,24.69,66.54,67.94
42.23,42.23,23.63,66.97,67.14
39.56,39.56,23.07,66.80,70.66
38.39,38.39,22.06,66.45,70.21
38.00,38.00,25.91,65.29,69.84
38.75,38.75,24.49,66.41,69.21
38.87,38.87,26.00,66.91,67.30
38.32,38.32,23.48,66.71,67.35
37.70,37.70,24.78,66.52,66.58
36.87,36.87,27.54,65.19,67.77
35.49,35.49,26.53,65.86,67.20
35.06,35.06,23.60,66.09,64.15
33.67,33.67,24.88,66.03,64.32
31.49,31.49,23.70,65.91,65.28
22.67,22.67,23.73,65.55,63.54
12.57,12.57,22.43,65.41,70.46
17.21,17.21,22.52,63.98,74.61
21.87,21.87,17.33,65.34,73.64
24.49,24.49,18.85,65.87,73.40
26.62,26.62,26.58,65.88,72.87
27.97,27.97,35.83,64.93,72.71
28.66,28.66,42.79,64.62,71.76
29.70,29.70,44.83,64.96,71.07
33.43,33.43,43.83,65.01,70.26
32.19,32.19,42.63,64.43,68.45
35.29,35.29,38.47,64.12,66.39
34.83,34.83,30.10,58.27,65.43
33.82,33.82,33.40,54.13,66.06
42.51,42.51,39.44,53.70,67.06
45.30,45.30,40.23,64.32,69.97
42.14,42.14,39.20,67.48,73.14
45.21,45.21,42.14,71.39,72.02
51.58,51.58,43.12,73.16,72.29
70.40,70.40,40.02,72.81,70.13
75.81,75.81,41.77,70.59,68.98
76.34,76.34,42.89,71.54,67.98
76.43,76.43,40.06,71.52,69.17
76.58,76.58,45.03,71.11,72.37
76.77,76.77,36.81,69.32,68.22
76.20,76.20,38.31,70.98,72.45
75.34,75.34,42.68,70.51,71.62
75.49,75.49,38.47,69.66,68.19
70.35,70.35,39.97,70.48,72.79
70.78,70.78,45.74,71.12,69.19
73.97,73.97,45.77,70.87,71.38
78.65,78.65,45.70,70.19,69.34
80.85,80.85,45.85,71.83,69.99
81.79,81.79,47.50,69.85,69.66
82.63,82.63,50.38,70.64,68.16
84.31,84.31,53.33,70.19,69.10
77.77,77.77,59.13,70.80,63.75
74.75,74.75,64.95,69.50,69.43
78.42,78.42,61.38,70.78,66.29
78.35,78.35,61.57,69.90,70.14
76.83,76.83,62.14,69.04,68.59
76.94,76.94,59.86,69.42,68.97
78.32,78.32,55.96,69.43,68.46
77.89,77.89,49.27,69.52,69.08
78.77,78.77,53.11,68.89,69.57
78.28,78.28,54.13,69.92,67.05
76.74,76.74,53.16,67.67,72.46
77.30,77.30,52.01,67.76,66.49
78.14,78.14,53.83,67.82,71.88
77.27,77.27,52.66,68.72,70.56
78.84,78.84,52.46,67.04,69.67
80.54,80.54,69.29,69.04,73.24
79.25,79.25,71.22,67.70,70.84
79.22,79.22,68.71,64.64,71.39
80.53,80.53,67.66,66.28,71.04
73.90,73.90,66.68,66.86,71.64
65.64,65.64,66.38,65.79,68.59
66.11,66.11,61.42,66.26,67.93
71.54,71.54,66.93,66.93,70.61
75.12,75.12,73.04,64.00,70.39
76.75,76.75,69.88,63.90,69.59
74.94,74.94,67.24,66.10,69.63
68.61,68.61,65.66,65.73,71.46
74.73,74.73,61.54,63.57,67.28
73.95,73.95,56.17,64.68,68.45
77.97,77.97,54.10,64.44,69.49
76.36,76.36,54.77,62.13,68.92
70.47,70.47,57.45,64.92,69.03
69.27,69.27,57.94,65.68,69.98
66.41,66.41,55.33,63.81,68.76
66.29,66.29,53.59,65.23,67.95
66.92,66.92,45.98,66.21,67.29
65.98,65.98,41.41,63.27,68.80
60.68,60.68,45.89,62.69,68.01
59.42,59.42,59.95,64.40,68.44
64.38,64.38,57.67,65.59,69.73
72.49,72.49,55.88,63.85,68.36
68.25,68.25,55.35,65.31,71.31
74.25,74.25,55.60,64.57,70.60
77.76,77.76,57.14,61.41,69.34
76.96,76.96,57.17,63.30,67.04
76.45,76.45,60.69,64.12,67.18
77.49,77.49,66.04,63.01,65.82
78.78,78.78,60.09,64.37,66.49
78.27,78.27,58.28,64.91,66.63
76.36,76.36,59.27,62.56,65.15
73.50,73.50,56.66,59.14,64.22
69.89,69.89,55.43,60.40,65.46
69.58,69.58,74.42,59.41,65.46
70.94,70.94,74.68,57.83,71.70
67.09,67.09,70.36,67.07,76.92
64.11,64.11,67.27,74.94,79.19
60.64,60.64,65.23,75.67,78.75
55.05,55.05,56.49,73.36,77.10
52.60,52.60,52.69,76.41,77.47
52.28,52.28,54.44,75.15,74.97
55.85,55.85,53.54,74.63,74.52
54.68,54.68,52.15,75.13,76.81
50.58,50.58,46.67,73.13,74.13
48.40,48.40,46.99,74.89,75.13
45.23,45.23,37.21,73.16,75.37
45.12,45.12,29.10,74.55,74.89
46.32,46.32,33.87,72.98,73.70
45.51,45.51,38.16,74.34,73.38
41.50,41.50,34.75,74.26,74.41
42.30,42.30,33.98,73.82,73.20
41.21,41.21,33.87,74.40,74.94
42.76,42.76,29.53,73.65,74.99
42.10,42.10,25.61,73.91,76.30
42.06,42.06,27.30,72.98,73.73
43.54,43.54,33.56,73.65,76.10
40.44,40.44,31.80,73.11,74.21
40.04,40.04,33.60,73.55,76.08
39.11,39.11,31.61,73.42,73.92
39.16,39.16,31.31,73.72,73.91
40.23,40.23,34.64,74.23,73.28
43.05,43.05,33.39,73.76,73.69
43.92,43.92,38.25,73.18,72.27
39.45,39.45,38.51,73.24,73.34
37.64,37.64,39.41,72.87,73.12
34.67,34.67,37.22,72.54,73.25
32.14,32.14,33.63,72.83,74.42
31.77,31.77,30.23,72.66,74.51
28.13,28.13,32.41,72.24,75.08
28.34,28.34,30.09,72.25,73.66
29.31,29.31,29.45,67.44,70.73
32.48,32.48,31.52,60.23,73.88
32.63,32.63,36.29,63.15,74.96
34.13,34.13,38.27,65.43,72.85
34.29,34.29,32.76,67.26,71.97
33.07,33.07,28.57,66.36,70.84
30.70,30.70,29.14,65.16,71.19
23.86,23.86,31.00,64.47,69.46
16.98,16.98,44.26,68.53,70.10
7.28,7.28,56.15,75.33,75.67
5.81,5.81,59.00,66.72,77.63
12.91,12.91,53.67,71.07,73.65
20.55,20.55,50.73,71.46,75.35
27.53,27.53,47.67,72.47,75.93
30.23,30.23,41.83,71.58,72.44
31.42,31.42,38.49,72.60,74.81
31.45,31.45,44.47,70.84,74.63
35.05,35.05,43.90,71.12,73.93
34.37,34.37,34.48,71.07,74.33
34.24,34.24,40.96,70.57,71.69
35.51,35.51,41.56,71.08,70.88
38.90,38.90,33.46,70.80,71.75
44.91,44.91,38.32,71.71,72.64
58.26,58.26,52.41,70.15,71.57
65.70,65.70,61.00,70.51,73.50
58.62,58.62,56.82,70.97,72.52
55.02,55.02,48.18,69.36,70.91
58.43,58.43,43.91,71.32,72.47
61.81,61.81,43.89,69.79,70.86
63.11,63.11,41.32,69.86,73.18
58.26,58.26,36.87,69.22,72.58
57.43,57.43,33.14,69.59,70.75
60.30,60.30,37.31,70.51,71.83
63.05,63.05,37.60,67.48,70.42
61.99,61.99,38.78,70.38,68.70
59.10,59.10,40.21,69.40,69.85
51.48,51.48,37.22,67.77,70.54
48.50,48.50,45.55,68.73,70.28
52.14,52.14,55.33,67.83,70.17
47.21,47.21,55.79,69.31,69.29
49.04,49.04,59.18,66.67,67.31
50.91,50.91,55.26,68.75,69.16
58.59,58.59,45.69,69.16,68.44
59.59,59.59,48.76,64.65,70.54
59.56,59.56,43.86,67.84,70.18
59.05,59.05,58.67,66.57,71.04
60.49,60.49,67.09,67.39,73.80
61.03,61.03,64.82,66.46,73.70
59.22,59.22,63.53,67.71,73.58
58.96,58.96,63.23,68.50,72.87
61.80,61.80,61.96,66.10,74.58
60.36,60.36,52.51,68.80,75.22
62.35,62.35,55.96,67.10,75.26
67.67,67.67,73.12,67.81,69.95
61.75,61.75,75.76,67.81,64.60
64.52,64.52,74.63,66.92,66.01
60.55,60.55,71.00,67.84,65.70
65.96,65.96,66.25,65.74,69.44
64.48,64.48,63.87,67.24,72.87
61.78,61.78,67.39,67.53,70.46
55.28,55.28,61.85,66.50,67.47
53.24,53.24,60.37,68.63,66.10
52.75,52.75,59.60,66.27,66.92
51.21,51.21,56.01,67.17,67.24
49.98,49.98,54.52,66.53,67.53
46.90,46.90,54.01,66.28,66.79
47.20,47.20,52.78,66.89,68.33
52.21,52.21,58.14,65.40,67.29
53.85,53.85,58.37,67.38,65.75
62.81,62.81,57.49,65.19,66.12
67.49,67.49,56.09,66.19,68.46
66.63,66.63,52.61,66.21,78.47
64.02,64.02,46.05,64.98,80.31
63.35,63.35,54.72,66.76,76.63
65.34,65.34,56.70,65.30,70.49
69.63,69.63,55.93,64.89,66.61
69.16,69.16,65.36,65.07,69.63
77.09,77.09,67.33,64.66,68.34
77.20,77.20,65.52,66.26,66.30
75.01,75.01,59.29,63.59,66.44
70.92,70.92,54.60,65.97,67.22
68.02,68.02,52.67,64.80,65.57
65.87,65.87,51.46,66.35,63.94
63.00,63.00,52.77,71.75,70.89
58.72,58.72,56.51,70.07,75.39
56.94,56.94,56.03,69.10,70.91
58.13,58.13,55.97,69.25,73.01
59.65,59.65,52.93,71.06,78.29
59.42,59.42,47.48,70.53,75.66
60.23,60.23,43.32,72.69,75.68
59.99,59.99,41.18,72.27,70.84
62.58,62.58,43.74,71.75,74.05
63.95,63.95,47.01,69.86,73.94
64.51,64.51,44.19,70.05,73.49
64.05,64.05,37.16,71.91,72.44
63.69,63.69,32.75,70.27,74.18
63.04,63.04,36.16,70.00,74.49
63.04,63.04,37.79,70.45,71.24
62.05,62.05,35.68,70.66,70.72
60.74,60.74,38.75,70.19,71.05
59.90,59.90,42.48,69.78,74.86
58.08,58.08,39.42,70.53,75.54
57.63,57.63,37.32,69.49,74.06
57.94,57.94,40.09,68.79,73.36
56.44,56.44,45.99,69.09,73.87
56.93,56.93,55.60,69.66,73.61
57.86,57.86,61.49,68.87,72.97
57.93,57.93,60.17,68.68,73.43
56.84,56.84,57.98,68.34,73.87
57.24,57.24,61.70,68.61,73.44
55.92,55.92,58.85,68.13,72.09
58.04,58.04,49.62,68.04,69.95
56.73,56.73,51.60,68.62,73.08
55.39,55.39,51.72,68.22,70.71
57.76,57.76,46.80,67.70,72.68
55.81,55.81,49.69,66.33,68.21
56.13,56.13,51.01,67.15,68.68
55.37,55.37,54.02,66.48,70.19
53.81,53.81,50.87,65.49,67.22
54.55,54.55,45.57,67.44,67.78
54.59,54.59,55.88,66.80,68.66
59.28,59.28,67.56,65.89,69.10
59.14,59.14,65.63,65.60,67.98
59.22,59.22,61.20,66.68,64.13
61.85,61.85,59.78,66.37,67.64
73.26,73.26,57.56,65.72,68.81
72.34,72.34,53.40,64.24,70.42
67.17,67.17,48.15,64.68,68.35
71.99,71.99,54.17,61.33,69.22
71.85,71.85,55.04,71.43,69.27
77.12,77.12,49.76,72.29,67.03
83.36,83.36,58.73,61.73,67.22
83.47,83.47,63.49,69.97,68.46
83.38,83.38,56.50,70.72,68.66
80.35,80.35,45.82,71.28,67.37
70.75,70.75,38.86,67.60,67.83
69.33,69.33,36.04,68.46,67.30
69.14,69.14,41.73,71.28,67.40
70.05,70.05,43.06,71.47,71.29
67.80,67.80,42.97,69.49,66.62
70.26,70.26,40.12,69.79,69.91
73.14,73.14,38.63,69.96,66.05
75.23,75.23,39.32,68.07,69.53
72.33,72.33,33.93,68.20,67.02
70.25,70.25,43.36,69.66,67.10
70.33,70.33,43.42,68.82,65.45
76.98,76.98,40.08,70.02,64.87
81.97,81.97,36.18,69.89,66.40
83.02,83.02,33.33,68.39,66.48
82.32,82.32,32.88,67.48,67.50
80.72,80.72,43.98,69.82,64.43
81.24,81.24,54.45,69.81,64.26
82.51,82.51,55.65,68.48,61.00
83.01,83.01,53.01,69.50,64.30
82.64,82.64,47.43,69.15,67.73
83.27,83.27,38.33,67.47,68.32
83.57,83.57,32.29,67.68,66.57
83.98,83.98,29.86,69.20,66.60
84.32,84.32,38.48,67.95,64.83
82.88,82.88,41.54,69.03,65.51
81.56,81.56,43.06,68.57,63.70
74.82,74.82,44.68,68.10,64.35
74.00,74.00,45.64,66.51,67.09
68.49,68.49,41.54,68.02,65.45
60.75,60.75,46.15,68.75,66.75
64.88,64.88,59.85,67.86,63.03
70.70,70.70,67.17,68.65,62.10
76.82,76.82,67.01,67.93,66.74
76.52,76.52,65.50,67.72,66.06
75.40,75.40,61.55,67.20,66.89
70.14,70.14,55.32,69.03,66.52
59.29,59.29,52.15,67.23,67.47
60.74,60.74,51.79,67.92,62.71
70.47,70.47,69.70,67.16,58.88
70.01,70.01,71.49,66.66,61.47
80.99,80.99,70.86,66.24,66.93
80.93,80.93,68.84,68.18,64.66
81.13,81.13,64.94,67.68,66.20
85.55,85.55,66.18,66.59,66.26
84.42,84.42,67.39,67.56,61.95
81.85,81.85,61.94,66.77,61.08
79.23,79.23,60.26,66.24,61.48
73.25,73.25,60.81,66.73,62.77
65.82,65.82,55.64,67.52,61.81
63.04,63.04,53.96,65.86,64.06
62.37,62.37,51.52,66.81,64.31
61.34,61.34,51.52,66.28,64.86
60.65,60.65,55.64,66.71,63.89
63.31,63.31,55.26,65.12,60.83
64.23,64.23,51.87,66.51,60.13
64.47,64.47,45.51,64.61,62.94
66.75,66.75,35.19,63.94,68.20
62.98,62.98,44.11,64.73,69.55
68.21,68.21,49.31,64.08,67.41
64.97,64.97,47.49,64.00,68.23
76.29,76.29,40.76,65.85,67.28
76.31,76.31,46.43,65.60,64.60
74.39,74.39,38.57,62.69,60.25
74.60,74.60,36.15,62.92,58.10
82.98,82.98,45.46,64.18,62.34
79.33,79.33,44.19,63.36,61.72
80.60,80.60,34.50,62.42,60.02
81.03,81.03,30.48,66.01,60.05
81.00,81.00,34.57,69.76,62.45
78.75,78.75,35.56,68.59,70.81
81.33,81.33,33.17,70.05,75.38
82.18,82.18,26.69,72.87,77.23
79.49,79.49,21.58,75.07,77.60
80.79,80.79,20.28,75.30,76.63
83.50,83.50,20.74,74.90,74.46
82.97,82.97,20.89,73.05,75.04
80.53,80.53,21.13,74.60,74.93
79.81,79.81,21.13,72.80,75.35
79.15,79.15,19.18,74.34,71.16
79.62,79.62,20.12,72.77,71.98
79.66,79.66,22.72,73.59,71.72
80.15,80.15,21.00,72.85,71.06
74.46,74.46,14.79,73.43,71.79
70.78,70.78,14.66,72.61,73.02
73.93,73.93,14.17,71.84,72.97
69.81,69.81,16.61,72.45,71.72
74.65,74.65,20.07,70.99,74.21
76.58,76.58,21.98,72.83,74.00
80.36,80.36,21.99,71.25,73.43
80.70,80.70,24.49,72.57,74.31
80.88,80.88,25.26,71.74,73.09
78.05,78.05,22.99,71.84,76.22
76.79,76.79,24.83,72.33,73.39
79.20,79.20,29.36,72.64,74.21
80.96,80.96,29.97,71.65,75.19
79.65,79.65,28.85,70.76,73.09
79.73,79.73,28.32,72.00,75.02
79.59,79.59,26.22,70.18,74.52
78.16,78.16,22.93,71.43,75.13
76.50,76.50,17.88,70.26,74.14
76.11,76.11,19.10,71.74,71.96
78.76,78.76,21.31,70.97,72.31
79.33,79.33,21.67,70.94,71.71
77.95,77.95,24.31,71.87,72.40
78.07,78.07,26.93,70.85,73.78
78.23,78.23,24.29,70.84,73.77
77.55,77.55,22.90,70.88,73.07
70.05,70.05,22.55,70.51,73.21
65.27,65.27,25.32,70.64,72.68
61.00,61.00,24.14,70.45,71.30
60.52,60.52,22.43,70.82,72.46
56.75,56.75,23.14,69.12,69.69
52.15,52.15,24.11,61.55,71.32
58.05,58.05,29.14,61.18,69.94
62.03,62.03,29.32,65.11,75.92
60.81,60.81,26.28,67.65,73.95
55.60,55.60,26.69,69.79,71.52
59.59,59.59,25.78,72.72,75.30
60.22,60.22,25.33,73.77,74.07
60.93,60.93,22.04,70.27,72.04
59.54,59.54,23.37,73.62,73.65
56.98,56.98,26.80,72.57,71.71
56.32,56.32,29.01,70.34,68.10
56.24,56.24,31.37,72.14,73.73
59.20,59.20,30.54,70.99,70.77
56.98,56.98,32.16,72.30,70.33
58.12,58.12,33.82,69.32,71.81
56.73,56.73,37.57,71.71,68.07
63.69,63.69,44.08,72.77,69.45
65.42,65.42,43.60,69.07,70.68
67.37,67.37,37.48,72.50,65.92
67.02,67.02,30.53,70.62,69.50
79.42,79.42,30.82,69.33,71.33
83.16,83.16,27.66,70.22,68.55
82.52,82.52,28.95,71.61,68.09
81.90,81.90,27.86,72.19,70.63
74.77,74.77,23.76,69.57,68.20
70.48,70.48,23.76,72.69,68.90
75.34,75.34,21.43,71.60,71.37
77.80,77.80,21.64,71.39,69.84
80.00,80.00,21.38,72.00,71.52
84.52,84.52,23.48,71.24,69.18
83.19,83.19,26.58,71.87,67.88
81.51,81.51,25.99,70.65,68.93
82.28,82.28,26.96,71.59,68.82
82.64,82.64,28.64,71.61,68.42
81.90,81.90,32.07,70.38,71.79
82.58,82.58,30.40,72.41,69.69
81.67,81.67,29.93,70.62,68.24
81.74,81.74,26.46,71.40,69.14
80.30,80.30,23.94,71.09,65.70
67.35,67.35,15.47,70.33,68.50
67.03,67.03,19.34,70.99,69.28
70.42,70.42,29.94,70.15,66.39
70.77,70.77,31.78,71.22,67.88
63.85,63.85,27.26,68.63,68.68
63.22,63.22,26.37,70.41,66.66
58.78,58.78,27.26,70.64,66.53
63.29,63.29,28.68,68.26,67.14
56.47,56.47,27.77,69.91,65.19
68.12,68.12,28.16,69.74,67.95
69.92,69.92,26.31,68.79,66.96
77.89,77.89,27.06,68.43,64.00
82.25,82.25,30.50,69.22,64.88
82.69,82.69,32.36,70.15,65.50
81.55,81.55,32.55,65.88,66.39
79.94,79.94,30.40,69.83,68.08
77.44,77.44,25.53,68.66,64.55
68.06,68.06,23.45,65.88,64.39
69.91,69.91,27.69,67.37,64.50
72.26,72.26,32.63,67.91,66.41
73.84,73.84,37.44,67.75,65.62
72.84,72.84,39.84,63.65,69.14
68.37,68.37,36.98,67.62,66.57
66.16,66.16,36.18,67.88,67.69
69.15,69.15,37.87,64.47,67.54
70.93,70.93,34.73,67.34,65.91
72.37,72.37,38.06,67.18,65.88
76.68,76.68,45.61,66.62,64.54
75.58,75.58,41.58,65.26,64.68
76.99,76.99,42.25,66.95,65.41
74.64,74.64,45.63,67.77,66.67
65.95,65.95,48.47,64.61,66.91
70.48,70.48,49.12,68.06,68.43
74.20,74.20,49.30,67.71,67.89
69.60,69.60,47.29,63.59,65.27
63.25,63.25,40.97,66.48,66.05
69.93,69.93,36.53,61.43,65.77
73.67,73.67,35.62,50.17,67.95
76.25,76.25,35.95,49.52,68.97
77.07,77.07,34.93,62.10,69.62
77.20,77.20,32.35,68.56,72.88
77.45,77.45,30.89,72.58,72.82
77.36,77.36,23.99,71.30,73.77
76.54,76.54,21.96,70.79,72.93
74.10,74.10,25.79,69.00,71.08
71.47,71.47,28.94,69.22,71.38
67.86,67.86,28.94,69.64,71.81
68.54,68.54,31.40,70.08,72.46
68.23,68.23,34.44,70.27,68.89
69.12,69.12,36.36,70.77,72.55
67.03,67.03,37.48,70.82,72.20
64.12,64.12,34.39,69.18,70.87
61.28,61.28,29.02,70.44,70.06
53.90,53.90,23.44,70.81,72.07
53.32,53.32,19.49,70.82,70.38
52.59,52.59,18.18,69.83,72.84
55.13,55.13,20.06,69.32,74.31
56.56,56.56,24.21,69.89,75.14
58.30,58.30,23.97,69.71,71.67
53.32,53.32,24.91,69.49,76.23
52.38,52.38,21.77,69.62,72.07
57.61,57.61,16.73,69.73,72.20
52.84,52.84,20.58,69.41,73.88
51.78,51.78,23.43,68.50,72.78
47.33,47.33,22.74,69.11,73.04
51.08,51.08,21.36,69.82,73.84
43.24,43.24,18.63,68.67,73.26
39.43,39.43,16.66,67.58,72.79
37.70,37.70,14.05,68.74,71.72
44.09,44.09,19.65,67.00,74.67
50.65,50.65,25.14,68.16,78.87
51.85,51.85,24.10,68.14,77.08
48.21,48.21,22.77,68.19,76.15
51.77,51.77,25.06,67.06,76.98
53.62,53.62,20.87,63.81,75.81
49.39,49.39,22.38,61.36,77.15
43.31,43.31,22.52,57.62,76.64
46.55,46.55,22.44,61.03,75.13
50.03,50.03,25.65,66.58,75.96
48.72,48.72,24.36,71.49,74.65
44.53,44.53,28.02,73.08,72.28
46.06,46.06,29.70,72.52,67.92
44.11,44.11,29.69,73.63,72.23
45.69,45.69,29.10,73.04,71.69
43.17,43.17,28.74,68.59,70.85
38.87,38.87,28.29,72.80,76.12
36.67,36.67,26.36,75.76,77.22
43.57,43.57,26.24,74.79,77.02
43.89,43.89,25.67,73.26,75.27
41.88,41.88,25.30,75.29,76.24
38.25,38.25,24.86,75.22,75.06
38.44,38.44,27.17,73.36,75.03
45.03,45.03,28.41,74.51,74.47
47.64,47.64,28.86,73.88,75.22
47.03,47.03,29.71,73.96,74.15
41.23,41.23,30.35,73.00,74.64
42.40,42.40,31.53,74.55,74.01
48.12,48.12,35.07,72.88,74.68
59.44,59.44,46.99,73.62,74.51
65.24,65.24,47.73,74.22,73.79
66.07,66.07,43.30,72.82,71.18
74.86,74.86,44.41,71.83,73.59
82.70,82.70,43.86,74.40,74.52
83.43,83.43,42.35,74.22,73.55
82.62,82.62,42.32,72.52,73.08
78.33,78.33,42.28,72.89,74.01
71.25,71.25,43.49,72.68,73.30
73.11,73.11,44.69,72.56,72.30
75.65,75.65,49.07,71.95,74.33
78.29,78.29,53.04,73.44,71.58
83.69,83.69,53.85,71.19,72.38
84.29,84.29,54.15,71.58,73.52
82.83,82.83,55.18,71.77,73.58
81.75,81.75,55.19,71.89,72.45
82.46,82.46,54.44,70.56,73.71
82.88,82.88,56.49,71.92,75.17
82.70,82.70,56.07,70.90,76.74
82.25,82.25,57.00,69.44,74.34
82.21,82.21,57.58,70.12,75.21
81.99,81.99,59.35,70.00,75.96
75.04,75.04,59.55,68.56,76.47
68.91,68.91,58.80,67.50,75.27
69.40,69.40,62.20,67.21,77.03
66.47,66.47,63.47,68.82,76.28
61.43,61.43,64.44,68.87,74.86
59.42,59.42,63.19,68.53,73.75
62.85,62.85,64.10,67.49,75.80
62.64,62.64,64.46,66.16,76.17
63.43,63.43,63.70,65.36,73.52
66.09,66.09,63.15,64.43,74.66
71.51,71.51,65.67,64.44,75.14
72.18,72.18,66.68,64.96,74.31
81.43,81.43,67.45,64.27,71.61
82.70,82.70,68.64,64.56,71.91
82.54,82.54,70.84,64.65,72.95
79.81,79.81,71.02,59.54,72.59
79.88,79.88,71.04,57.32,73.08
71.66,71.66,70.85,59.29,71.02
67.83,67.83,70.75,59.40,71.55
69.05,69.05,73.03,59.11,73.93
72.29,72.29,70.85,58.54,72.40
76.21,76.21,69.27,59.25,72.80
76.44,76.44,69.68,58.79,72.45
74.11,74.11,70.27,57.88,73.33
69.70,69.70,69.33,58.10,71.26
66.77,66.77,70.78,58.40,71.34
66.09,66.09,72.22,56.75,69.43
72.39,72.39,73.25,56.78,67.32
80.90,80.90,73.44,54.67,71.09
79.76,79.76,73.46,58.01,69.02
78.57,78.57,74.03,59.74,69.37
80.53,80.53,74.62,59.99,70.22
78.31,78.31,74.76,55.62,68.41
77.06,77.06,74.23,60.33,70.23
77.51,77.51,75.35,57.33,69.06
75.93,75.93,74.17,67.95,68.96
73.68,73.68,74.55,65.90,66.95
73.02,73.02,77.02,66.34,67.30
71.91,71.91,80.33,68.03,67.55
68.07,68.07,90.62,52.81,67.20
72.50,72.50,90.72,54.35,71.34
71.79,71.79,88.39,64.80,73.63
71.30,71.30,88.68,72.91,72.69
66.84,66.84,88.08,73.69,68.28
61.70,61.70,88.62,74.11,65.42
60.78,60.78,85.04,75.55,68.18
58.57,58.57,83.79,75.70,67.75
58.72,58.72,85.43,77.23,68.36
56.85,56.85,82.53,76.77,67.09
56.53,56.53,82.12,78.12,68.34
57.13,57.13,82.89,78.95,67.83
57.04,57.04,80.28,80.94,67.47
57.78,57.78,82.07,82.26,67.03
57.69,57.69,79.64,83.51,68.36
53.96,53.96,81.65,83.99,71.07
55.93,55.93,77.30,85.08,72.84
56.53,56.53,74.03,87.78,74.94
60.05,60.05,70.15,87.39,72.06
64.23,64.23,70.50,87.71,72.77
60.79,60.79,69.66,87.26,72.53
60.20,60.20,69.29,88.12,71.08
59.07,59.07,68.68,87.45,72.23
59.81,59.81,68.46,88.14,72.39
61.16,61.16,68.26,88.10,71.69
61.37,61.37,68.65,87.83,73.41
60.41,60.41,69.29,87.22,71.47
57.31,57.31,69.80,87.29,70.03
52.89,52.89,71.36,87.41,69.21
44.22,44.22,78.38,84.38,67.15
41.97,41.97,88.19,77.08,69.99
40.64,40.64,89.10,70.24,73.56
46.22,46.22,89.22,69.39,74.62
47.22,47.22,87.77,71.53,72.04
45.55,45.55,87.66,73.21,73.43
44.93,44.93,88.31,72.34,72.28
44.86,44.86,85.28,73.01,71.78
39.92,39.92,83.48,73.73,72.36
42.02,42.02,85.75,74.77,73.38
44.26,44.26,82.18,75.18,68.92
46.34,46.34,81.19,72.82,64.22
46.05,46.05,82.55,60.83,65.24
43.36,43.36,78.58,49.83,63.81
39.68,39.68,80.13,47.70,64.83
40.98,40.98,78.47,72.02,66.46
39.24,39.24,81.38,83.04,69.04
34.93,34.93,76.80,86.54,71.36
36.37,36.37,72.95,84.96,71.36
35.06,35.06,64.78,86.10,69.96
33.11,33.11,62.96,85.64,70.97
32.44,32.44,62.34,86.35,72.05
33.40,33.40,63.32,86.94,72.12
34.77,34.77,61.96,85.51,72.66
34.22,34.22,62.59,86.54,70.42
30.52,30.52,61.49,85.34,68.53
28.02,28.02,61.55,85.80,70.72
26.72,26.72,61.32,86.47,71.02
25.40,25.40,64.25,84.80,68.46
22.70,22.70,70.63,86.08,67.62
24.44,24.44,77.68,80.95,68.73
23.10,23.10,91.11,72.95,64.81
25.38,25.38,90.98,68.82,65.00
29.47,29.47,91.33,63.47,67.66
31.85,31.85,89.53,66.49,67.56
34.22,34.22,88.44,67.55,67.15
38.48,38.48,89.39,70.99,67.01
34.11,34.11,86.18,70.69,66.34
33.96,33.96,83.91,71.59,67.48
35.30,35.30,86.27,73.44,65.40
29.78,29.78,82.59,72.38,65.72
31.87,31.87,82.07,74.23,67.73
36.19,36.19,82.88,73.89,66.80
33.23,33.23,78.98,74.76,64.73
25.88,25.88,80.89,76.48,66.12
17.86,17.86,77.93,77.63,67.67
19.73,19.73,82.15,81.03,72.67
26.01,26.01,77.48,81.58,75.12
33.65,33.65,73.39,84.22,76.37
35.95,35.95,64.45,83.46,76.50
38.46,38.46,60.99,82.44,76.28
37.28,37.28,59.35,84.01,77.89
31.88,31.88,58.43,82.87,78.34
27.47,27.47,60.04,84.03,78.33
25.63,25.63,66.85,81.62,77.84
23.86,23.86,68.83,83.03,77.40
26.00,26.00,62.35,83.83,76.25
27.97,27.97,60.37,81.12,75.82
24.76,24.76,62.88,83.89,73.68
17.70,17.70,68.95,81.86,71.13
9.36,9.36,76.33,78.59,66.72
6.06,6.06,89.74,62.06,67.90
4.84,4.84,89.60,52.02,67.13
10.44,10.44,89.85,57.47,67.82
12.95,12.95,88.65,60.58,70.14
16.78,16.78,87.94,65.28,69.78
19.19,19.19,88.47,66.87,69.05
25.19,25.19,85.83,66.19,70.85
27.91,27.91,83.42,69.64,69.97
27.31,27.31,85.59,69.35,69.84
28.81,28.81,82.25,70.77,71.14
31.27,31.27,81.48,69.13,71.84
31.70,31.70,82.54,71.57,69.82
30.66,30.66,78.84,74.07,69.64
24.62,24.62,80.53,73.11,71.89
23.13,23.13,79.23,76.98,68.57
28.94,28.94,82.09,78.13,65.56
30.72,30.72,78.13,80.41,63.50
31.30,31.30,72.55,82.45,63.73
27.93,27.93,62.19,81.63,61.98
28.92,28.92,55.86,82.59,65.69
29.35,29.35,53.03,80.38,63.44
25.38,25.38,53.11,82.04,66.18
19.78,19.78,55.83,81.51,63.83
19.32,19.32,63.77,80.46,65.72
21.97,21.97,69.79,82.47,67.74
23.72,23.72,62.21,80.94,65.14
24.58,24.58,59.41,81.93,61.20
22.12,22.12,58.75,80.89,60.37
19.23,19.23,64.06,78.34,54.52
20.18,20.18,71.76,71.53,53.65
20.74,20.74,92.68,59.89,54.00
24.68,24.68,91.96,56.99,55.88
32.22,32.22,92.18,58.00,60.88
38.96,38.96,90.96,58.86,62.66
41.15,41.15,89.43,65.71,64.21
43.36,43.36,89.38,71.16,62.64
43.46,43.46,86.18,72.23,62.36
41.12,41.12,85.18,73.81,63.59
38.53,38.53,86.94,75.23,59.73
37.25,37.25,83.08,76.22,60.27
39.26,39.26,82.15,76.83,60.08
40.31,40.31,83.47,76.35,61.55
37.72,37.72,79.31,77.43,60.99
26.63,26.63,80.98,78.51,58.85
18.20,18.20,78.02,80.40,58.95
21.91,21.91,82.28,83.17,66.69
26.83,26.83,78.34,84.50,68.60
32.09,32.09,72.80,84.43,69.52
25.59,25.59,64.25,85.27,65.84
29.19,29.19,55.69,86.00,71.43
28.71,28.71,52.17,85.68,67.62
28.24,28.24,51.38,85.80,71.69
26.63,26.63,55.83,84.78,66.90
28.69,28.69,66.41,84.02,69.13
29.24,29.24,69.28,84.75,64.51
33.69,33.69,60.26,84.85,68.36
34.91,34.91,56.38,85.53,68.74
31.58,31.58,59.42,85.08,66.72
19.45,19.45,66.38,84.18,62.36
6.12,6.12,73.91,80.84,60.05
7.93,7.93,89.79,72.20,64.64
9.27,9.27,89.10,61.08,68.94
13.14,13.14,89.15,58.06,70.58
19.18,19.18,88.41,61.85,70.84
24.95,24.95,88.92,62.47,72.28
23.50,23.50,89.94,61.20,72.76
22.36,22.36,86.20,66.33,72.81
27.09,27.09,83.77,69.97,72.11
29.69,29.69,86.20,71.30,72.33
29.79,29.79,83.27,72.00,71.75
31.37,31.37,81.98,71.87,62.89
33.30,33.30,83.02,72.79,61.18
38.13,38.13,79.65,72.40,61.10
33.19,33.19,81.26,68.21,62.90
27.72,27.72,79.29,63.59,62.01
27.46,27.46,81.27,79.22,67.02
27.73,27.73,75.44,84.93,66.27
24.36,24.36,70.69,88.57,69.51
18.53,18.53,61.70,89.52,71.74
19.68,19.68,53.21,89.50,72.32
21.08,21.08,48.33,88.28,69.77
19.65,19.65,44.35,89.77,72.02
16.22,16.22,45.14,89.25,69.95
22.58,22.58,49.00,87.45,71.59
22.79,22.79,50.10,89.42,68.97
26.00,26.00,49.87,89.54,70.65
25.71,25.71,50.74,87.84,69.35
25.55,25.55,55.23,89.12,68.04
22.12,22.12,62.73,89.12,66.20
21.57,21.57,78.38,85.56,62.20
24.61,24.61,90.83,74.04,60.00
28.12,28.12,90.73,66.69,60.51
31.33,31.33,91.18,64.32,63.05
34.70,34.70,90.92,63.62,64.91
38.10,38.10,90.01,68.39,65.62
39.30,39.30,89.89,72.24,64.51
39.38,39.38,86.47,73.91,64.02
37.46,37.46,85.29,75.74,65.13
34.39,34.39,86.80,77.00,65.40
35.52,35.52,83.08,76.37,65.53
37.90,37.90,82.62,78.94,65.19
39.32,39.32,83.65,80.20,64.29
37.13,37.13,80.12,80.50,65.24
31.23,31.23,82.79,81.03,62.79
24.02,24.02,78.46,83.81,65.06
24.42,24.42,81.04,84.37,65.06
26.04,26.04,77.24,85.85,67.65
24.57,24.57,73.14,87.77,70.51
23.55,23.55,63.54,87.55,68.37
24.53,24.53,54.43,86.51,68.89
26.27,26.27,49.18,86.99,68.63
25.95,25.95,47.14,88.04,70.63
23.05,23.05,52.75,86.44,69.23
22.33,22.33,65.15,86.72,69.71
27.96,27.96,66.85,87.26,70.56
30.04,30.04,58.35,86.70,65.45
33.33,33.33,55.25,84.94,68.66
27.58,27.58,59.20,86.99,65.86
18.33,18.33,67.03,86.67,60.83
10.19,10.19,76.10,82.11,59.67
6.56,6.56,89.41,69.87,59.20
9.04,9.04,89.62,56.79,60.32
22.71,22.71,90.65,54.72,62.34
24.96,24.96,88.73,63.22,62.97
21.99,21.99,88.09,68.16,61.74
19.67,19.67,89.69,68.87,62.15
24.79,24.79,86.16,69.08,64.43
26.87,26.87,83.64,72.64,62.03
31.74,31.74,85.85,73.07,61.66
32.76,32.76,82.69,72.30,61.29
33.55,33.55,81.36,74.95,62.24
33.84,33.84,82.49,75.52,61.55
31.28,31.28,78.66,74.64,61.30
24.98,24.98,80.13,76.59,60.64
26.14,26.14,78.36,78.03,61.73
26.50,26.50,82.41,81.16,61.10
29.07,29.07,77.83,82.65,62.32
31.45,31.45,72.43,85.54,61.74
35.90,35.90,60.98,84.22,61.15
34.72,34.72,53.65,83.51,61.71
35.37,35.37,47.37,84.85,59.65
29.65,29.65,48.64,84.77,59.70
21.68,21.68,50.26,83.02,53.91
18.27,18.27,61.07,84.79,58.71
20.45,20.45,70.33,84.79,63.10
25.67,25.67,61.20,82.40,57.47
27.50,27.50,55.62,78.82,56.53
25.40,25.40,55.63,65.47,54.11
23.39,23.39,58.81,58.68,53.66
18.36,18.36,74.45,53.49,67.65
20.60,20.60,92.37,55.99,72.95
22.05,22.05,91.72,57.86,74.51
26.49,26.49,90.31,66.58,75.34
24.45,24.45,90.11,71.17,74.38
29.63,29.63,88.66,74.48,67.45
32.34,32.34,89.33,75.92,66.32
32.04,32.04,86.18,76.82,65.08
31.47,31.47,84.45,76.82,64.37
30.09,30.09,86.38,77.58,63.06
33.03,33.03,83.00,78.06,63.57
35.09,35.09,82.07,78.70,63.43
34.10,34.10,83.20,79.40,64.54
33.21,33.21,79.44,80.72,63.93
27.59,27.59,82.05,82.24,65.34
20.69,20.69,78.88,83.69,68.34
19.69,19.69,81.64,84.83,72.28
20.08,20.08,76.38,86.68,73.16
20.68,20.68,71.90,87.35,74.83
21.62,21.62,62.75,88.27,77.75
21.20,21.20,53.86,87.35,71.29
20.51,20.51,46.29,88.23,70.55
23.65,23.65,46.04,88.21,69.31
26.45,26.45,48.36,87.97,70.27
29.17,29.17,62.56,88.03,70.76
29.57,29.57,66.71,87.56,69.61
30.08,30.08,54.31,87.80,71.67
27.27,27.27,51.99,87.00,69.35
20.27,20.27,62.16,87.77,70.80
12.67,12.67,69.62,86.23,67.04
9.34,9.34,79.69,83.61,67.68
7.35,7.35,88.77,73.63,66.48
4.68,4.68,88.68,67.10,72.12
5.21,5.21,88.83,68.72,72.88
9.03,9.03,88.20,71.73,72.70
12.15,12.15,88.17,72.47,72.27
14.80,14.80,88.73,72.16,72.97
18.29,18.29,85.85,73.59,72.04
22.24,22.24,83.67,74.17,72.17
25.22,25.22,85.66,75.29,69.39
23.40,23.40,82.23,75.44,60.79
24.12,24.12,80.98,72.60,61.55
26.81,26.81,82.24,60.84,61.35
26.57,26.57,78.29,50.21,59.14
22.39,22.39,80.26,50.38,60.57
24.69,24.69,78.73,71.21,64.33
26.51,26.51,80.97,84.40,67.10
19.99,19.99,76.92,86.49,68.56
18.22,18.22,72.58,85.15,69.80
18.32,18.32,63.84,86.91,70.15
19.68,19.68,56.04,86.01,69.25
21.90,21.90,46.99,87.07,70.59
21.54,21.54,43.66,85.49,68.83
21.29,21.29,46.73,85.66,70.13
28.12,28.12,50.90,86.66,70.26
31.50,31.50,50.14,84.64,69.06
32.00,32.00,51.08,86.60,67.23
30.47,30.47,48.87,85.47,66.57
24.92,24.92,60.70,84.58,67.05
18.80,18.80,66.75,85.82,61.27
18.25,18.25,75.82,81.03,58.15
22.25,22.25,91.72,69.54,57.67
28.30,28.30,91.83,62.99,61.01
34.41,34.41,91.89,59.93,66.76
34.90,34.90,91.29,64.37,66.92
35.56,35.56,89.45,67.99,65.33
36.55,36.55,90.24,71.76,65.74
34.94,34.94,87.25,70.81,64.78
34.51,34.51,85.03,73.48,65.72
34.46,34.46,87.09,73.63,65.45
33.87,33.87,83.63,72.70,63.95
33.96,33.96,82.82,74.54,65.56
32.32,32.32,83.65,74.39,65.45
30.21,30.21,79.83,76.16,65.53
26.08,26.08,81.63,75.13,62.11
18.93,18.93,78.06,77.75,67.54
23.64,23.64,82.09,80.72,66.05
22.85,22.85,77.77,79.36,72.92
23.03,23.03,71.58,84.23,74.93
24.75,24.75,63.32,82.74,74.11
25.20,25.20,53.47,82.11,74.24
25.73,25.73,45.43,82.97,75.24
27.02,27.02,45.95,82.54,75.87
26.62,26.62,51.55,84.01,75.36
30.70,30.70,64.45,81.11,76.63
33.45,33.45,65.04,83.52,76.85
31.52,31.52,59.63,82.86,76.79
28.67,28.67,53.37,81.01,76.73
19.94,19.94,59.35,83.66,75.91
15.45,15.45,68.11,82.02,75.91
10.40,10.40,75.32,79.83,72.51
7.70,7.70,89.64,64.42,70.81
3.12,3.12,89.37,55.97,72.47
6.78,6.78,89.13,53.86,72.80
10.15,10.15,89.30,60.58,72.23
15.14,15.14,88.62,66.47,73.37
20.57,20.57,89.24,65.84,73.46
26.08,26.08,86.30,67.71,72.87
33.31,33.31,84.05,70.09,72.43
36.12,36.12,86.15,68.33,73.26
34.22,34.22,82.61,70.63,72.81
30.20,30.20,81.62,70.24,73.41
25.49,25.49,82.89,73.19,73.98
21.49,21.49,79.14,72.68,73.73
19.08,19.08,80.97,72.61,73.64
26.88,26.88,78.78,75.79,74.63
28.41,28.41,82.45,76.31,75.88
29.88,29.88,77.96,80.87,75.63
31.95,31.95,72.60,80.87,76.03
29.74,29.74,60.31,81.18,75.71
30.42,30.42,51.87,82.02,75.14
31.05,31.05,44.24,79.55,73.80
24.01,24.01,46.29,82.15,67.71
16.72,16.72,53.00,80.86,66.61
16.50,16.50,63.92,81.24,69.33
19.85,19.85,69.87,81.74,68.02
25.68,25.68,63.79,80.77,66.74
27.48,27.48,58.11,82.00,67.15
21.92,21.92,58.81,80.13,66.89
20.89,20.89,66.03,79.53,63.40
19.52,19.52,73.05,66.44,58.24
24.11,24.11,92.63,54.28,59.59
28.35,28.35,91.98,57.50,61.57
36.26,36.26,92.15,60.51,61.60
36.22,36.22,90.50,57.97,60.72
35.25,35.25,89.00,64.96,63.65
34.87,34.87,89.02,69.76,62.12
35.10,35.10,85.99,70.48,61.73
34.90,34.90,85.01,72.60,61.84
32.25,32.25,86.55,74.50,60.36
32.39,32.39,82.67,75.44,59.24
32.45,32.45,82.16,75.65,60.15
37.52,37.52,83.46,75.16,60.13
31.60,31.60,79.27,76.69,61.55
28.19,28.19,80.65,77.95,61.18
17.22,17.22,77.12,79.70,60.53
19.51,19.51,81.82,82.79,63.51
20.16,20.16,78.14,84.46,66.04
18.45,18.45,73.01,84.62,65.64
21.52,21.52,63.65,85.75,67.77
25.99,25.99,53.06,86.43,67.15
28.08,28.08,45.18,85.86,67.96
23.63,23.63,46.55,86.00,69.78
19.47,19.47,52.02,84.98,69.23
26.87,26.87,65.19,84.06,67.81
28.16,28.16,68.55,84.86,66.52
27.77,27.77,58.96,84.95,69.56
25.57,25.57,53.28,85.40,70.16
15.36,15.36,57.34,85.14,67.44
5.65,5.65,66.61,84.25,63.59
5.22,5.22,75.14,80.52,62.35
11.97,11.97,89.84,71.48,63.37
4.97,4.97,89.35,62.87,67.87
3.05,3.05,89.10,61.55,70.55
6.64,6.64,89.00,62.67,70.97
10.73,10.73,88.79,62.98,69.63
15.69,15.69,89.36,61.41,70.69
18.46,18.46,85.69,65.24,70.48
23.67,23.67,83.10,68.79,70.43
27.76,27.76,85.62,70.38,70.72
30.66,30.66,82.49,71.48,70.46
33.06,33.06,81.22,71.57,70.13
22.42,22.42,82.35,72.43,64.31
20.75,20.75,79.01,71.92,58.76
19.46,19.46,80.66,66.42,59.50
24.04,24.04,78.21,61.82,61.36
27.66,27.66,80.94,79.34,64.40
24.15,24.15,75.98,85.47,63.40
17.43,17.43,71.14,88.35,67.48
13.16,13.16,60.82,89.49,70.48
17.85,17.85,52.78,89.39,67.91
17.94,17.94,46.22,88.44,67.86
16.59,16.59,42.78,89.70,68.87
19.48,19.48,46.11,89.06,66.97
29.60,29.60,50.61,87.33,69.75
26.01,26.01,50.86,89.30,66.48
27.59,27.59,50.42,89.47,69.28
27.08,27.08,50.56,87.84,66.69
21.49,21.49,59.49,89.07,64.62
15.00,15.00,65.26,88.98,63.17
15.51,15.51,78.99,85.59,59.48
24.93,24.93,90.95,73.42,59.63
30.47,30.47,91.58,69.11,57.20
37.29,37.29,91.91,68.72,63.68
40.10,40.10,91.19,67.46,64.29
38.04,38.04,90.08,70.33,65.39
38.57,38.57,90.08,72.27,64.55
37.67,37.67,86.57,73.32,64.83
37.66,37.66,85.11,76.04,66.75
37.89,37.89,86.84,77.90,66.24
37.05,37.05,83.39,77.03,66.28
38.53,38.53,82.72,78.39,65.08
39.49,39.49,83.73,79.88,65.26
36.75,36.75,79.73,80.08,65.03
31.34,31.34,81.96,79.95,64.50
20.63,20.63,78.42,83.06,65.75
25.48,25.48,80.93,84.21,69.15
25.26,25.26,76.77,85.02,66.72
25.39,25.39,72.70,87.50,70.05
21.75,21.75,64.00,87.46,71.27
19.11,19.11,54.19,86.17,71.34
19.90,19.90,44.69,86.88,69.36
16.94,16.94,42.68,87.85,69.57
14.65,14.65,49.88,86.31,70.53
21.35,21.35,62.82,86.66,71.43
25.63,25.63,66.32,87.39,68.92
28.91,28.91,55.74,86.89,68.95
26.80,26.80,52.41,85.18,68.15
19.54,19.54,58.16,87.08,67.02
13.18,13.18,65.52,86.47,61.76
9.12,9.12,76.27,81.94,58.97
3.86,3.86,89.18,70.37,56.69
4.38,4.38,90.03,57.94,58.25
6.27,6.27,90.49,52.15,62.49
8.11,8.11,88.40,63.32,60.61
11.28,11.28,87.94,68.66,64.29
15.66,15.66,89.39,69.17,64.06
20.52,20.52,85.90,69.38,65.14
23.44,23.44,83.59,72.65,65.92
28.77,28.77,85.70,73.28,63.89
28.37,28.37,82.43,72.61,65.45
28.96,28.96,81.23,74.97,64.51
31.39,31.39,82.65,75.35,64.81
29.30,29.30,78.60,74.32,63.65
18.06,18.06,80.49,76.59,64.23
23.97,23.97,78.92,78.38,63.30
31.84,31.84,82.32,80.80,61.86
31.90,31.90,77.74,82.56,62.58
32.76,32.76,72.23,85.59,63.02
32.04,32.04,62.70,84.38,61.59
35.47,35.47,56.57,83.57,63.26
32.73,32.73,52.51,84.86,59.73
32.05,32.05,52.41,84.77,61.35
27.93,27.93,53.63,83.12,58.24
24.84,24.84,62.49,84.83,61.29
29.51,29.51,70.22,84.80,65.02
35.27,35.27,60.52,82.51,61.73
41.64,41.64,55.88,78.79,59.43
39.76,39.76,56.68,65.14,55.69
27.19,27.19,59.87,56.56,53.72
21.17,21.17,71.19,53.27,61.47
19.80,19.80,92.62,57.63,66.06
21.81,21.81,91.89,62.94,72.46
26.39,26.39,91.09,68.69,73.67
31.16,31.16,91.02,72.84,73.49
29.07,29.07,89.25,74.54,73.71
26.83,26.83,89.72,77.38,73.61
28.02,28.02,86.69,75.50,71.17
29.04,29.04,84.78,77.39,67.01
30.47,30.47,86.70,75.92,63.43
31.50,31.50,83.30,78.30,62.93
31.32,31.32,82.41,78.04,62.90
32.07,32.07,83.44,79.50,60.03
29.93,29.93,79.76,80.52,59.72
22.99,22.99,81.98,81.17,61.14
15.85,15.85,78.09,83.22,62.49
20.60,20.60,81.61,83.90,69.25
20.43,20.43,77.36,87.04,72.41
20.92,20.92,72.14,87.26,73.47
20.42,20.42,62.82,88.42,74.23
17.04,17.04,54.08,87.58,75.47
17.77,17.77,44.37,88.28,74.95
15.52,15.52,46.03,88.38,74.47
19.12,19.12,53.89,88.32,72.74
29.93,29.93,64.22,88.24,71.52
30.15,30.15,65.96,87.89,71.93
30.16,30.16,56.44,87.88,70.65
26.07,26.07,50.19,87.54,72.21
12.68,12.68,56.91,87.72,70.38
6.00,6.00,66.53,86.58,68.57
4.80,4.80,80.86,83.18,66.23
9.65,9.65,89.07,71.81,67.79
2.31,2.31,89.12,69.08,72.61
5.27,5.27,88.95,69.61,73.89
9.41,9.41,88.27,72.18,73.76
12.89,12.89,87.96,73.54,74.23
16.22,16.22,88.79,73.58,73.66
22.04,22.04,85.54,73.67,73.34
24.29,24.29,83.71,74.50,73.85
26.14,26.14,85.64,74.70,74.07
26.98,26.98,82.27,75.73,69.89
24.83,24.83,81.41,72.96,61.00
28.47,28.47,82.45,61.82,63.55
20.73,20.73,78.42,49.88,61.27
13.74,13.74,80.23,49.74,61.93
17.34,17.34,78.64,71.17,66.47
19.97,19.97,80.75,84.33,69.04
20.56,20.56,76.58,86.58,67.20
17.42,17.42,71.82,85.56,68.99
17.13,17.13,62.96,87.25,69.22
19.42,19.42,56.53,86.08,70.89
20.28,20.28,47.42,87.31,70.08
22.07,22.07,44.08,85.97,69.98
22.72,22.72,44.42,86.09,69.65
27.09,27.09,47.36,86.85,69.22
25.05,25.05,47.29,84.96,68.78
27.66,27.66,48.88,86.79,68.54
27.63,27.63,48.20,85.75,68.55
18.64,18.64,60.95,84.69,66.02
11.10,11.10,69.91,85.50,63.12
15.83,15.83,77.92,80.94,59.72
25.19,25.19,91.41,66.95,58.65
28.98,28.98,91.73,60.53,58.19
32.79,32.79,91.56,61.91,63.52
30.53,30.53,90.35,65.22,65.70
32.64,32.64,89.29,68.11,64.38
32.66,32.66,89.99,71.71,65.69
34.67,34.67,87.02,70.80,65.60
32.33,32.33,84.82,73.11,64.61
35.03,35.03,86.85,72.98,63.97
35.75,35.75,83.31,72.96,65.22
36.03,36.03,82.48,74.82,64.53
34.64,34.64,83.44,74.00,62.52
34.52,34.52,79.47,76.56,64.04
25.97,25.97,81.22,76.15,62.88
17.81,17.81,77.68,77.62,62.59
24.12,24.12,82.25,80.88,72.37
26.05,26.05,77.68,81.57,78.28
27.47,27.47,72.56,84.58,78.35
28.59,28.59,62.50,83.21,78.66
27.08,27.08,53.85,83.13,77.59
25.55,25.55,44.67,83.67,78.01
19.97,19.97,40.82,83.14,78.67
23.23,23.23,50.90,84.36,77.96
27.88,27.88,62.49,81.54,76.98
28.75,28.75,67.81,83.98,76.48
30.79,30.79,59.69,83.41,74.14
30.45,30.45,55.26,81.54,72.99
22.44,22.44,55.23,83.62,72.39
15.11,15.11,64.36,82.06,70.64
9.96,9.96,76.12,79.77,67.61
9.39,9.39,89.60,66.22,68.45
5.42,5.42,90.30,58.02,68.82
5.35,5.35,89.38,58.78,68.95
14.28,14.28,88.92,61.81,69.23
20.63,20.63,88.36,67.08,70.28
22.70,22.70,88.91,66.57,68.80
26.55,26.55,86.03,67.28,67.92
31.43,31.43,83.69,69.25,66.35
34.51,34.51,85.68,68.86,68.56
34.09,34.09,82.24,71.05,69.32
30.94,30.94,81.40,69.44,69.04
27.85,27.85,82.80,73.16,69.61
25.92,25.92,79.01,73.32,70.06
22.34,22.34,80.86,72.98,71.15
28.98,28.98,78.87,76.55,72.50
30.63,30.63,82.89,78.20,73.39
32.25,32.25,77.17,81.39,73.18
35.43,35.43,71.69,80.81,73.29
35.19,35.19,60.46,81.62,74.19
39.90,39.90,52.92,82.40,71.03
56.00,56.00,46.09,80.21,66.21
56.82,56.82,48.62,82.68,68.18
53.73,53.73,52.87,81.06,65.49
53.60,53.60,63.48,81.20,68.10
51.98,51.98,69.98,81.77,65.90
52.76,52.76,60.90,80.85,67.03
53.23,53.23,57.64,82.16,66.49
52.81,52.81,60.54,80.40,67.65
47.17,47.17,65.02,79.57,66.01
34.08,34.08,71.69,68.61,64.91
35.19,35.19,92.01,56.52,63.71
37.51,37.51,92.00,59.44,62.60
42.51,42.51,92.07,62.59,63.68
44.28,44.28,90.89,61.10,63.88
45.51,45.51,89.40,65.16,63.23
44.09,44.09,89.22,69.48,64.10
43.78,43.78,86.20,71.05,63.54
42.53,42.53,85.09,73.85,65.70
41.49,41.49,86.70,75.13,65.87
43.12,43.12,82.83,75.57,65.38
40.06,40.06,81.96,76.00,62.20
44.78,44.78,83.39,75.92,64.23
39.78,39.78,79.07,76.78,64.24
29.66,29.66,80.53,77.93,65.08
24.06,24.06,77.31,80.10,63.51
22.61,22.61,81.17,81.58,66.55
22.99,22.99,77.84,82.94,68.55
25.59,25.59,72.89,83.32,70.07
27.02,27.02,63.11,84.10,68.17
28.18,28.18,54.52,85.16,68.39
26.52,26.52,44.96,84.77,70.86
26.08,26.08,42.41,84.86,69.83
30.19,30.19,49.84,83.21,69.42
34.99,34.99,66.17,83.38,70.98
34.24,34.24,66.46,83.92,68.81
30.82,30.82,60.23,84.10,68.43
27.34,27.34,52.36,84.80,68.43
18.68,18.68,59.34,84.33,67.69
12.79,12.79,68.55,83.74,63.46
8.03,8.03,75.05,80.56,57.45
8.07,8.07,89.02,71.29,69.19
0.96,0.96,89.37,64.33,71.54
2.16,2.16,88.95,62.31,72.02
8.29,8.29,88.40,62.62,70.54
17.74,17.74,88.13,62.00,69.00
22.30,22.30,89.30,62.26,69.87
24.67,24.67,85.85,66.88,70.81
26.93,26.93,83.44,69.68,69.83
30.66,30.66,85.96,71.05,70.08
28.50,28.50,83.22,72.38,70.83
24.66,24.66,82.62,72.30,72.74
24.85,24.85,83.91,73.37,72.43
27.29,27.29,80.85,73.68,71.53
22.49,22.49,82.60,68.59,66.05
21.81,21.81,79.90,60.58,66.09
23.10,23.10,81.23,79.45,68.51
20.08,20.08,76.45,85.17,67.85
13.73,13.73,70.89,88.28,70.00
14.26,14.26,60.67,89.65,70.27
18.07,18.07,52.21,89.17,72.78
17.74,17.74,44.57,88.17,71.05
16.27,16.27,38.85,89.54,71.84
18.88,18.88,40.33,89.05,68.84
29.10,29.10,46.58,87.07,69.15
24.20,24.20,47.26,89.18,69.09
24.38,24.38,48.40,89.39,66.82
24.02,24.02,49.00,87.85,67.13
15.14,15.14,54.28,89.11,63.15
8.97,8.97,61.61,89.11,63.52
13.66,13.66,77.01,85.81,62.57
25.52,25.52,90.63,74.82,64.60
28.25,28.25,91.15,70.19,67.66
32.92,32.92,90.59,67.39,69.85
34.13,34.13,90.12,66.54,68.51
36.93,36.93,89.27,70.12,66.75
37.27,37.27,89.25,71.59,68.98
37.51,37.51,85.82,72.50,66.52
37.10,37.10,84.47,75.01,68.38
35.80,35.80,86.18,76.76,67.90
34.66,34.66,82.56,75.70,67.40
29.23,29.23,82.02,77.44,67.24
33.12,33.12,83.28,79.16,68.91
32.99,32.99,79.25,79.07,68.04
24.49,24.49,81.97,79.18,68.99
15.99,15.99,78.41,82.77,68.78
22.55,22.55,81.52,84.56,71.08
24.61,24.61,77.16,85.60,72.04
19.51,19.51,72.27,87.86,73.85
13.51,13.51,63.06,87.69,74.25
17.86,17.86,53.95,86.21,72.43
18.28,18.28,45.05,87.12,71.95
16.53,16.53,39.09,88.05,72.37
14.12,14.12,46.72,86.51,71.94
22.81,22.81,62.22,86.75,71.91
24.80,24.80,63.81,87.53,72.01
26.56,26.56,54.59,86.96,73.37
23.89,23.89,49.47,85.29,71.62
17.49,17.49,55.51,87.15,71.79
11.42,11.42,64.13,86.59,72.77
6.92,6.92,76.03,82.16,69.86
5.45,5.45,89.09,70.63,66.72
6.09,6.09,89.74,55.13,65.51
14.79,14.79,90.11,51.98,63.83
12.84,12.84,88.38,63.00,62.41
9.63,9.63,88.30,68.65,64.43
13.65,13.65,89.78,69.56,64.96
17.94,17.94,86.40,69.41,63.84
20.53,20.53,83.85,72.60,65.35
24.82,24.82,86.17,73.34,65.12
24.45,24.45,82.80,72.87,63.66
20.48,20.48,81.53,75.33,65.17
19.57,19.57,82.81,75.76,67.16
17.35,17.35,79.12,74.98,65.73
16.41,16.41,80.94,76.90,66.44
20.63,20.63,78.89,78.93,67.79
22.44,22.44,82.07,81.13,68.88
23.60,23.60,77.93,82.40,69.03
27.28,27.28,72.25,85.55,69.68
31.32,31.32,61.24,84.37,68.46
29.88,29.88,52.60,83.43,68.49
32.34,32.34,45.68,84.76,68.52
30.52,30.52,47.57,84.70,68.18
23.50,23.50,53.15,82.93,65.61
19.14,19.14,63.06,84.74,64.56
26.04,26.04,72.03,84.76,62.08
34.35,34.35,62.95,82.44,62.56
38.03,38.03,58.31,78.69,60.38
33.87,33.87,58.78,65.53,57.35
26.43,26.43,61.39,55.82,53.70
20.47,20.47,69.40,54.36,51.90
21.36,21.36,92.88,59.93,59.15
23.55,23.55,91.72,63.88,65.71
30.12,30.12,90.82,68.51,73.55
35.67,35.67,90.51,71.93,71.00
35.00,35.00,89.06,74.92,72.70
36.30,36.30,89.60,76.62,72.31
38.01,38.01,86.46,76.41,71.91
38.19,38.19,84.72,77.41,70.80
36.20,36.20,86.56,77.38,69.78
34.79,34.79,83.25,78.37,67.25
32.12,32.12,82.32,78.72,64.10
31.89,31.89,83.46,79.68,62.17
28.56,28.56,79.56,80.53,60.19
25.34,25.34,82.14,81.77,59.97
25.24,25.24,78.80,83.34,58.11
29.77,29.77,81.76,84.63,64.96
26.37,26.37,76.70,86.81,66.13
26.62,26.62,71.75,87.78,72.59
24.03,24.03,62.63,88.74,73.07
24.95,24.95,53.05,87.88,72.25
23.56,23.56,44.89,88.58,71.65
23.75,23.75,47.15,88.64,69.53
26.75,26.75,57.38,88.44,66.76
35.29,35.29,69.22,88.38,67.24
33.68,33.68,65.27,87.95,67.88
28.06,28.06,55.21,88.05,67.30
25.00,25.00,51.43,87.59,65.28
16.53,16.53,57.79,88.01,64.43
10.68,10.68,68.07,86.74,63.50
4.67,4.67,80.31,83.78,61.50
5.86,5.86,89.02,74.52,62.10
7.81,7.81,89.33,70.76,68.54
16.80,16.80,89.03,70.74,72.26
22.72,22.72,88.22,72.16,73.00
24.38,24.38,88.05,73.07,73.95
26.70,26.70,88.75,73.18,74.01
30.67,30.67,85.81,73.98,74.91
31.26,31.26,83.51,74.53,74.56
32.90,32.90,85.70,75.24,73.60
34.89,34.89,82.47,75.53,71.90
45.43,45.43,81.46,72.74,64.75
45.12,45.12,82.61,62.17,69.29
49.66,49.66,78.74,49.47,64.34
37.65,37.65,80.18,53.20,60.10
31.74,31.74,78.29,70.93,63.65
31.12,31.12,81.25,84.22,66.35
27.23,27.23,77.06,86.23,68.55
26.18,26.18,72.50,85.22,69.88
30.99,30.99,63.89,86.79,69.57
33.26,33.26,56.96,85.63,70.25
32.11,32.11,48.20,87.30,68.20
32.05,32.05,46.85,85.93,69.37
33.63,33.63,49.48,85.70,69.51
37.38,37.38,52.65,86.77,66.07
35.55,35.55,50.98,84.97,66.23
34.20,34.20,49.71,86.58,68.22
31.60,31.60,49.68,85.41,68.00
29.79,29.79,57.77,84.88,64.96
23.11,23.11,67.43,85.59,63.17
25.13,25.13,77.77,80.52,60.27
27.63,27.63,91.41,65.52,60.57
32.37,32.37,91.92,62.81,63.81
34.02,34.02,91.41,63.09,64.27
36.20,36.20,90.42,66.16,66.52
37.57,37.57,89.28,69.07,66.04
37.51,37.51,90.07,71.82,65.06
38.10,38.10,86.99,70.40,66.12
36.38,36.38,84.75,73.49,66.60
39.15,39.15,86.92,73.42,66.40
36.71,36.71,83.45,72.61,65.26
34.92,34.92,82.62,74.62,66.43
34.10,34.10,83.54,74.45,66.94
33.94,33.94,79.48,75.78,66.90
26.11,26.11,81.27,76.24,66.24
21.86,21.86,78.09,78.08,64.80
24.51,24.51,82.24,81.28,68.56
21.08,21.08,78.33,81.64,71.39
21.64,21.64,72.92,84.57,71.48
22.63,22.63,63.35,83.47,71.89
26.26,26.26,54.37,83.38,73.01
25.51,25.51,45.25,83.96,72.59
23.25,23.25,45.06,83.34,74.23
21.99,21.99,51.51,84.77,75.42
25.97,25.97,65.32,82.20,76.17
29.33,29.33,67.06,84.24,76.36
30.62,30.62,60.78,83.57,76.71
29.61,29.61,53.02,82.07,76.32
25.04,25.04,57.46,84.03,74.40
18.82,18.82,68.55,82.17,72.11
10.63,10.63,77.08,79.58,68.14
7.27,7.27,89.43,62.10,66.24
6.34,6.34,89.50,52.77,68.25
12.63,12.63,89.14,54.13,70.50
12.44,12.44,89.24,61.02,70.68
14.04,14.04,88.29,65.85,70.78
20.49,20.49,89.16,65.90,70.91
27.57,27.57,86.14,67.28,70.40
32.54,32.54,83.75,69.74,70.08
38.79,38.79,85.76,68.80,69.90
38.40,38.40,82.25,70.72,68.91
39.05,39.05,81.55,70.30,68.09
40.00,40.00,82.56,72.83,66.98
37.14,37.14,78.54,72.63,65.71
32.84,32.84,80.24,72.51,56.94
32.84,32.84,78.77,75.92,56.62
36.03,36.03,82.44,77.36,62.98
35.95,35.95,77.83,81.05,63.31
37.95,37.95,71.83,80.96,63.10
37.70,37.70,60.77,81.35,61.23
49.93,49.93,55.21,82.34,62.73
48.34,48.34,47.39,80.35,61.11
40.89,40.89,49.34,82.60,59.36
31.24,31.24,57.88,80.97,61.10
29.36,29.36,64.21,81.01,60.54
30.52,30.52,72.78,81.62,61.07
35.09,35.09,64.13,80.93,61.12
34.98,34.98,61.14,82.24,56.60
34.06,34.06,59.33,80.54,53.34
28.98,28.98,62.54,79.88,49.78
20.24,20.24,70.25,70.30,48.05
22.70,22.70,92.27,56.98,44.88
28.03,28.03,92.12,57.06,44.80
36.40,36.40,92.24,62.97,48.78
41.73,41.73,91.26,59.69,53.19
41.59,41.59,89.71,65.83,51.23
41.98,41.98,89.63,70.71,53.85
40.40,40.40,86.52,71.93,52.64
42.45,42.45,85.33,74.47,55.50
40.64,40.64,87.09,75.67,55.00
39.18,39.18,83.19,76.04,55.13
40.79,40.79,82.37,76.21,56.64
38.26,38.26,83.63,76.09,55.59
33.52,33.52,79.49,77.57,55.01
24.81,24.81,81.01,78.64,56.34
21.39,21.39,77.44,79.85,56.64
22.76,22.76,82.39,82.28,60.26
21.41,21.41,78.26,83.42,57.16
24.28,24.28,73.52,83.84,57.62
27.59,27.59,62.96,84.33,57.54
33.20,33.20,53.46,85.19,58.06
34.48,34.48,44.86,84.60,57.26
30.09,30.09,42.49,84.70,58.57
25.67,25.67,46.39,83.25,59.68
29.95,29.95,63.47,82.64,60.88
28.54,28.54,68.86,83.56,61.68
25.80,25.80,59.37,83.58,59.55
26.99,26.99,53.68,84.32,59.01
22.72,22.72,59.34,84.06,57.93
16.70,16.70,67.39,83.86,53.78
7.79,7.79,76.91,80.72,56.18
10.17,10.17,89.61,72.17,59.09
4.40,4.40,90.18,61.90,63.84
11.33,11.33,90.06,60.58,68.35
17.45,17.45,89.28,61.59,67.31
21.73,21.73,88.77,61.45,67.53
25.36,25.36,89.64,60.96,68.43
25.62,25.62,86.34,65.35,69.08
29.13,29.13,83.56,68.74,68.13
33.32,33.32,86.17,70.02,67.07
34.68,34.68,83.02,70.41,58.94
37.24,37.24,81.42,70.48,56.19
38.35,38.35,82.44,71.68,56.46
36.08,36.08,79.11,71.45,56.94
31.11,31.11,80.83,66.52,55.00
28.33,28.33,78.80,62.28,61.38
31.26,31.26,81.65,79.89,61.57
25.93,25.93,76.37,84.94,61.86
25.03,25.03,71.00,88.51,63.06
24.40,24.40,60.70,89.52,64.23
27.27,27.27,52.34,89.14,62.85
28.35,28.35,44.29,88.14,64.39
30.10,30.10,46.96,89.44,64.49
29.08,29.08,46.83,88.82,61.88
36.05,36.05,53.96,86.68,61.73
30.29,30.29,52.28,89.09,61.15
32.77,32.77,51.74,89.23,62.45
33.22,33.22,52.51,87.72,60.47
29.68,29.68,59.50,88.97,56.09
17.87,17.87,63.18,88.93,49.80
14.85,14.85,76.41,85.63,50.68
19.68,19.68,90.79,73.86,50.68
22.64,22.64,91.38,69.82,55.60
30.56,30.56,91.00,68.51,60.95
34.90,34.90,90.97,67.33,64.17
37.42,37.42,90.03,69.99,64.61
37.86,37.86,89.91,71.69,64.15
37.82,37.82,86.47,72.49,65.60
35.17,35.17,85.17,75.58,65.12
35.83,35.83,86.76,77.17,64.30
35.27,35.27,83.02,76.02,63.20
36.74,36.74,82.62,77.84,63.59
37.15,37.15,83.64,79.63,63.24
33.54,33.54,79.48,79.51,63.40
26.63,26.63,81.68,79.42,62.02
22.11,22.11,78.28,82.78,61.45
25.96,25.96,81.22,84.37,60.99
27.41,27.41,77.43,85.85,67.46
26.63,26.63,71.99,87.94,67.60
29.15,29.15,63.60,87.77,70.57
31.57,31.57,53.97,86.42,68.77
30.03,30.03,48.01,87.29,69.95
26.92,26.92,45.65,88.18,70.57
24.95,24.95,52.73,86.59,70.95
21.29,21.29,64.72,86.94,69.22
23.37,23.37,68.23,87.55,71.16
26.68,26.68,59.47,87.02,71.41
27.38,27.38,57.01,85.47,70.54
25.68,25.68,60.86,87.18,67.47
16.57,16.57,67.69,86.59,60.70
11.92,11.92,78.94,82.70,52.37
13.81,13.81,88.67,71.48,49.39
14.98,14.98,89.91,48.31,57.13
18.22,18.22,90.48,49.22,63.69
19.41,19.41,88.29,60.57,63.41
24.00,24.00,87.95,67.55,64.63
27.60,27.60,89.51,68.28,64.36
28.59,28.59,86.18,68.72,64.65
29.15,29.15,83.48,72.14,62.57
32.59,32.59,85.79,72.95,63.63
33.80,33.80,82.46,72.09,63.09
37.98,37.98,81.08,74.61,62.58
39.08,39.08,82.52,75.10,63.06
35.18,35.18,78.53,74.25,61.39
26.29,26.29,80.29,76.40,60.82
24.02,24.02,79.11,78.27,63.42
20.64,20.64,82.61,80.90,66.57
22.95,22.95,77.74,82.25,65.11
25.00,25.00,72.51,85.42,68.27
25.56,25.56,61.91,84.39,64.58
30.25,30.25,55.81,83.48,66.54
34.33,34.33,53.59,84.86,63.51
31.12,31.12,52.46,84.88,62.71
19.30,19.30,55.82,83.06,61.43
14.39,14.39,63.58,84.76,63.37
17.50,17.50,68.20,84.58,69.00
23.54,23.54,62.10,82.28,67.35
23.96,23.96,58.04,78.80,67.01
22.42,22.42,60.86,65.79,65.07
18.97,18.97,65.13,57.08,60.93
12.52,12.52,71.89,53.08,61.61
16.21,16.21,92.24,60.30,66.41
21.09,21.09,91.57,60.93,70.08
20.08,20.08,90.39,66.37,75.20
24.11,24.11,90.23,72.58,74.17
27.57,27.57,88.89,74.73,73.13
29.81,29.81,89.56,76.51,74.20
29.39,29.39,86.45,75.47,74.24
26.83,26.83,84.66,77.75,73.36
26.04,26.04,86.72,76.92,74.60
27.75,27.75,83.70,79.00,74.20
27.40,27.40,83.27,79.59,74.68
26.37,26.37,84.52,80.36,70.70
26.18,26.18,80.76,81.77,71.50
22.93,22.93,82.75,82.44,68.07
22.66,22.66,79.70,83.56,70.85
24.47,24.47,82.00,83.82,74.33
23.78,23.78,75.99,86.29,75.12
23.51,23.51,73.49,87.23,77.06
26.57,26.57,66.22,88.31,78.69
28.04,28.04,58.61,87.53,79.07
27.45,27.45,53.17,88.01,77.98
22.59,22.59,52.89,88.09,74.78
18.67,18.67,62.61,87.96,75.37
17.81,17.81,70.91,87.91,74.43
17.88,17.88,66.15,87.49,72.23
20.15,20.15,60.86,87.78,75.98
18.96,18.96,51.22,87.14,71.45
15.45,15.45,57.82,87.58,71.94
9.26,9.26,65.81,86.38,73.24
13.57,13.57,78.73,83.65,67.63
18.66,18.66,88.70,72.80,69.06
9.24,9.24,89.81,70.69,71.84
6.01,6.01,89.51,70.60,72.98
12.31,12.31,88.18,71.66,73.85
18.60,18.60,87.64,72.19,73.83
17.87,17.87,88.40,72.44,73.50
23.57,23.57,85.30,73.36,72.69
24.56,24.56,83.21,73.63,74.42
27.54,27.54,85.16,74.70,74.42
29.92,29.92,81.91,75.14,74.48
39.58,39.58,81.12,72.65,69.28
40.92,40.92,82.34,63.95,68.29
42.99,42.99,78.23,53.48,66.49
29.35,29.35,79.80,53.34,66.34
22.55,22.55,78.88,72.64,65.90
27.06,27.06,80.75,84.38,70.68
25.74,25.74,77.09,85.98,71.11
24.93,24.93,73.34,85.85,75.26
23.45,23.45,66.65,86.79,70.21
28.08,28.08,58.66,85.18,74.38
31.27,31.27,52.37,87.47,72.79
31.54,31.54,52.33,86.15,72.37
31.04,31.04,55.72,85.68,73.02
32.13,32.13,59.45,86.80,71.54
26.83,26.83,61.47,85.18,71.92
23.49,23.49,64.04,87.21,72.38
25.63,25.63,60.25,85.20,65.42
24.31,24.31,63.43,86.15,70.72
20.01,20.01,71.45,84.32,65.24
12.94,12.94,78.58,80.98,63.35
16.45,16.45,90.63,66.62,64.31
21.32,21.32,91.24,60.32,67.29
24.13,24.13,90.48,59.54,67.67
30.73,30.73,90.22,65.74,71.22
33.26,33.26,89.52,69.55,69.85
34.78,34.78,89.87,71.28,69.18
37.58,37.58,86.92,70.49,73.69
42.86,42.86,84.62,73.90,72.76
41.11,41.11,86.70,72.73,72.00
37.56,37.56,83.26,73.32,71.70
39.23,39.23,82.43,74.78,71.01
40.20,40.20,83.70,75.19,70.25
36.16,36.16,79.80,77.21,70.95
29.55,29.55,81.54,75.49,68.54
28.44,28.44,77.83,78.67,72.23
32.40,32.40,81.88,80.20,73.51
33.11,33.11,77.60,80.89,72.39
32.19,32.19,71.81,84.29,70.72
33.05,33.05,64.27,83.16,69.80
35.83,35.83,59.64,84.13,71.07
40.48,40.48,58.30,82.11,71.10
38.52,38.52,58.23,83.21,71.33
34.46,34.46,58.78,84.22,71.93
35.72,35.72,67.24,81.34,72.12
38.71,38.71,69.73,84.01,73.72
40.46,40.46,61.89,82.87,72.99
44.32,44.32,58.96,82.64,73.50
45.64,45.64,62.30,82.91,71.32
38.68,38.68,68.86,82.31,68.88
26.34,26.34,79.12,78.91,62.14
26.24,26.24,88.93,61.15,60.42
34.10,34.10,90.41,44.99,63.99
37.71,37.71,89.05,51.80,68.49
41.52,41.52,88.74,60.28,66.89
60.23,60.23,88.23,65.81,64.72
64.07,64.07,88.67,65.96,67.36
56.84,56.84,85.94,68.17,68.09
41.73,41.73,83.38,68.59,67.84
38.11,38.11,85.34,69.83,65.44
38.49,38.49,82.00,71.34,64.73
40.27,40.27,81.23,70.43,67.67
39.26,39.26,82.37,73.35,67.24
37.42,37.42,78.35,72.53,68.19
42.94,42.94,80.16,74.18,64.68
53.79,53.79,78.54,75.23,64.74
56.01,56.01,81.94,77.16,66.14
56.87,56.87,77.57,81.27,63.33
68.88,68.88,72.32,81.15,65.12
77.36,77.36,64.78,82.74,65.06
80.98,80.98,59.93,81.30,63.61
82.29,82.29,57.34,80.97,65.49
81.03,81.03,55.09,82.06,63.91
72.37,72.37,56.09,80.25,64.34
69.78,69.78,61.80,82.38,68.41
76.40,76.40,63.38,81.12,68.98
83.33,83.33,57.26,80.73,66.44
83.18,83.18,55.08,81.76,63.44
80.09,80.09,61.00,80.37,63.88
76.50,76.50,65.57,80.29,62.72
76.16,76.16,73.90,70.10,63.40
76.89,76.89,91.40,48.77,59.98
77.57,77.57,90.95,56.08,59.85
75.51,75.51,90.33,59.84,62.59
63.89,63.89,89.53,53.97,65.31
74.10,74.10,88.44,62.22,64.13
71.94,71.94,88.07,68.50,65.86
70.71,70.71,84.97,71.49,64.80
61.69,61.69,83.73,72.06,65.63
65.29,65.29,85.60,74.07,67.17
64.20,64.20,81.97,75.22,67.23
62.43,62.43,81.02,76.04,67.76
62.88,62.88,82.62,76.21,66.52
63.86,63.86,78.30,76.45,66.67
62.83,62.83,80.31,78.10,66.27
60.68,60.68,77.19,80.19,67.60
57.92,57.92,81.22,82.37,67.79
60.48,60.48,76.50,84.02,71.01
63.27,63.27,72.79,85.13,70.95
65.63,65.63,65.09,83.98,74.31
68.62,68.62,58.33,85.44,73.94
69.69,69.69,52.97,85.33,74.38
67.57,67.57,52.00,85.71,72.34
64.52,64.52,54.96,84.91,72.89
64.34,64.34,65.35,83.51,74.68
66.51,66.51,68.15,84.17,72.88
70.24,70.24,60.20,84.15,75.20
69.90,69.90,57.86,85.08,73.74
65.61,65.61,63.87,84.94,72.54
55.73,55.73,69.73,84.57,70.31
54.29,54.29,76.68,79.33,66.80
51.20,51.20,88.46,69.89,67.22
50.60,50.60,89.45,65.56,68.56
49.68,49.68,89.39,58.12,70.74
52.43,52.43,88.87,59.60,72.02
56.18,56.18,88.25,61.72,71.76
51.80,51.80,89.63,61.52,70.67
54.60,54.60,86.05,65.20,70.99
47.19,47.19,83.43,69.34,72.05
45.62,45.62,85.93,70.78,70.37
46.91,46.91,82.87,71.66,71.91
45.48,45.48,81.37,72.18,71.65
45.24,45.24,82.46,71.73,71.79
46.09,46.09,78.99,72.92,71.82
45.92,45.92,81.29,69.25,69.82
47.45,47.45,78.87,58.97,69.89
46.15,46.15,80.91,77.81,70.11
43.90,43.90,76.67,86.13,72.05
41.63,41.63,71.23,87.56,69.97
42.79,42.79,61.08,89.36,73.39
44.10,44.10,53.23,89.82,72.37
42.28,42.28,47.11,87.96,73.64
41.54,41.54,41.56,89.51,72.72
40.24,40.24,39.86,89.51,71.82
43.18,43.18,44.64,87.55,71.56
40.53,40.53,46.73,88.45,69.96
45.05,45.05,49.80,89.54,67.92
48.95,48.95,51.68,88.53,66.60
51.20,51.20,62.45,88.38,68.72
49.31,49.31,64.65,89.01,65.43
57.52,57.52,77.32,86.07,64.42
61.12,61.12,90.59,73.49,63.36
73.05,73.05,90.73,65.26,63.43
79.31,79.31,88.97,63.28,64.02
75.11,75.11,88.95,64.24,65.39
73.46,73.46,88.25,68.37,66.09
73.67,73.67,88.28,71.07,63.05
79.76,79.76,84.89,73.22,66.88
79.85,79.85,83.81,73.89,64.84
81.31,81.31,85.93,76.71,67.10
77.43,77.43,82.70,77.39,69.22
73.95,73.95,82.57,77.92,66.87
76.89,76.89,84.60,80.92,69.40
76.66,76.66,80.87,81.20,68.76
77.80,77.80,83.44,81.19,66.87
75.59,75.59,79.58,83.14,66.19
75.56,75.56,80.62,83.53,67.54
75.07,75.07,75.79,84.89,72.03
78.05,78.05,71.05,86.69,72.47
79.28,79.28,62.76,86.74,73.19
80.37,80.37,55.80,86.70,74.25
81.07,81.07,51.16,85.67,75.26
81.15,81.15,47.98,87.17,75.07
77.90,77.90,49.03,87.17,73.89
80.52,80.52,62.45,85.45,73.05
78.38,78.38,63.30,86.54,71.59
76.69,76.69,51.89,86.84,71.54
75.35,75.35,47.30,85.18,69.44
75.36,75.36,56.10,86.42,66.03
73.17,73.17,64.76,86.75,65.58
71.12,71.12,77.10,82.76,62.94
68.61,68.61,89.58,71.99,59.80
70.17,70.17,89.88,58.76,58.20
74.85,74.85,89.84,57.30,59.49
75.24,75.24,87.66,59.98,58.53
76.90,76.90,87.04,66.35,63.19
80.87,80.87,88.58,67.96,60.14
79.27,79.27,85.91,68.43,63.70
72.77,72.77,83.10,71.79,62.50
70.65,70.65,85.32,73.13,62.21
65.42,65.42,82.18,72.58,62.25
62.46,62.46,80.82,73.85,63.20
62.48,62.48,82.29,74.82,62.40
63.80,63.80,78.55,74.66,66.04
57.65,57.65,80.45,75.70,61.50
62.40,62.40,78.73,79.72,63.92
68.52,68.52,80.85,81.85,65.47
67.28,67.28,76.75,81.87,68.18
66.50,66.50,71.36,85.35,68.60
63.70,63.70,60.92,85.03,66.17
68.21,68.21,53.25,83.04,66.91
70.24,70.24,46.54,84.69,64.01
63.89,63.89,48.06,84.87,64.15
68.55,68.55,55.44,83.48,67.22
80.61,80.61,62.35,84.34,68.44
86.55,86.55,60.86,84.88,66.83
83.49,83.49,57.00,83.24,65.18
81.25,81.25,58.39,78.70,64.77
82.24,82.24,62.21,64.87,61.79
83.69,83.69,66.28,59.04,56.99
81.68,81.68,73.95,53.74,57.09
79.23,79.23,90.78,57.41,55.78
72.45,72.45,90.63,60.41,58.03
71.56,71.56,90.57,66.80,65.42
72.36,72.36,89.90,72.20,68.40
72.45,72.45,88.41,73.40,64.66
72.70,72.70,88.73,76.61,66.58
72.26,72.26,85.54,75.37,66.52
72.16,72.16,83.70,77.23,68.71
72.50,72.50,85.69,77.37,67.17
72.28,72.28,82.79,78.02,67.20
70.15,70.15,82.26,79.38,69.08
68.59,68.59,83.95,79.83,69.29
70.08,70.08,80.26,81.22,70.13
66.39,66.39,82.49,81.78,70.80
62.67,62.67,78.76,83.65,72.64
64.59,64.59,82.09,83.98,71.33
61.65,61.65,76.62,86.85,73.15
55.39,55.39,72.63,86.98,73.11
56.15,56.15,62.51,88.13,71.79
53.64,53.64,53.57,87.68,74.08
52.81,52.81,44.52,87.75,72.22
49.21,49.21,42.92,87.87,73.79
47.83,47.83,47.39,87.01,74.39
52.15,52.15,66.62,87.58,74.68
53.10,53.10,68.17,86.42,73.55
48.27,48.27,56.81,87.57,73.95
47.39,47.39,49.72,86.63,72.97
42.88,42.88,53.18,87.53,73.26
38.41,38.41,62.79,86.61,73.12
35.15,35.15,77.67,83.70,72.64
29.59,29.59,88.41,72.78,70.38
31.32,31.32,89.34,69.44,73.71
35.37,35.37,89.26,69.19,73.02
42.69,42.69,88.36,70.32,73.27
40.13,40.13,87.65,71.78,73.98
32.62,32.62,88.32,72.41,74.34
34.87,34.87,85.37,73.24,74.97
31.24,31.24,83.24,74.03,74.74
34.83,34.83,85.42,75.01,74.43
35.68,35.68,82.15,75.73,72.40
37.97,37.97,81.05,73.30,66.43
38.33,38.33,82.31,63.54,64.81
38.39,38.39,78.21,49.53,64.11
30.11,30.11,79.88,50.98,64.39
21.52,21.52,78.09,69.74,64.30
19.58,19.58,80.88,84.95,71.23
27.27,27.27,75.55,85.96,70.45
38.21,38.21,72.09,86.56,70.71
41.69,41.69,64.03,86.83,70.88
40.17,40.17,54.41,86.91,72.90
37.27,37.27,50.28,87.83,74.26
40.72,40.72,43.42,85.80,72.95
44.43,44.43,42.32,86.93,74.12
42.94,42.94,51.20,87.29,69.74
42.59,42.59,49.58,85.32,69.21
43.47,43.47,49.66,87.41,70.49
43.16,43.16,50.39,85.99,68.11
38.20,38.20,62.01,86.09,67.29
39.36,39.36,70.45,84.61,63.36
53.70,53.70,77.65,80.99,61.17
61.44,61.44,91.73,67.10,58.88
70.37,70.37,91.02,57.22,59.18
73.21,73.21,89.83,58.60,58.75
75.70,75.70,89.75,62.67,60.92
76.27,76.27,88.48,66.55,63.05
79.14,79.14,89.11,70.01,63.36
79.95,79.95,86.55,70.97,66.28
79.22,79.22,84.44,72.33,67.38
71.91,71.91,86.54,72.20,65.61
70.72,70.72,83.39,74.22,68.27
74.09,74.09,82.86,75.28,69.59
75.26,75.26,84.61,75.86,68.29
75.10,75.10,80.67,78.30,70.42
74.77,74.77,82.45,76.39,67.90
69.47,69.47,78.77,79.54,71.61
65.61,65.61,81.50,79.67,77.24
65.49,65.49,77.22,80.70,78.07
73.99,73.99,72.58,84.06,78.57
80.98,80.98,62.96,82.05,79.30
79.13,79.13,56.90,83.25,77.25
82.16,82.16,54.93,81.59,77.42
81.30,81.30,50.79,82.69,75.93
78.92,78.92,52.11,83.63,73.89
78.62,78.62,55.21,79.81,73.09
74.79,74.79,52.70,83.17,71.65
65.21,65.21,52.41,82.14,70.62
62.58,62.58,55.71,80.85,69.11
61.37,61.37,59.71,82.28,71.36
57.30,57.30,67.57,81.92,70.99
56.18,56.18,75.37,80.19,65.50
55.94,55.94,89.62,61.78,65.67
58.84,58.84,89.96,48.60,66.84
61.29,61.29,89.20,54.36,67.49
64.45,64.45,89.24,62.78,68.64
70.01,70.01,88.83,66.60,70.16
72.65,72.65,89.24,66.18,70.67
76.39,76.39,86.44,68.97,71.14
74.34,74.34,84.12,69.22,71.69
74.69,74.69,85.92,70.13,72.26
76.18,76.18,82.77,71.74,72.23
70.32,70.32,81.95,70.66,72.74
72.45,72.45,83.49,74.26,73.74
73.14,73.14,79.74,72.79,73.71
74.78,74.78,81.65,74.11,74.17
73.34,73.34,79.43,75.57,71.88
73.99,73.99,81.61,77.35,68.12
74.63,74.63,77.71,81.28,71.43
74.30,74.30,71.17,81.64,69.84
76.35,76.35,60.66,82.99,68.25
77.50,77.50,54.49,81.54,68.37
75.51,75.51,50.28,81.12,65.82
74.59,74.59,46.65,82.69,67.91
74.26,74.26,48.14,81.34,65.87
73.33,73.33,54.92,82.61,65.09
73.51,73.51,58.36,81.34,65.09
72.93,72.93,55.13,81.54,67.11
70.75,70.75,52.50,82.29,68.86
61.70,61.70,56.54,80.32,67.04
54.12,54.12,65.53,80.41,63.74
57.96,57.96,72.81,70.13,62.37
57.05,57.05,91.86,60.10,62.17
49.72,49.72,91.56,59.24,65.41
53.05,53.05,91.83,62.67,65.22
51.38,51.38,91.02,62.14,65.30
51.06,51.06,89.27,64.33,65.98
52.10,52.10,88.97,69.01,66.84
50.14,50.14,85.89,71.20,67.35
51.28,51.28,84.54,72.90,66.90
51.88,51.88,86.31,74.22,64.49
47.48,47.48,82.67,75.36,65.05
50.65,50.65,81.56,76.12,65.50
49.67,49.67,83.15,76.45,66.49
45.28,45.28,79.35,76.23,64.32
43.81,43.81,80.81,77.95,66.79
41.01,41.01,77.40,79.98,66.93
46.73,46.73,81.37,82.45,69.32
45.34,45.34,77.11,84.19,69.14
45.40,45.40,72.45,85.25,68.26
46.94,46.94,64.20,84.62,69.02
49.88,49.88,53.04,86.05,70.15
48.05,48.05,45.29,85.69,70.78
46.94,46.94,44.13,86.18,72.11
44.60,44.60,48.87,85.42,73.35
47.69,47.69,66.07,84.09,71.14
46.48,46.48,67.54,84.65,71.62
41.91,41.91,59.63,84.77,72.37
38.89,38.89,55.30,85.41,70.10
34.77,34.77,59.94,85.11,69.74
29.98,29.98,66.73,84.87,67.30
25.28,25.28,76.09,80.87,62.75
18.07,18.07,90.04,70.10,62.23
25.69,25.69,89.72,64.12,69.81
25.23,25.23,88.71,57.42,72.94
27.76,27.76,88.60,63.48,72.43
32.16,32.16,88.53,65.56,73.69
38.18,38.18,89.86,63.67,72.67
31.70,31.70,86.54,66.33,72.45
34.32,34.32,84.00,70.27,72.91
34.38,34.38,85.96,72.37,72.04
35.53,35.53,83.21,73.30,71.20
32.46,32.46,82.33,73.33,72.55
32.61,32.61,83.40,72.23,71.52
31.40,31.40,80.45,73.36,72.80
32.56,32.56,82.78,69.34,72.07
35.11,35.11,80.52,65.17,73.07
37.02,37.02,81.21,77.34,66.78
35.44,35.44,76.45,86.23,65.73
36.17,36.17,70.57,86.93,72.83
43.82,43.82,60.60,88.89,74.86
49.18,49.18,51.41,89.68,76.20
52.05,52.05,46.64,87.83,76.27
68.34,68.34,50.26,89.59,72.98
74.12,74.12,48.57,88.94,74.96
74.98,74.98,48.19,86.59,73.08
73.58,73.58,47.89,87.53,73.41
75.16,75.16,48.22,87.89,75.07
75.33,75.33,45.70,87.59,70.44
75.36,75.36,61.50,86.67,74.23
74.56,74.56,67.76,87.48,68.74
73.78,73.78,78.39,85.32,66.11
66.53,66.53,89.35,73.66,65.43
67.42,67.42,90.29,68.88,63.26
67.88,67.88,88.88,66.98,65.94
72.83,72.83,88.98,65.55,63.77
76.24,76.24,88.43,67.79,65.97
76.35,76.35,88.65,70.06,61.32
78.09,78.09,85.50,73.89,65.59
80.72,80.72,84.02,74.74,65.33
74.35,74.35,86.75,77.28,65.15
72.24,72.24,83.45,78.02,70.53
75.86,75.86,82.97,78.53,67.69
78.12,78.12,84.98,81.21,68.94
75.84,75.84,81.05,81.37,69.30
74.55,74.55,83.26,81.32,70.55
75.99,75.99,80.01,84.06,71.29
76.54,76.54,80.51,84.23,70.13
77.25,77.25,76.88,85.12,69.97
77.15,77.15,71.56,86.91,68.62
75.39,75.39,65.07,87.35,72.45
76.42,76.42,62.12,87.11,71.00
77.88,77.88,61.28,85.96,71.91
76.44,76.44,59.53,87.04,70.40
77.26,77.26,60.26,86.59,70.58
79.56,79.56,61.95,85.15,71.91
78.82,78.82,57.79,86.28,69.68
79.64,79.64,54.51,86.50,71.03
79.81,79.81,50.79,84.82,70.21
70.47,70.47,58.01,86.25,71.65
66.86,66.86,63.69,86.34,67.20
72.80,72.80,75.93,82.01,66.36
68.39,68.39,88.48,70.05,64.71
61.37,61.37,90.06,54.74,63.89
65.05,65.05,90.20,51.27,62.03
66.14,66.14,87.79,58.34,64.86
65.52,65.52,87.32,68.17,66.76
67.75,67.75,88.67,69.35,62.06
66.40,66.40,86.09,67.82,63.29
72.36,72.36,83.28,70.86,63.23
68.92,68.92,85.45,72.60,64.03
67.76,67.76,82.46,72.49,64.50
64.04,64.04,81.08,74.40,66.95
61.40,61.40,82.56,75.37,66.56
60.72,60.72,79.06,75.67,67.67
57.82,57.82,80.76,76.17,67.45
63.20,63.20,78.55,79.65,67.24
69.95,69.95,80.52,82.13,69.85
64.95,64.95,76.02,81.72,68.50
62.03,62.03,71.16,85.34,68.96
62.76,62.76,69.58,84.94,67.53
63.83,63.83,62.01,82.63,69.96
75.48,75.48,58.30,84.64,69.57
77.56,77.56,58.07,84.90,67.95
78.14,78.14,57.00,82.98,66.15
78.32,78.32,61.85,83.82,67.52
77.11,77.11,61.09,84.91,65.66
75.88,75.88,58.35,83.34,67.25
77.60,77.60,55.46,78.74,66.16
77.80,77.80,60.95,66.08,63.62
74.69,74.69,68.93,60.01,63.43
70.77,70.77,78.68,57.58,65.24
62.53,62.53,91.74,64.11,63.71
54.75,54.75,90.65,68.43,67.72
55.96,55.96,89.12,71.49,71.13
61.06,61.06,90.30,71.65,72.99
56.30,56.30,87.78,71.31,71.20
54.29,54.29,88.69,74.15,71.95
51.72,51.72,85.63,75.62,69.88
49.83,49.83,83.67,75.07,71.14
48.88,48.88,85.56,75.88,69.79
45.17,45.17,82.24,76.33,68.42
43.94,43.94,81.14,77.01,65.77
45.93,45.93,82.36,77.64,66.82
46.14,46.14,79.11,78.90,67.13
43.25,43.25,80.57,80.16,63.75
44.70,44.70,78.11,81.08,65.25
44.53,44.53,82.25,83.60,68.63
41.35,41.35,77.36,86.36,64.66
40.86,40.86,72.88,86.81,66.66
42.93,42.93,63.18,87.50,69.96
43.26,43.26,56.15,87.04,66.11
42.44,42.44,51.88,87.38,70.05
39.48,39.48,49.95,87.76,72.89
47.50,47.50,55.98,86.95,66.23
50.50,50.50,68.37,86.97,70.55
43.75,43.75,68.62,86.66,70.09
44.90,44.90,58.41,86.74,65.22
39.02,39.02,56.13,86.26,68.12
35.42,35.42,57.16,86.57,64.83
24.16,24.16,62.97,86.65,62.86
15.60,15.60,76.59,83.26,62.95
13.11,13.11,88.73,74.35,66.28
13.61,13.61,89.01,66.78,69.41
22.62,22.62,89.60,66.16,69.37
25.19,25.19,88.07,69.97,69.48
21.88,21.88,88.09,72.63,71.96
24.78,24.78,88.71,72.79,70.50
24.20,24.20,85.83,72.74,70.56
25.71,25.71,83.79,73.64,73.17
26.19,26.19,85.77,74.43,68.44
25.49,25.49,82.38,74.92,63.79
28.22,28.22,81.52,72.66,63.73
30.60,30.60,82.74,64.72,63.52
25.59,25.59,78.24,46.74,63.43
22.51,22.51,80.46,53.90,65.69
22.81,22.81,78.31,67.43,68.69
26.79,26.79,81.32,81.63,73.18
20.77,20.77,76.82,83.46,68.51
17.77,17.77,72.46,82.27,69.99
13.89,13.89,62.68,83.36,73.11
17.15,17.15,58.35,84.29,71.00
19.31,19.31,48.82,85.41,73.10
21.37,21.37,47.76,81.91,73.33
18.49,18.49,47.18,84.31,70.31
20.95,20.95,48.60,85.05,71.89
21.49,21.49,50.33,82.09,68.44
25.23,25.23,50.59,85.12,69.50
26.22,26.22,50.18,83.76,69.14
21.27,21.27,59.59,83.76,70.30
16.37,16.37,68.64,83.41,65.50
15.41,15.41,74.52,81.29,64.85
23.77,23.77,91.84,70.30,63.69
27.06,27.06,91.21,64.54,66.13
31.57,31.57,91.09,62.82,65.60
35.23,35.23,90.65,65.67,62.90
40.08,40.08,89.76,64.74,66.20
40.54,40.54,90.22,66.77,63.39
41.26,41.26,87.39,66.94,63.82
40.35,40.35,85.11,68.57,66.20
40.89,40.89,87.10,69.18,64.89
37.06,37.06,83.65,69.38,63.04
38.32,38.32,82.69,70.68,63.96
37.34,37.34,83.58,70.14,64.61
35.18,35.18,79.49,74.60,66.05
28.21,28.21,81.38,73.27,65.71
22.99,22.99,77.97,74.71,65.85
18.53,18.53,82.65,78.32,72.57
18.00,18.00,76.86,80.78,74.62
19.04,19.04,72.16,83.09,74.68
18.47,18.47,62.66,81.76,74.55
24.34,24.34,54.17,82.92,77.01
27.24,27.24,49.58,82.09,75.49
23.83,23.83,46.89,82.19,75.31
20.93,20.93,50.25,83.37,76.58
21.46,21.46,63.48,81.18,75.28
24.09,24.09,67.20,83.01,74.29
26.59,26.59,57.89,81.59,71.13
27.27,27.27,52.93,81.54,70.39
23.32,23.32,56.28,82.32,70.87
17.91,17.91,64.14,80.54,67.76
12.67,12.67,76.14,78.18,66.81
13.76,13.76,89.51,60.00,65.39
11.57,11.57,89.88,52.41,65.41
10.38,10.38,89.69,49.89,65.81
11.78,11.78,89.07,54.83,66.85
15.87,15.87,87.56,58.62,67.36
19.37,19.37,88.66,59.99,69.41
22.82,22.82,85.62,62.99,68.56
27.11,27.11,83.47,65.78,67.87
30.09,30.09,85.45,65.12,68.10
30.97,30.97,81.99,67.52,69.18
31.36,31.36,81.16,66.49,69.19
30.04,30.04,82.49,69.98,70.29
26.32,26.32,78.40,70.11,69.98
22.91,22.91,80.52,70.79,68.07
27.17,27.17,79.40,73.01,70.98
26.88,26.88,82.24,74.84,74.47
29.05,29.05,77.55,79.39,72.87
31.39,31.39,72.32,79.41,70.47
33.75,33.75,60.75,80.78,70.69
48.87,48.87,54.89,79.66,71.76
58.35,58.35,47.99,78.00,71.30
57.43,57.43,46.85,80.41,69.11
53.30,53.30,50.76,79.37,68.55
58.75,58.75,59.63,80.05,71.36
48.03,48.03,59.43,79.02,69.67
50.45,50.45,56.83,79.23,71.31
49.87,49.87,53.13,80.26,72.91
47.56,47.56,62.01,78.17,67.78
37.42,37.42,67.40,77.97,65.52
29.23,29.23,74.81,66.50,62.48
22.53,22.53,91.71,52.45,65.07
25.19,25.19,92.09,48.94,67.86
28.67,28.67,91.27,58.09,67.21
29.10,29.10,89.89,64.73,67.24
32.69,32.69,88.66,66.95,65.58
35.03,35.03,88.85,68.88,68.09
36.82,36.82,85.53,69.46,64.66
37.56,37.56,84.35,69.15,64.94
38.05,38.05,86.30,70.00,64.79
38.74,38.74,82.30,70.47,64.32
41.14,41.14,81.40,73.12,64.23
39.39,39.39,83.00,73.03,63.72
35.92,35.92,78.78,74.71,62.63
28.53,28.53,80.72,76.04,63.12
13.04,13.04,77.61,77.83,61.83
20.28,20.28,82.09,78.30,64.41
15.47,15.47,76.81,82.62,66.68
14.47,14.47,71.84,84.32,68.75
12.55,12.55,64.37,83.29,70.24
20.82,20.82,55.29,84.40,71.70
27.55,27.55,48.73,84.10,70.01
24.41,24.41,46.31,84.50,71.45
20.91,20.91,52.31,83.43,66.79
21.27,21.27,65.97,82.08,69.85
22.40,22.40,66.97,82.39,70.59
25.33,25.33,61.88,82.46,71.57
24.10,24.10,59.87,83.39,71.41
20.98,20.98,60.44,83.26,68.49
13.54,13.54,68.65,83.39,66.26
10.01,10.01,76.70,79.00,61.93
14.24,14.24,89.34,70.39,68.98
4.88,4.88,89.62,63.06,70.90
1.14,1.14,90.19,57.59,71.28
0.93,0.93,89.12,51.63,69.54
3.62,3.62,88.80,57.52,69.88
9.49,9.49,89.82,57.22,70.07
16.14,16.14,86.19,58.24,70.68
24.39,24.39,83.83,62.97,70.49
29.32,29.32,86.17,66.37,69.78
34.54,34.54,82.99,67.61,70.55
28.44,28.44,81.98,68.14,67.46
26.20,26.20,82.61,66.83,63.91
20.87,20.87,79.05,68.23,65.25
13.27,13.27,81.49,63.97,64.58
14.19,14.19,78.90,62.00,64.67
22.02,22.02,80.53,78.31,70.98
17.68,17.68,75.87,83.43,73.99
12.58,12.58,70.82,86.25,73.05
14.58,14.58,60.34,87.68,70.26
19.22,19.22,52.96,88.52,70.36
18.65,18.65,45.64,86.73,70.04
16.38,16.38,41.46,88.40,67.72
14.36,14.36,40.74,88.15,71.76
19.45,19.45,45.00,86.09,72.01
28.45,28.45,48.30,86.97,72.02
31.96,31.96,49.55,87.95,72.58
31.79,31.79,49.56,87.21,72.60
23.28,23.28,56.87,86.77,71.51
17.64,17.64,67.79,87.51,70.75
20.32,20.32,78.16,84.16,70.70
29.40,29.40,91.14,68.93,66.98
31.53,31.53,91.90,63.33,66.33
36.24,36.24,91.29,63.18,68.05
35.07,35.07,91.11,63.91,66.34
35.17,35.17,89.79,66.58,65.92
34.93,34.93,90.05,63.76,66.00
35.29,35.29,86.69,63.39,65.53
34.92,34.92,85.04,65.11,63.34
32.32,32.32,86.92,69.43,66.97
30.84,30.84,83.31,72.06,69.52
31.15,31.15,82.43,73.64,68.88
30.19,30.19,83.57,75.97,65.25
26.16,26.16,79.50,74.97,65.27
17.65,17.65,81.45,75.17,65.08
15.48,15.48,77.97,77.38,67.66
21.87,21.87,81.57,80.65,71.23
24.93,24.93,77.29,83.50,71.74
22.79,22.79,72.26,85.99,70.48
20.59,20.59,63.73,86.02,69.98
20.30,20.30,54.75,85.37,69.82
18.97,18.97,45.32,84.06,67.32
15.51,15.51,42.31,86.13,68.54
15.44,15.44,47.45,86.01,67.40
20.05,20.05,64.36,84.66,69.32
23.29,23.29,67.30,85.95,68.20
27.72,27.72,57.04,85.41,68.55
24.61,24.61,52.43,83.48,68.64
21.14,21.14,57.10,84.53,65.09
15.90,15.90,64.55,85.34,62.91
5.35,5.35,75.00,80.69,61.20
5.05,5.05,89.31,68.44,55.00
3.64,3.64,90.05,51.22,56.91
10.37,10.37,90.39,56.88,59.32
19.65,19.65,89.39,54.29,59.69
21.29,21.29,88.28,61.73,59.80
17.08,17.08,89.66,61.23,60.25
18.62,18.62,86.46,61.67,61.17
22.05,22.05,84.13,66.67,60.23
26.68,26.68,85.96,68.73,67.23
26.63,26.63,82.63,69.52,67.26
25.36,25.36,81.71,71.57,68.70
24.54,24.54,82.78,73.20,68.23
20.58,20.58,78.77,72.40,66.28
15.64,15.64,80.42,73.97,66.11
17.73,17.73,78.61,75.61,68.95
22.16,22.16,82.71,79.96,72.79
21.92,21.92,77.31,80.36,71.49
19.52,19.52,72.72,83.78,71.77
16.62,16.62,63.53,83.60,66.51
22.52,22.52,57.38,81.51,67.33
23.91,23.91,52.72,83.03,65.23
22.15,22.15,50.99,83.16,64.57
16.19,16.19,53.62,82.16,62.95
15.68,15.68,61.78,82.33,65.17
21.15,21.15,67.50,83.54,73.13
26.59,26.59,58.55,81.20,68.20
24.34,24.34,58.81,76.19,67.02
15.93,15.93,59.88,62.48,66.22
16.55,16.55,63.61,57.76,61.09
17.51,17.51,75.01,57.04,64.79
19.16,19.16,91.77,63.54,68.58
18.66,18.66,91.06,66.28,66.32
20.03,20.03,89.94,69.51,68.38
15.87,15.87,90.55,71.21,70.71
19.95,19.95,88.52,72.86,67.18
24.22,24.22,89.10,74.38,66.95
25.93,25.93,85.96,76.28,65.46
27.94,27.94,84.28,75.12,67.84
29.99,29.99,86.10,76.73,67.90
33.25,33.25,82.74,76.51,66.18
39.36,39.36,81.93,77.47,64.26
41.97,41.97,82.96,78.52,64.77
39.91,39.91,79.06,78.79,65.19
29.24,29.24,80.87,79.73,68.70
15.19,15.19,77.97,81.22,72.76
21.25,21.25,82.56,83.19,70.00
15.98,15.98,76.75,85.87,73.01
15.89,15.89,72.17,86.72,73.00
13.38,13.38,63.20,87.48,72.82
16.97,16.97,56.42,87.08,73.71
18.24,18.24,49.48,87.62,76.12
18.42,18.42,47.53,87.37,75.49
15.69,15.69,57.08,86.76,76.61
16.79,16.79,63.74,87.21,77.15
18.89,18.89,62.04,86.43,76.30
22.06,22.06,57.62,87.08,74.60
22.75,22.75,54.85,86.10,75.70
19.18,19.18,57.13,86.90,74.31
13.13,13.13,69.69,86.13,74.01
5.28,5.28,77.66,83.57,72.48
12.37,12.37,88.89,75.64,70.59
8.05,8.05,88.94,69.01,71.43
3.67,3.67,89.76,65.80,73.58
7.44,7.44,88.04,69.88,73.93
9.68,9.68,87.86,72.38,73.03
10.90,10.90,88.74,72.37,74.05
15.71,15.71,85.73,73.02,72.61
20.45,20.45,83.64,72.92,71.56
21.72,21.72,85.78,73.89,70.41
19.96,19.96,82.46,74.15,67.56
23.15,23.15,81.18,72.60,71.05
24.02,24.02,82.87,65.23,70.08
22.36,22.36,78.89,52.14,70.06
15.83,15.83,80.36,53.31,70.60
16.11,16.11,78.33,69.30,73.17
18.89,18.89,80.32,82.30,73.99
16.62,16.62,76.43,82.90,74.36
16.90,16.90,71.80,82.15,76.62
21.79,21.79,62.22,83.60,76.48
23.68,23.68,55.30,84.42,76.58
22.87,22.87,50.19,85.29,75.76
22.41,22.41,47.96,81.50,76.29
21.47,21.47,45.10,84.17,74.98
20.32,20.32,47.40,84.81,76.20
21.63,21.63,48.22,81.97,78.28
24.72,24.72,48.83,84.97,76.44
26.66,26.66,49.25,83.81,76.35
23.74,23.74,58.65,83.75,75.05
19.47,19.47,67.78,82.94,71.30
19.07,19.07,77.78,78.85,71.86
20.50,20.50,91.75,66.33,67.22
26.61,26.61,91.37,65.16,66.46
29.69,29.69,90.89,62.29,67.53
32.00,32.00,90.45,64.93,69.16
36.48,36.48,89.50,64.51,68.48
39.07,39.07,90.02,67.87,70.65
38.54,38.54,86.92,66.76,70.00
35.50,35.50,84.77,68.33,68.51
35.28,35.28,86.83,68.10,73.02
33.93,33.93,83.21,68.87,72.78
37.12,37.12,82.48,70.61,71.89
38.68,38.68,83.34,70.00,71.00
35.45,35.45,79.60,73.61,72.20
23.53,23.53,81.02,72.65,68.35
12.25,12.25,77.92,75.31,67.44
22.76,22.76,82.29,77.64,74.27
19.72,19.72,76.96,80.56,73.95
13.81,13.81,72.82,83.33,75.47
16.04,16.04,62.85,81.93,75.21
17.12,17.12,55.00,83.29,77.39
17.68,17.68,48.04,82.29,76.21
17.38,17.38,47.03,82.53,75.44
16.74,16.74,53.57,83.28,77.10
18.31,18.31,62.35,81.52,77.71
24.37,24.37,63.67,83.15,76.90
27.13,27.13,57.62,81.97,74.68
34.09,34.09,55.73,81.86,73.86
33.02,33.02,57.97,82.44,73.24
22.77,22.77,69.15,80.50,71.32
6.93,6.93,76.11,77.78,68.66
11.40,11.40,89.42,61.89,66.22
5.05,5.05,89.65,50.21,65.98
5.49,5.49,89.83,53.70,67.47
4.95,4.95,89.39,56.71,67.14
9.53,9.53,88.55,61.03,70.11
15.03,15.03,89.37,61.33,67.22
19.92,19.92,86.41,62.75,69.79
26.08,26.08,84.20,65.52,67.99
27.84,27.84,86.18,65.26,72.13
29.01,29.01,82.58,67.88,74.65
29.42,29.42,81.71,67.07,73.26
29.25,29.25,82.65,70.45,72.52
28.41,28.41,79.04,69.92,72.18
25.67,25.67,80.94,70.92,71.65
29.07,29.07,79.33,74.00,73.41
39.24,39.24,82.11,75.32,74.33
40.46,40.46,77.06,79.13,74.60
51.92,51.92,72.20,79.12,73.34
57.13,57.13,62.70,81.11,76.06
59.61,59.61,53.88,80.00,73.41
61.20,61.20,48.02,78.19,75.21
58.62,58.62,43.55,80.42,74.84
54.99,54.99,51.05,79.47,73.42
59.09,59.09,60.09,80.16,75.00
55.33,55.33,63.21,78.66,76.80
53.65,53.65,60.00,79.10,74.62
50.02,50.02,58.45,80.44,74.61
51.36,51.36,63.02,77.99,73.15
46.27,46.27,68.30,72.79,70.56
37.32,37.32,77.97,66.28,67.06
31.50,31.50,91.61,58.79,64.22
31.44,31.44,91.84,61.11,62.95
32.97,32.97,91.55,64.61,66.80
32.64,32.64,90.12,66.24,66.53
33.01,33.01,88.90,67.39,67.08
33.43,33.43,89.09,69.00,65.22
34.75,34.75,86.01,68.22,67.70
33.04,33.04,84.86,69.28,66.33
33.20,33.20,86.58,70.20,68.65
31.64,31.64,82.40,70.21,68.80
32.91,32.91,81.86,70.90,68.95
34.11,34.11,83.45,73.63,66.58
31.55,31.55,78.25,73.71,63.25
22.39,22.39,79.67,72.43,58.30
18.32,18.32,80.90,70.11,60.72
21.00,21.00,88.86,58.72,58.48
23.09,23.09,90.32,57.37,64.68
25.79,25.79,89.20,60.84,65.97
24.43,24.43,88.99,63.11,65.55
25.82,25.82,88.06,64.22,66.18
27.03,27.03,89.28,64.50,67.93
25.90,25.90,86.29,65.34,66.35
20.59,20.59,84.18,64.88,66.14
19.68,19.68,85.40,63.36,67.84
23.40,23.40,82.31,67.26,71.73
25.02,25.02,82.07,68.40,72.47
26.85,26.85,82.48,70.49,70.98
21.07,21.07,78.28,71.41,66.79
11.51,11.51,81.62,70.52,67.84
6.34,6.34,81.26,69.83,69.65
12.13,12.13,89.31,62.24,70.63
4.79,4.79,89.95,55.15,69.86
0.48,0.48,89.59,59.05,69.83
0.21,0.21,88.51,59.88,69.56
2.11,2.11,87.92,59.70,69.41
6.76,6.76,89.09,57.94,71.51
13.43,13.43,85.58,60.22,70.21
18.39,18.39,82.98,60.85,72.66
22.50,22.50,85.69,63.77,72.33
25.53,25.53,82.79,65.55,71.09
23.25,23.25,81.27,65.00,70.89
25.72,25.72,82.17,65.12,69.31
25.87,25.87,79.27,64.95,65.70
19.31,19.31,81.06,56.68,62.43
16.09,16.09,80.49,47.70,63.10
17.05,17.05,89.04,46.02,66.10
14.46,14.46,90.15,61.01,65.99
8.48,8.48,89.74,61.00,68.53
9.37,9.37,89.01,61.46,69.04
13.63,13.63,89.17,67.57,67.47
15.07,15.07,89.85,68.88,68.90
14.36,14.36,86.27,71.38,66.88
15.88,15.88,84.33,71.00,71.62
18.01,18.01,86.69,73.28,73.63
23.92,23.92,82.90,73.72,74.56
28.05,28.05,82.05,75.55,74.22
26.26,26.26,84.22,75.97,75.52
22.04,22.04,80.31,78.24,74.53
20.87,20.87,81.43,78.46,74.81
16.92,16.92,83.07,74.33,73.60
22.05,22.05,91.44,68.19,72.13
24.20,24.20,90.73,64.21,71.42
25.03,25.03,90.15,60.04,69.70
23.56,23.56,90.10,63.99,68.97
24.47,24.47,88.96,64.21,70.54
23.52,23.52,89.21,62.38,70.10
25.78,25.78,85.99,66.11,67.86
26.02,26.02,84.83,69.34,69.84
26.74,26.74,86.24,70.49,70.30
28.23,28.23,82.49,70.28,71.94
29.61,29.61,82.35,71.47,72.91
29.63,29.63,83.49,74.18,72.01
25.42,25.42,80.03,72.44,71.49
12.84,12.84,82.86,76.07,69.14
5.16,5.16,81.16,73.02,68.60
16.22,16.22,89.27,58.11,66.80
17.10,17.10,90.39,49.68,67.54
18.50,18.50,90.01,57.52,67.28
17.80,17.80,88.56,61.09,67.62
18.01,18.01,87.43,62.32,65.48
17.52,17.52,88.23,60.24,64.97
15.71,15.71,85.66,64.41,66.38
14.76,14.76,83.54,63.85,67.41
15.29,15.29,85.11,66.31,71.61
16.71,16.71,82.20,70.24,69.55
17.15,17.15,81.07,67.32,68.26
16.89,16.89,82.17,67.66,67.57
15.71,15.71,78.21,73.06,65.36
9.79,9.79,79.98,72.40,65.38
3.17,3.17,80.50,66.26,67.14
10.13,10.13,89.05,56.79,68.79
9.00,9.00,89.43,51.86,69.10
7.97,7.97,89.54,57.87,68.38
5.65,5.65,88.16,52.15,67.97
5.18,5.18,87.59,60.85,66.00
8.17,8.17,88.61,62.36,65.57
7.89,7.89,85.56,64.61,66.79
8.76,8.76,83.29,64.15,65.14
12.40,12.40,85.58,65.65,70.63
17.47,17.47,82.40,67.28,70.89
20.48,20.48,81.69,70.56,72.47
20.20,20.20,83.42,72.79,74.14
16.80,16.80,79.82,73.19,75.40
13.13,13.13,81.11,73.86,74.50
17.82,17.82,83.44,67.56,71.06
18.90,18.90,89.46,55.08,68.46
20.48,20.48,89.92,53.99,68.31
26.92,26.92,89.72,59.00,67.25
25.17,25.17,89.32,59.64,65.79
24.47,24.47,88.20,60.35,65.13
20.92,20.92,88.60,56.46,66.46
16.74,16.74,85.29,56.43,67.21
17.40,17.40,83.51,62.21,66.28
12.92,12.92,85.34,65.36,69.98
12.86,12.86,82.03,63.35,73.64
14.67,14.67,83.05,65.15,72.65
17.67,17.67,83.30,64.62,71.67
19.53,19.53,79.85,56.37,71.56
23.33,23.33,81.87,57.05,70.65
23.00,23.00,77.93,64.61,74.21
21.53,21.53,72.67,63.41,73.47
15.75,15.75,69.76,68.26,73.32
17.92,17.92,68.61,73.63,74.83
19.85,19.85,69.98,73.41,72.76
17.60,17.60,68.97,75.27,70.80
17.35,17.35,69.40,75.42,70.01
18.64,18.64,69.19,73.43,72.16
25.89,25.89,69.79,73.31,73.42
19.73,19.73,69.53,74.26,75.30
18.73,18.73,69.00,75.73,72.94
22.39,22.39,69.59,71.87,73.61
23.77,23.77,70.51,75.26,73.16
21.56,21.56,70.29,74.53,71.88
18.13,18.13,70.44,68.33,71.51
19.05,19.05,69.99,72.83,75.47
18.52,18.52,69.33,69.09,73.92
18.11,18.11,69.80,74.02,73.32
17.85,17.85,69.42,70.15,70.54
16.54,16.54,69.70,70.58,71.60
17.60,17.60,67.55,73.54,71.01
18.20,18.20,67.83,68.36,70.37
18.27,18.27,68.20,74.09,69.46
20.06,20.06,69.02,66.20,70.76
17.53,17.53,67.70,70.63,73.11
16.03,16.03,68.01,72.13,76.07
15.84,15.84,67.21,68.17,76.95
17.90,17.90,66.96,69.94,76.70
18.15,18.15,67.95,66.34,77.01
21.07,21.07,67.12,73.04,77.59
23.79,23.79,67.98,70.51,78.00
21.37,21.37,65.88,60.93,77.99
15.60,15.60,65.78,70.94,76.48
15.75,15.75,65.06,68.99,76.34
15.47,15.47,64.46,65.92,72.48
13.35,13.35,64.82,67.23,68.94
13.65,13.65,63.57,67.20,70.74
13.61,13.61,64.42,69.96,68.90
16.00,16.00,64.92,68.30,68.26
17.36,17.36,62.99,69.78,68.34
17.18,17.18,62.43,67.23,68.03
17.69,17.69,63.29,65.17,74.64
16.82,16.82,62.42,66.11,75.70
17.52,17.52,61.67,76.35,74.08
20.30,20.30,62.58,74.49,73.13
19.84,19.84,60.72,68.72,72.95
18.99,18.99,60.76,75.94,71.35
16.16,16.16,61.52,75.40,69.43
18.19,18.19,61.09,74.05,66.69
17.33,17.33,61.31,71.83,67.34
16.34,16.34,61.12,76.26,69.38
17.74,17.74,62.52,76.27,68.01
20.16,20.16,60.98,78.50,65.76
17.60,17.60,61.15,76.21,64.13
20.00,20.00,60.42,77.19,67.71
22.50,22.50,61.69,75.76,70.45
24.42,24.42,61.39,73.41,72.08
21.36,21.36,61.03,74.95,70.71
22.20,22.20,61.33,76.01,68.32
17.33,17.33,61.55,76.29,66.90
18.28,18.28,60.65,75.59,68.40
19.35,19.35,59.31,74.39,68.95
17.12,17.12,58.64,75.98,69.77
19.78,19.78,58.01,74.41,68.18
21.85,21.85,58.95,75.55,68.15
21.36,21.36,57.60,74.51,67.00
22.42,22.42,57.00,73.43,65.32
23.51,23.51,56.36,75.63,64.29
25.14,25.14,56.63,74.77,65.60
26.54,26.54,56.76,74.41,68.02
27.38,27.38,56.63,73.84,70.63
26.87,26.87,55.72,74.14,72.86
25.14,25.14,56.00,75.27,72.13
26.96,26.96,56.20,73.30,72.14
27.90,27.90,55.84,75.42,74.68
27.88,27.88,56.56,74.21,75.24
29.19,29.19,55.98,73.96,75.84
28.60,28.60,57.20,74.79,75.01
28.22,28.22,57.39,73.91,72.68
28.22,28.22,56.00,74.63,70.84
28.83,28.83,56.39,72.38,68.05
27.72,27.72,57.90,74.45,64.23
25.09,25.09,56.98,74.09,62.05
25.65,25.65,57.54,72.08,63.02
26.45,26.45,57.39,74.20,65.09
26.48,26.48,57.08,72.95,66.76
24.05,24.05,56.87,73.67,67.11
25.00,25.00,61.14,73.46,72.69
26.93,26.93,70.06,72.06,73.31
25.45,25.45,67.39,72.64,71.55
28.02,28.02,64.39,70.53,68.50
22.31,22.31,56.05,72.66,67.30
15.24,15.24,62.48,70.83,68.71
15.77,15.77,64.53,72.38,68.19
16.65,16.65,63.64,72.92,67.56
17.51,17.51,64.76,71.78,67.94
18.27,18.27,64.28,73.24,65.35
19.12,19.12,63.22,70.59,65.76
18.57,18.57,61.74,72.58,66.35
18.11,18.11,59.70,72.21,62.36
18.95,18.95,57.55,71.87,63.56
19.61,19.61,56.14,73.59,65.39
18.31,18.31,56.16,71.84,65.92
17.74,17.74,53.31,72.94,65.50
19.49,19.49,54.66,72.64,65.92
20.78,20.78,52.99,72.33,66.17
21.77,21.77,53.34,72.70,69.13
22.77,22.77,53.93,71.01,68.11
20.35,20.35,54.68,72.64,65.91
18.55,18.55,53.13,71.40,64.78
21.57,21.57,54.81,71.75,66.90
18.99,18.99,53.69,72.53,65.16
18.62,18.62,53.56,70.76,60.92
18.16,18.16,52.93,72.44,62.91
14.57,14.57,53.39,70.78,61.44
12.81,12.81,52.33,71.21,65.18
14.94,14.94,53.29,71.74,67.48
15.48,15.48,52.90,70.83,67.97
18.77,18.77,52.45,68.88,69.93
18.07,18.07,52.59,78.67,69.08
18.81,18.81,52.68,65.81,66.94
19.68,19.68,50.34,74.01,68.11
21.87,21.87,50.61,75.75,68.67
21.17,21.17,49.20,74.16,68.26
21.38,21.38,47.33,71.33,67.39
20.24,20.24,49.84,72.47,65.10
19.77,19.77,49.99,70.54,63.53
20.31,20.31,50.30,72.95,64.22
20.13,20.13,50.82,72.54,61.00
19.20,19.20,50.68,72.37,59.50
18.48,18.48,49.95,71.51,60.52
19.62,19.62,49.46,73.52,62.44
21.02,21.02,49.16,73.99,63.06
21.64,21.64,49.57,71.75,63.40
22.35,22.35,50.63,73.54,65.94
21.67,21.67,50.61,72.79,67.14
19.58,19.58,50.00,71.85,64.73
18.62,18.62,49.96,72.64,63.50
19.30,19.30,49.20,72.06,62.82
19.87,19.87,49.17,73.47,61.64
20.69,20.69,49.63,71.28,61.82
21.96,21.96,49.92,73.38,60.84
20.63,20.63,50.03,72.87,60.18
21.00,21.00,50.01,72.87,61.16
22.11,22.11,49.51,70.58,63.06
24.21,24.21,50.74,71.55,62.37
24.28,24.28,49.34,71.05,65.34
23.94,23.94,48.21,71.02,60.33
25.70,25.70,48.94,70.86,62.20
25.37,25.37,50.14,72.28,62.64
25.51,25.51,48.89,71.09,63.09
24.60,24.60,47.72,71.70,60.57
20.65,20.65,47.25,71.81,60.71
22.58,22.58,47.57,72.49,60.94
23.94,23.94,46.15,71.41,61.28
22.22,22.22,44.71,70.38,61.04
22.83,22.83,44.79,70.95,62.16
23.87,23.87,43.93,70.88,63.21
24.09,24.09,45.29,70.19,61.47
23.50,23.50,45.31,70.77,60.91
24.54,24.54,45.64,70.09,62.93
25.30,25.30,45.33,70.33,65.95
26.44,26.44,45.31,69.24,70.09
25.52,25.52,47.99,69.40,72.98
24.31,24.31,45.48,76.61,69.49
23.29,23.29,42.95,67.45,69.83
25.37,25.37,43.55,70.36,71.05
25.11,25.11,43.47,76.41,72.30
22.55,22.55,42.84,71.95,71.75
22.26,22.26,43.41,67.04,67.92
24.40,24.40,42.50,67.96,69.52
26.27,26.27,43.45,73.54,66.88
28.26,28.26,43.77,76.97,66.41
30.13,30.13,44.53,72.11,69.22
27.67,27.67,43.53,73.96,66.60
26.77,26.77,44.43,74.16,64.46
23.57,23.57,45.85,73.42,65.93
23.33,23.33,45.75,72.64,68.28
25.15,25.15,46.73,75.14,67.68
24.38,24.38,46.01,72.42,68.88
23.40,23.40,46.37,70.75,70.74
24.53,24.53,44.73,73.24,68.23
24.45,24.45,42.62,71.24,68.89
25.41,25.41,42.61,73.91,67.68
28.14,28.14,45.40,72.47,69.71
27.89,27.89,43.34,71.84,72.23
29.34,29.34,42.62,71.16,71.62
32.87,32.87,42.75,69.62,69.47
36.37,36.37,42.24,72.06,67.38
37.19,37.19,42.72,72.03,65.63
40.35,40.35,43.43,71.60,66.61
38.84,38.84,41.35,73.06,67.98
39.56,39.56,41.35,70.87,67.83
40.35,40.35,42.40,70.47,69.10
40.71,40.71,43.20,69.59,67.30
42.23,42.23,43.36,71.98,67.81
42.30,42.30,42.53,71.89,66.75
41.39,41.39,43.21,71.22,65.25
41.23,41.23,41.44,72.54,67.57
42.03,42.03,41.54,70.13,68.70
40.90,40.90,41.48,70.96,66.33
42.16,42.16,42.05,70.93,66.21
42.52,42.52,42.79,71.31,64.37
41.92,41.92,42.67,70.47,65.27
42.78,42.78,42.03,70.87,66.58
41.79,41.79,42.58,70.14,64.26
38.93,38.93,48.08,67.28,64.83
32.42,32.42,57.62,69.26,65.06
26.35,26.35,64.58,70.79,67.24
25.59,25.59,76.07,68.85,66.79
28.01,28.01,79.44,65.73,66.01
32.68,32.68,69.86,66.71,66.78
28.15,28.15,59.99,66.83,65.16
28.56,28.56,66.10,65.31,65.85
30.02,30.02,70.42,66.75,65.13
31.06,31.06,71.47,68.31,63.46
31.74,31.74,71.44,67.40,62.50
31.34,31.34,72.46,69.07,66.97
32.07,32.07,71.33,68.87,68.10
32.29,32.29,71.45,67.51,69.70
34.77,34.77,68.12,67.14,69.93
35.95,35.95,68.61,69.39,69.27
33.25,33.25,68.76,68.20,66.68
30.20,30.20,66.47,69.10,66.50
28.67,28.67,64.28,69.28,68.76
27.00,27.00,59.81,68.19,73.19
29.25,29.25,56.99,67.04,73.64
28.95,28.95,59.23,67.66,72.01
30.04,30.04,60.48,67.30,70.60
32.04,32.04,61.96,65.61,69.21
30.65,30.65,62.03,67.46,69.79
32.90,32.90,58.72,63.48,71.30
31.40,31.40,58.74,55.21,70.99
33.00,33.00,55.98,56.30,77.64
32.52,32.52,51.28,53.89,76.78
32.29,32.29,47.62,55.17,76.08
34.53,34.53,43.97,47.63,73.62
32.01,32.01,37.20,51.66,71.67
28.19,28.19,39.39,54.76,72.49
24.82,24.82,39.38,64.50,71.65
25.42,25.42,43.66,78.96,77.20
28.48,28.48,34.75,73.62,75.91
30.56,30.56,32.87,71.43,74.13
31.01,31.01,29.93,72.65,74.29
32.54,32.54,28.32,76.18,75.31
32.90,32.90,28.03,75.09,75.21
34.86,34.86,28.58,74.30,75.88
34.07,34.07,27.88,70.87,77.02
34.77,34.77,26.86,72.01,78.06
34.67,34.67,26.90,71.66,78.49
36.41,36.41,29.16,72.15,76.56
35.16,35.16,28.86,70.25,75.47
33.52,33.52,26.66,72.22,76.79
34.96,34.96,28.32,70.25,75.24
33.97,33.97,29.05,72.41,76.62
35.56,35.56,29.41,73.19,77.48
34.85,34.85,27.81,71.88,75.98
36.91,36.91,28.32,72.22,77.82
35.80,35.80,27.83,72.08,77.05
35.88,35.88,27.20,72.68,77.62
37.71,37.71,30.00,71.91,75.91
36.53,36.53,31.00,72.29,76.29
34.54,34.54,30.58,71.63,77.24
34.65,34.65,28.74,72.11,78.84
33.35,33.35,27.74,70.86,79.52
34.22,34.22,28.19,70.46,78.86
35.31,35.31,28.97,70.77,79.24
36.13,36.13,30.62,70.65,79.16
36.25,36.25,31.69,70.68,79.21
35.62,35.62,31.94,69.93,78.70
35.02,35.02,31.34,70.19,77.94
34.98,34.98,32.18,69.82,76.80
31.11,31.11,27.13,70.55,74.44
21.85,21.85,18.00,69.65,74.41
23.18,23.18,19.71,70.08,73.60
21.80,21.80,22.47,70.57,75.07
21.34,21.34,20.11,71.55,76.90
20.33,20.33,22.01,71.11,76.55
20.23,20.23,21.99,70.19,74.78
19.75,19.75,22.26,70.76,76.28
19.10,19.10,21.06,69.93,76.34
19.23,19.23,20.17,70.47,75.05
18.09,18.09,22.78,69.31,75.42
15.26,15.26,29.11,69.99,74.67
14.31,14.31,32.60,70.50,76.28
14.72,14.72,28.49,73.15,76.90
14.67,14.67,31.65,71.91,74.55
16.34,16.34,33.13,70.01,75.89
16.59,16.59,27.21,77.24,73.23
15.65,15.65,23.91,67.33,75.41
14.64,14.64,25.67,68.09,73.88
15.47,15.47,28.56,75.18,75.95
14.92,14.92,27.04,77.18,73.68
13.39,13.39,26.42,75.34,74.41
14.32,14.32,30.95,76.41,75.52
15.36,15.36,33.98,75.73,75.56
15.41,15.41,29.95,76.53,72.25
15.36,15.36,31.33,76.76,74.06
15.57,15.57,29.36,74.31,74.41
15.11,15.11,35.17,76.69,75.94
16.27,16.27,30.65,76.20,74.92
18.15,18.15,30.51,75.95,75.92
18.61,18.61,30.12,76.09,76.81
19.40,19.40,30.11,74.57,76.36
16.56,16.56,31.28,76.57,77.71
23.28,23.28,25.01,74.84,78.01
24.08,24.08,26.84,76.00,77.85
25.03,25.03,26.98,75.14,78.34
24.93,24.93,26.66,74.21,77.96
25.82,25.82,21.94,75.87,77.05
25.49,25.49,25.67,74.33,76.08
25.66,25.66,25.27,75.49,76.07
25.82,25.82,23.26,74.19,76.09
24.96,24.96,26.26,74.48,75.78
25.84,25.84,29.74,75.85,74.64
25.31,25.31,34.30,73.82,76.20
26.62,26.62,31.47,75.26,76.81
29.12,29.12,25.31,73.23,76.12
29.39,29.39,26.49,74.01,77.98
29.08,29.08,24.26,74.48,78.05
30.34,30.34,26.80,73.17,75.29
30.38,30.38,25.79,74.83,76.88
29.37,29.37,26.67,72.76,73.69
28.60,28.60,24.73,74.79,77.31
28.32,28.32,25.88,74.01,75.36
27.20,27.20,21.61,73.26,74.26
28.91,28.91,28.12,74.86,74.14
30.22,30.22,40.14,72.86,74.83
26.89,26.89,52.81,74.77,73.40
23.03,23.03,63.77,73.21,74.17
21.87,21.87,73.24,72.58,77.40
21.60,21.60,74.76,72.92,73.63
22.32,22.32,71.20,71.30,73.63
15.14,15.14,66.31,73.41,74.43
12.92,12.92,62.41,71.78,74.89
16.40,16.40,65.75,72.96,75.53
12.63,12.63,64.89,72.56,77.24
13.16,13.16,67.34,71.96,77.34
16.05,16.05,66.86,73.35,78.73
19.14,19.14,65.38,71.09,77.16
18.03,18.03,59.27,73.13,75.65
17.41,17.41,59.48,72.45,76.76
14.94,14.94,59.79,71.67,74.56
18.46,18.46,57.42,73.78,74.50
18.93,18.93,59.60,72.24,75.14
19.72,19.72,57.13,73.80,76.19
19.23,19.23,56.75,71.92,76.55
19.21,19.21,52.49,72.21,76.78
18.99,18.99,50.63,72.62,74.69
22.78,22.78,54.52,70.96,76.92
23.78,23.78,52.65,72.89,77.18
24.72,24.72,52.36,70.86,76.06
25.75,25.75,52.13,72.26,77.42
25.80,25.80,52.13,71.56,76.78
25.31,25.31,49.84,70.93,77.44
26.64,26.64,46.84,72.76,76.06
27.97,27.97,49.80,70.47,77.61
27.59,27.59,46.24,72.41,78.11
24.44,24.44,42.96,71.28,76.67
22.77,22.77,47.86,70.52,75.55
23.10,23.10,56.68,62.82,75.60
17.36,17.36,53.24,71.70,75.54
13.06,13.06,54.06,74.78,74.47
12.84,12.84,42.97,69.24,74.97
15.57,15.57,46.26,70.90,73.76
19.10,19.10,51.10,68.52,72.28
20.38,20.38,46.67,55.63,71.45
23.00,23.00,42.97,63.00,74.57
23.88,23.88,42.62,65.46,75.04
19.47,19.47,45.68,60.86,75.47
22.96,22.96,41.79,61.87,74.65
21.50,21.50,41.33,64.68,74.68
19.45,19.45,35.99,65.35,74.50
22.91,22.91,39.33,62.16,75.19
21.61,21.61,38.69,62.46,74.31
23.36,23.36,33.03,63.58,74.65
24.08,24.08,40.50,57.68,74.02
22.11,22.11,38.24,64.20,72.54
21.52,21.52,28.99,62.68,74.96
23.32,23.32,33.46,66.15,73.13
19.65,19.65,34.64,62.92,75.64
18.18,18.18,33.57,62.97,73.42
16.87,16.87,33.47,63.91,74.93
16.26,16.26,36.42,62.23,74.69
15.67,15.67,30.09,62.38,76.97
16.36,16.36,35.61,63.11,73.93
17.13,17.13,31.13,63.36,77.43
20.43,20.43,32.00,62.04,76.56
20.71,20.71,27.87,61.15,76.76
18.43,18.43,26.41,63.44,77.94
17.74,17.74,28.08,60.29,76.26
16.68,16.68,29.01,62.96,77.55
16.43,16.43,28.99,60.54,75.91
14.61,14.61,36.22,61.64,75.87
12.96,12.96,35.80,60.22,76.35
13.73,13.73,34.50,60.86,76.33
14.75,14.75,30.16,60.32,77.41
14.88,14.88,30.32,58.33,77.27
14.63,14.63,31.12,67.54,77.81
14.13,14.13,26.28,68.02,77.12
14.70,14.70,32.63,69.39,76.23
20.07,20.07,25.12,71.53,76.61
24.68,24.68,33.15,71.31,76.60
32.21,32.21,32.98,71.48,77.56
32.70,32.70,31.09,70.37,75.24
24.61,24.61,31.11,71.89,79.50
15.65,15.65,39.04,71.22,74.59
13.18,13.18,32.26,70.47,77.26
12.02,12.02,30.74,69.67,77.01
11.64,11.64,25.30,63.62,75.06
11.90,11.90,18.75,74.18,74.68
13.65,13.65,18.19,71.27,76.72
14.36,14.36,12.86,64.11,79.42
12.65,12.65,21.04,72.59,74.64
13.96,13.96,17.06,69.75,76.46
10.60,10.60,19.46,73.57,74.72
11.10,11.10,19.19,73.55,75.23
13.14,13.14,16.05,71.32,75.34
12.16,12.16,18.78,72.22,76.07
8.58,8.58,13.51,72.32,74.50
11.03,11.03,15.19,71.76,76.08
8.19,8.19,15.96,70.05,75.45
12.49,12.49,15.69,70.85,74.97
10.20,10.20,16.94,72.49,75.28
8.72,8.72,21.16,70.04,75.94
9.38,9.38,24.90,71.99,75.13
8.20,8.20,19.47,72.11,75.59
9.61,9.61,22.47,70.82,76.92
7.92,7.92,27.05,70.46,77.44
8.07,8.07,30.26,71.86,78.51
11.37,11.37,27.90,70.70,78.30
13.21,13.21,29.10,69.54,77.96
12.94,12.94,26.35,70.91,78.12
12.94,12.94,24.10,70.39,77.05
10.76,10.76,21.90,68.04,76.96
11.11,11.11,26.33,70.52,77.04
11.33,11.33,26.67,70.28,75.34
12.67,12.67,20.65,68.35,76.30
14.11,14.11,23.28,70.44,78.01
13.70,13.70,20.03,70.12,77.01
13.50,13.50,21.54,69.48,79.00
14.11,14.11,21.28,69.16,80.37
13.82,13.82,20.70,69.87,78.99
16.34,16.34,19.54,68.37,78.91
15.88,15.88,21.64,68.39,78.50
11.79,11.79,17.89,69.09,77.63
11.27,11.27,19.10,68.85,77.99
9.37,9.37,20.72,66.80,78.54
9.57,9.57,35.15,68.76,77.80
9.65,9.65,49.41,68.63,78.26
10.10,10.10,57.59,68.60,74.31
13.22,13.22,69.62,68.59,75.77
13.02,13.02,72.92,69.16,76.82
10.19,10.19,71.23,68.56,76.29
8.22,8.22,65.31,68.29,76.47
8.41,8.41,61.98,67.85,76.40
7.36,7.36,64.50,67.27,76.41
6.86,6.86,63.04,68.13,76.89
5.94,5.94,67.43,68.58,76.09
4.78,4.78,67.84,68.19,76.61
3.19,3.19,67.01,67.21,74.57
4.69,4.69,65.39,67.27,74.94
5.64,5.64,64.47,67.19,74.42
6.87,6.87,58.75,66.22,72.94
7.36,7.36,59.50,65.14,75.38
6.24,6.24,66.49,63.39,77.78
9.95,9.95,70.40,62.52,76.47
5.78,5.78,67.08,63.08,76.21
4.45,4.45,63.00,61.39,76.75
5.60,5.60,70.96,58.80,76.65
5.66,5.66,65.78,53.53,75.32
10.67,10.67,61.89,51.57,74.48
8.00,8.00,60.89,48.38,72.43
8.26,8.26,67.02,34.58,71.84
10.52,10.52,66.35,39.01,74.38
9.22,9.22,59.68,38.44,73.83
9.04,9.04,60.51,44.91,71.78
10.38,10.38,64.19,40.39,74.56
10.35,10.35,58.15,40.16,74.86
8.01,8.01,57.58,56.07,75.22
5.58,5.58,56.97,64.29,77.05
9.44,9.44,63.23,72.56,78.43
8.45,8.45,62.82,77.60,76.42
11.07,11.07,60.41,79.75,80.31
13.25,13.25,55.46,78.27,81.71
13.29,13.29,56.34,76.19,77.49
11.08,11.08,55.73,76.49,79.80
10.80,10.80,55.59,79.12,78.57
10.71,10.71,51.97,73.46,77.84
14.59,14.59,52.01,74.85,78.81
12.68,12.68,51.47,77.05,73.32
11.21,11.21,50.47,78.27,73.66
11.32,11.32,53.93,77.20,73.38
9.51,9.51,54.14,77.48,74.56
10.61,10.61,58.34,79.00,73.55
11.79,11.79,60.07,76.95,73.44
20.51,20.51,55.62,75.85,72.73
21.91,21.91,63.53,77.27,73.72
17.95,17.95,66.94,77.61,74.62
14.43,14.43,62.26,75.34,79.22
13.77,13.77,61.07,74.59,78.00
12.60,12.60,65.09,75.93,78.94
8.46,8.46,62.59,75.04,77.51
11.07,11.07,65.16,74.98,77.88
16.29,16.29,66.50,74.23,76.95
14.99,14.99,63.03,74.94,76.82
15.45,15.45,55.47,73.11,76.36
15.69,15.69,57.56,72.07,75.33
15.19,15.19,61.29,73.90,76.50
13.64,13.64,63.65,74.60,76.04
12.20,12.20,59.06,73.63,75.01
19.53,19.53,57.23,72.08,75.70
22.26,22.26,55.25,73.70,77.01
21.93,21.93,49.99,72.25,80.28
20.22,20.22,44.47,71.26,80.23
18.87,18.87,42.73,72.64,80.82
19.37,19.37,46.53,74.93,80.92
17.44,17.44,49.12,76.16,79.68
18.45,18.45,51.77,77.67,77.84
23.66,23.66,56.49,77.01,78.81
26.87,26.87,48.30,71.47,78.79
24.37,24.37,46.29,67.12,78.85
19.44,19.44,52.43,71.16,78.75
16.17,16.17,52.91,71.46,78.47
17.74,17.74,46.72,62.08,78.88
17.70,17.70,55.04,70.38,78.95
16.97,16.97,61.03,73.85,77.71
16.17,16.17,65.17,71.39,76.58
16.99,16.99,61.90,78.76,73.99
18.86,18.86,59.88,78.14,76.92
18.52,18.52,59.08,74.60,76.42
17.00,17.00,59.60,79.32,77.85
15.34,15.34,58.17,77.50,78.58
14.80,14.80,57.73,78.51,76.92
19.17,19.17,52.86,77.30,77.72
23.18,23.18,51.44,77.64,77.55
21.11,21.11,59.19,79.32,77.82
18.86,18.86,56.20,78.28,76.20
15.10,15.10,57.97,78.70,76.09
16.24,16.24,56.28,78.83,76.78
15.59,15.59,49.22,77.67,77.96
15.91,15.91,52.01,79.63,75.80
24.69,24.69,51.50,77.87,76.52
24.54,24.54,49.35,79.57,77.39
23.43,23.43,45.78,78.67,76.55
22.89,22.89,42.80,78.09,77.17
21.07,21.07,40.52,79.71,75.84
19.36,19.36,43.76,78.35,76.04
14.80,14.80,41.08,79.30,75.68
18.26,18.26,53.26,77.31,77.27
23.05,23.05,54.05,78.53,74.23
23.38,23.38,50.00,79.62,75.65
21.16,21.16,47.62,77.54,76.44
19.79,19.79,45.72,78.93,75.09
20.39,20.39,41.11,77.34,77.61
20.20,20.20,43.33,77.75,76.31
21.02,21.02,45.23,78.15,76.71
28.79,28.79,50.66,77.35,76.13
24.09,24.09,48.13,78.75,73.90
22.43,22.43,42.56,76.49,76.18
22.71,22.71,38.30,78.37,77.07
22.70,22.70,36.29,77.50,76.87
21.02,21.02,35.40,76.39,77.76
20.98,20.98,34.11,77.84,77.36
20.30,20.30,32.95,76.30,77.43
22.59,22.59,34.30,77.25,78.95
21.91,21.91,33.22,76.18,77.19
22.68,22.68,33.46,77.02,79.77
20.41,20.41,35.62,77.33,79.09
17.43,17.43,47.55,74.26,78.42
18.83,18.83,56.57,76.72,78.21
20.28,20.28,64.63,74.79,77.80
19.32,19.32,74.70,74.70,75.18
18.89,18.89,74.43,74.06,74.94
22.95,22.95,68.11,74.05,75.00
24.53,24.53,61.04,76.47,75.42
23.96,23.96,62.62,74.63,76.81
22.18,22.18,60.57,75.75,74.65
18.42,18.42,69.68,75.04,76.83
19.56,19.56,67.61,74.44,77.51
25.23,25.23,63.45,76.15,76.66
23.98,23.98,63.49,73.81,78.27
20.76,20.76,60.48,74.67,77.09
19.86,19.86,54.96,72.96,77.68
18.41,18.41,54.42,74.58,78.59
16.37,16.37,57.76,75.94,78.61
14.06,14.06,53.20,73.79,79.29
21.86,21.86,57.63,76.03,79.20
20.52,20.52,55.58,74.52,77.73
15.76,15.76,47.02,74.52,77.12
19.53,19.53,51.80,75.11,78.46
22.50,22.50,49.33,74.65,77.94
20.54,20.54,47.68,76.86,76.54
21.33,21.33,51.54,75.63,76.27
22.82,22.82,49.68,77.33,75.66
25.95,25.95,46.69,76.12,78.38
28.56,28.56,46.87,75.39,78.78
27.02,27.02,45.42,76.90,79.25
25.82,25.82,45.27,75.36,79.19
21.28,21.28,41.50,76.12,77.83
15.77,15.77,53.48,72.98,77.25
18.18,18.18,56.43,73.20,73.43
16.77,16.77,55.52,71.64,74.78
15.03,15.03,56.15,69.86,76.05
16.92,16.92,49.84,74.92,77.66
15.34,15.34,52.05,76.13,76.16
14.54,14.54,49.64,74.72,75.61
11.71,11.71,51.49,74.51,76.53
15.25,15.25,48.63,70.50,75.45
18.03,18.03,46.61,71.90,75.58
16.77,16.77,54.74,73.01,74.04
13.84,13.84,58.77,74.16,73.62
12.38,12.38,59.77,73.80,72.41
15.48,15.48,54.17,74.87,73.49
19.79,19.79,48.16,74.75,71.56
16.86,16.86,49.13,75.50,71.55
19.82,19.82,55.38,76.11,71.39
15.40,15.40,53.34,76.44,73.40
14.57,14.57,50.37,75.61,73.94
16.10,16.10,46.13,75.67,73.54
17.63,17.63,52.76,75.16,73.17
23.72,23.72,46.05,74.83,75.57
23.98,23.98,57.52,74.96,72.25
20.15,20.15,62.14,74.71,73.10
20.99,20.99,59.77,75.50,72.03
18.02,18.02,58.93,74.31,73.49
15.44,15.44,58.84,74.37,73.67
14.88,14.88,59.16,74.05,73.04
14.67,14.67,49.91,71.80,73.82
16.73,16.73,52.04,72.74,73.57
19.50,19.50,52.94,73.95,75.26
28.75,28.75,51.69,73.80,75.05
30.12,30.12,53.67,72.45,74.95
24.83,24.83,51.63,72.36,78.82
18.59,18.59,43.77,73.70,76.01
18.23,18.23,50.83,73.04,76.95
21.11,21.11,44.25,73.59,75.20
20.50,20.50,49.90,72.81,77.33
19.88,19.88,47.85,64.49,76.85
18.85,18.85,55.28,67.55,75.53
16.89,16.89,51.00,71.26,76.98
14.02,14.02,54.78,64.25,75.25
14.74,14.74,58.36,67.56,77.86
16.79,16.79,55.65,70.87,76.12
17.30,17.30,61.85,65.89,77.03
18.16,18.16,63.30,71.19,75.99
20.33,20.33,57.89,67.69,77.33
20.04,20.04,62.05,72.83,77.52
17.79,17.79,55.10,76.47,76.42
14.95,14.95,61.28,74.44,74.76
15.12,15.12,62.12,71.42,74.48
13.13,13.13,60.44,77.74,74.20
11.85,11.85,54.37,76.88,74.99
11.94,11.94,53.43,75.85,76.79
10.64,10.64,57.93,78.55,75.92
14.19,14.19,51.40,76.62,74.88
16.21,16.21,55.94,75.03,73.95
12.12,12.12,52.62,78.56,72.49
13.40,13.40,51.82,79.03,71.99
12.98,12.98,50.98,77.06,71.70
10.92,10.92,51.60,77.93,74.13
14.07,14.07,56.53,78.39,73.48
16.45,16.45,53.72,77.43,74.75
14.83,14.83,52.40,75.21,73.39
12.55,12.55,52.55,77.25,71.88
12.89,12.89,55.16,78.98,71.08
14.90,14.90,60.02,77.66,73.33
12.79,12.79,52.86,78.54,73.10
16.68,16.68,50.20,78.43,73.65
16.32,16.32,56.40,78.09,73.02
15.76,15.76,56.54,76.56,72.43
15.79,15.79,52.35,77.37,74.88
15.34,15.34,43.33,76.34,73.81
16.46,16.46,40.45,74.32,72.45
18.91,18.91,43.33,76.24,70.89
18.00,18.00,42.77,75.90,71.77
17.40,17.40,47.87,74.67,71.98
17.99,17.99,45.92,77.04,73.50
14.11,14.11,39.80,77.63,73.82
11.43,11.43,39.89,76.08,73.16
9.85,9.85,31.59,76.84,73.76
9.61,9.61,32.36,76.76,73.76
9.67,9.67,37.19,75.42,74.34
11.36,11.36,34.10,73.56,73.47
13.78,13.78,37.04,75.28,73.05
14.34,14.34,36.49,75.27,72.11
13.97,13.97,33.49,73.95,74.92
13.55,13.55,32.31,75.72,75.53
13.27,13.27,36.50,75.70,76.12
10.09,10.09,48.05,74.05,75.45
9.14,9.14,57.16,74.73,74.09
13.15,13.15,69.72,75.02,75.92
15.45,15.45,74.37,72.22,72.73
14.61,14.61,72.31,70.84,74.44
19.91,19.91,66.43,71.62,74.13
16.61,16.61,64.74,72.37,73.64
10.47,10.47,65.15,70.43,75.70
11.86,11.86,63.05,70.67,74.66
12.49,12.49,64.25,69.58,73.64
13.65,13.65,66.03,70.25,73.66
15.70,15.70,66.78,69.48,74.25
14.39,14.39,65.70,67.76,73.24
12.82,12.82,66.46,65.95,75.51
10.95,10.95,66.18,62.36,75.80
10.18,10.18,66.40,56.66,74.31
10.30,10.30,62.71,61.16,73.74
16.05,16.05,62.36,65.36,75.95
20.19,20.19,59.67,61.80,74.21
20.05,20.05,48.24,61.24,77.29
18.72,18.72,53.98,65.34,77.43
19.97,19.97,57.16,62.82,77.40
19.08,19.08,54.06,63.93,77.39
15.10,15.10,53.33,63.73,75.42
18.20,18.20,57.54,63.54,75.04
18.70,18.70,56.13,61.59,77.90
15.94,15.94,52.55,62.68,75.26
14.40,14.40,56.26,67.60,75.51
15.67,15.67,62.73,59.39,74.96
16.04,16.04,60.08,55.62,75.08
10.83,10.83,52.23,62.59,76.28
10.35,10.35,50.43,59.12,74.77
13.72,13.72,55.85,67.66,77.24
15.86,15.86,56.63,69.57,78.11
18.06,18.06,51.68,76.43,80.93
17.98,17.98,50.42,70.35,78.37
15.24,15.24,52.28,67.77,78.15
14.49,14.49,49.83,64.23,79.37
15.15,15.15,46.85,65.57,78.91
16.02,16.02,42.05,67.38,79.06
15.11,15.11,50.04,68.13,78.65
12.84,12.84,45.01,69.59,79.61
11.82,11.82,41.62,68.36,77.58
8.86,8.86,43.06,66.61,77.32
8.19,8.19,44.62,68.09,77.57
10.54,10.54,49.95,67.11,75.01
13.20,13.20,47.12,64.01,74.53
14.78,14.78,58.77,66.52,75.96
17.46,17.46,58.38,67.56,75.96
16.28,16.28,50.13,67.13,77.28
16.21,16.21,45.10,66.36,73.93
14.11,14.11,44.15,68.29,77.82
14.39,14.39,39.09,66.79,77.67
13.89,13.89,42.56,66.14,77.37
13.10,13.10,48.78,66.99,76.05
12.20,12.20,64.22,68.13,77.86
13.27,13.27,63.27,65.92,76.56
21.14,21.14,56.38,66.12,77.38
23.77,23.77,56.84,67.06,75.58
18.41,18.41,56.54,68.61,76.06
22.50,22.50,51.78,68.38,75.64
21.85,21.85,48.70,68.53,75.88
21.51,21.51,52.00,70.01,78.34
22.38,22.38,51.00,69.80,76.93
19.61,19.61,48.06,71.88,78.40
16.21,16.21,40.49,73.50,79.35
15.36,15.36,40.20,72.51,79.87
15.94,15.94,38.62,62.84,80.34
17.80,17.80,36.85,65.78,80.02
19.07,19.07,43.60,60.46,81.82
20.51,20.51,50.81,65.73,81.21
20.60,20.60,48.99,65.38,78.99
17.64,17.64,45.33,67.27,79.26
15.88,15.88,44.13,69.05,81.20
15.88,15.88,42.49,68.01,82.46
21.58,21.58,36.88,69.15,83.53
24.68,24.68,39.99,67.09,82.56
30.27,30.27,53.75,68.40,83.44
30.83,30.83,53.69,71.50,81.90
24.03,24.03,48.22,74.57,81.26
18.05,18.05,44.75,76.61,78.65
17.70,17.70,43.46,73.42,77.02
17.69,17.69,39.34,77.31,78.89
18.67,18.67,38.27,76.32,79.18
19.63,19.63,47.04,76.77,79.20
18.88,18.88,44.26,76.32,79.26
17.86,17.86,37.79,75.86,77.30
18.29,18.29,31.95,76.48,78.87
17.75,17.75,36.14,75.58,78.30
16.93,16.93,34.10,77.93,78.84
19.70,19.70,37.82,77.97,79.49
22.55,22.55,35.73,75.58,76.80
22.92,22.92,47.84,78.38,76.96
25.24,25.24,53.04,77.69,75.99
22.63,22.63,45.91,78.29,76.24
18.49,18.49,35.66,76.77,76.05
16.72,16.72,38.88,76.82,74.85
16.69,16.69,34.46,78.71,76.59
13.72,13.72,38.60,77.56,74.09
13.52,13.52,53.15,78.85,75.73
16.78,16.78,60.56,77.11,75.86
15.91,15.91,58.63,76.63,74.09
14.92,14.92,55.35,77.84,76.76
16.00,16.00,54.43,76.56,77.41
16.52,16.52,49.93,77.77,76.85
16.95,16.95,44.09,75.74,77.52
15.98,15.98,48.88,76.72,77.74
20.25,20.25,59.43,77.03,75.34
16.59,16.59,61.55,75.43,76.79
14.45,14.45,55.36,77.77,74.84
13.70,13.70,46.28,76.25,75.74
14.12,14.12,43.89,77.13,76.85
15.59,15.59,44.10,76.36,77.46
14.80,14.80,41.93,75.48,76.91
16.88,16.88,41.68,76.51,75.29
22.04,22.04,56.48,74.75,76.28
21.80,21.80,50.83,75.50,77.88
18.29,18.29,39.95,74.80,75.96
14.63,14.63,38.38,75.45,75.58
16.34,16.34,39.96,76.62,77.54
19.12,19.12,48.72,74.44,77.19
22.81,22.81,57.45,77.02,73.85
22.81,22.81,70.75,75.43,78.07
27.46,27.46,74.09,73.89,76.98
24.64,24.64,67.99,74.03,74.83
24.85,24.85,66.05,73.19,75.32
21.61,21.61,64.92,75.44,76.91
20.87,20.87,56.54,73.67,75.69
18.44,18.44,55.92,74.68,76.07
17.96,17.96,59.43,75.66,77.29
22.79,22.79,61.41,73.66,75.29
20.51,20.51,61.37,76.00,72.80
19.29,19.29,64.06,73.31,74.47
19.23,19.23,63.08,74.29,76.07
21.19,21.19,59.83,74.66,75.49
18.19,18.19,60.22,74.33,76.06
13.92,13.92,58.60,76.38,75.10
17.50,17.50,64.67,74.63,73.75
21.17,21.17,60.37,76.52,74.59
20.11,20.11,59.44,75.01,75.20
21.07,21.07,59.44,74.14,74.33
23.99,23.99,60.42,75.98,74.90
24.01,24.01,51.14,74.41,75.15
23.00,23.00,57.50,76.82,74.71
23.69,23.69,63.27,75.40,75.41
24.83,24.83,59.54,76.68,74.75
22.14,22.14,59.82,75.66,74.75
24.28,24.28,54.37,74.38,76.73
25.52,25.52,57.34,76.29,75.19
25.03,25.03,55.34,73.49,73.91
20.22,20.22,55.85,69.85,75.09
18.99,18.99,58.16,67.27,73.68
19.74,19.74,70.64,71.69,74.72
19.06,19.06,67.81,67.68,74.15
16.39,16.39,64.64,65.79,74.76
15.90,15.90,68.29,66.69,74.04
18.57,18.57,65.56,69.41,74.22
19.48,19.48,69.80,69.35,75.24
18.31,18.31,68.91,67.08,75.29
19.76,19.76,57.93,66.34,75.79
24.14,24.14,62.51,66.67,77.80
22.24,22.24,59.52,66.04,74.67
22.64,22.64,59.74,61.78,75.85
25.79,25.79,63.16,63.81,73.86
26.72,26.72,53.91,64.16,72.45
25.83,25.83,58.05,64.27,72.78
23.98,23.98,51.30,66.99,73.43
22.93,22.93,55.23,68.64,73.39
24.53,24.53,52.01,66.33,75.04
22.75,22.75,50.12,66.80,75.70
19.44,19.44,47.44,67.74,74.59
17.31,17.31,56.03,65.88,75.57
16.66,16.66,54.26,66.45,74.33
16.70,16.70,54.93,70.11,73.92
19.49,19.49,67.10,70.53,73.86
19.62,19.62,67.89,70.69,73.66
21.34,21.34,58.39,70.90,76.39
24.48,24.48,62.54,70.68,77.42
26.02,26.02,63.06,72.81,75.51
25.77,25.77,55.38,72.89,75.94
22.33,22.33,57.68,71.01,74.55
21.30,21.30,55.90,71.33,74.69
26.96,26.96,47.16,72.43,76.96
24.17,24.17,55.27,71.75,77.65
21.75,21.75,53.64,70.53,77.07
19.34,19.34,56.69,71.44,78.34
20.47,20.47,44.23,70.00,76.83
22.52,22.52,48.65,70.71,78.70
22.00,22.00,58.87,72.00,76.66
21.89,21.89,59.25,68.04,77.98
23.60,23.60,54.24,69.66,78.52
20.54,20.54,45.95,70.41,77.82
17.87,17.87,52.09,71.83,77.75
16.88,16.88,52.10,69.83,77.91
16.12,16.12,43.99,74.87,77.59
16.81,16.81,52.58,73.74,78.43
19.17,19.17,47.73,69.36,77.44
19.43,19.43,62.63,69.33,75.43
20.29,20.29,61.75,70.21,77.15
22.01,22.01,59.88,71.12,76.58
23.58,23.58,50.85,71.29,77.18
20.94,20.94,51.91,73.88,77.27
19.53,19.53,51.64,77.13,77.99
19.02,19.02,59.39,76.58,77.01
19.98,19.98,59.20,77.64,77.51
21.32,21.32,56.99,76.97,76.18
19.78,19.78,59.97,76.17,74.82
16.92,16.92,64.71,76.76,76.92
13.25,13.25,59.52,73.90,75.52
12.68,12.68,47.05,69.87,74.47
13.21,13.21,62.08,72.03,75.77
16.68,16.68,66.93,75.92,74.32
25.62,25.62,63.79,76.09,72.77
22.19,22.19,57.64,73.95,73.32
20.13,20.13,59.42,76.45,76.29
19.06,19.06,59.97,77.51,74.52
17.63,17.63,61.08,75.88,74.23
17.03,17.03,53.77,77.22,73.99
18.18,18.18,47.12,76.14,73.36
18.74,18.74,58.23,75.59,76.80
24.98,24.98,49.22,74.28,76.08
26.30,26.30,59.66,76.12,78.39
23.37,23.37,57.91,74.40,77.98
20.76,20.76,47.61,75.93,77.88
20.12,20.12,52.72,75.91,77.67
20.14,20.14,47.74,75.88,76.31
23.34,23.34,45.56,74.85,76.33
24.80,24.80,55.21,76.05,75.82
24.18,24.18,64.13,75.12,76.63
23.22,23.22,62.38,73.24,76.65
20.67,20.67,59.94,74.48,77.84
20.08,20.08,57.28,74.94,77.23
21.17,21.17,50.89,74.78,77.83
21.03,21.03,51.97,74.15,77.88
22.61,22.61,60.46,75.14,77.47
25.11,25.11,73.25,72.94,76.56
23.08,23.08,73.66,71.72,77.59
20.89,20.89,69.03,71.76,76.66
20.26,20.26,63.75,71.18,76.73
19.68,19.68,61.19,69.08,77.06
20.52,20.52,60.48,69.19,78.15
19.77,19.77,70.23,71.74,77.94
15.58,15.58,78.48,71.38,74.89
14.85,14.85,78.67,69.65,74.02
9.86,9.86,76.42,70.56,74.60
8.28,8.28,71.72,69.61,76.65
13.24,13.24,66.83,70.90,77.17
16.75,16.75,65.20,70.17,77.37
19.35,19.35,66.14,70.97,77.12
18.74,18.74,69.90,69.66,76.96
16.47,16.47,66.53,71.58,77.37
15.78,15.78,56.59,70.41,79.13
17.10,17.10,59.62,68.11,77.79
18.69,18.69,58.28,69.10,77.59
16.13,16.13,58.42,67.05,76.70
14.29,14.29,60.07,64.72,76.04
12.86,12.86,62.95,65.36,77.12
11.09,11.09,64.80,68.92,78.03
12.76,12.76,61.69,69.26,77.14
14.22,14.22,59.97,69.38,77.72
13.00,13.00,61.00,63.86,76.22
13.06,13.06,64.48,67.84,77.52
13.65,13.65,58.14,68.98,78.36
15.07,15.07,61.44,70.72,77.20
17.45,17.45,64.13,70.04,78.16
16.14,16.14,71.69,66.85,77.79
14.39,14.39,63.56,64.63,77.48
9.92,9.92,59.39,69.62,75.92
10.51,10.51,59.87,70.25,74.92
14.40,14.40,59.79,71.02,75.25
14.25,14.25,65.98,69.24,75.79
21.03,21.03,76.37,65.07,74.31
22.97,22.97,90.71,61.66,70.81
21.37,21.37,90.56,59.45,72.92
18.62,18.62,88.64,63.25,78.93
17.40,17.40,88.84,66.31,77.36
20.53,20.53,87.30,70.73,75.67
17.32,17.32,88.35,72.40,77.30
14.42,14.42,85.13,72.42,77.58
13.58,13.58,83.86,70.28,77.29
14.33,14.33,85.52,69.32,73.59
12.87,12.87,82.99,71.09,73.02
12.15,12.15,82.31,74.36,75.86
14.69,14.69,83.30,72.73,75.73
18.08,18.08,80.56,60.94,74.84
16.03,16.03,81.58,64.36,75.48
17.79,17.79,78.99,67.35,76.46
19.47,19.47,78.41,73.37,75.55
21.35,21.35,74.81,72.61,79.17
23.97,23.97,73.77,71.01,80.57
26.72,26.72,72.85,69.36,80.26
28.50,28.50,72.96,72.95,79.55
32.02,32.02,72.29,70.02,78.39
28.26,28.26,72.38,71.41,77.49
24.07,24.07,72.75,67.02,76.80
23.82,23.82,72.84,71.21,75.59
23.95,23.95,72.63,70.96,77.60
18.25,18.25,72.41,69.39,77.77
17.28,17.28,72.02,73.10,77.05
16.77,16.77,70.89,67.30,76.41
17.71,17.71,71.19,68.93,79.23
14.79,14.79,77.27,53.24,78.30
10.53,10.53,89.93,46.46,75.30
8.54,8.54,89.96,47.53,77.26
11.12,11.12,89.03,51.29,77.82
13.17,13.17,88.21,54.08,79.60
12.69,12.69,87.68,56.45,78.57
14.52,14.52,88.46,57.46,78.41
12.07,12.07,85.49,62.24,76.33
11.57,11.57,83.20,65.50,75.47
10.93,10.93,85.32,65.16,77.25
9.08,9.08,81.70,64.91,75.79
12.39,12.39,81.11,63.34,72.20
9.82,9.82,82.86,66.56,72.39
13.05,13.05,79.09,66.12,71.54
16.84,16.84,80.93,67.24,72.96
17.11,17.11,76.93,57.55,73.35
5.86,5.86,77.58,58.68,74.61
3.65,3.65,70.06,61.43,76.75
3.61,3.61,65.12,67.99,77.34
4.98,4.98,64.04,67.45,76.31
8.34,8.34,62.53,69.32,77.67
11.56,11.56,61.59,72.15,75.14
11.91,11.91,62.05,70.87,76.70
22.21,22.21,62.64,67.17,76.67
21.64,21.64,63.09,70.36,76.77
19.47,19.47,63.43,72.53,75.84
30.22,30.22,61.44,67.73,75.30
31.06,31.06,62.69,69.49,75.43
31.85,31.85,65.85,67.28,73.35
44.45,44.45,71.33,62.84,70.97
54.94,54.94,78.06,57.63,72.78
62.80,62.80,91.52,49.24,69.47
66.37,66.37,90.88,48.36,70.62
70.64,70.64,89.83,55.36,68.92
70.94,70.94,88.99,63.10,70.07
69.34,69.34,87.82,63.74,69.04
70.02,70.02,88.53,63.92,68.13
71.62,71.62,85.40,63.46,69.80
68.40,68.40,83.39,63.43,69.22
64.35,64.35,85.48,66.02,68.96
70.59,70.59,82.07,65.33,69.64
67.25,67.25,81.21,66.62,67.39
75.47,75.47,83.98,67.38,68.06
78.06,78.06,80.88,64.73,69.66
79.42,79.42,83.56,68.25,71.54
79.16,79.16,79.01,68.16,71.21
78.61,78.61,80.07,67.82,72.86
73.82,73.82,72.04,70.25,74.83
65.03,65.03,63.68,69.71,75.62
62.16,62.16,51.66,68.44,73.79
57.44,57.44,49.48,68.51,75.13
55.07,55.07,50.20,69.83,74.31
60.96,60.96,55.39,68.98,76.33
65.62,65.62,58.88,68.02,74.57
59.66,59.66,53.94,69.78,74.45
63.05,63.05,50.66,68.87,75.46
64.02,64.02,48.80,67.14,74.73
64.16,64.16,50.23,67.04,73.49
65.42,65.42,59.53,66.77,73.19
63.13,63.13,63.31,65.37,73.38
67.14,67.14,73.03,57.81,72.79
65.06,65.06,91.70,42.83,70.44
73.89,73.89,90.21,46.50,69.10
78.62,78.62,89.47,46.82,70.68
77.91,77.91,89.24,51.73,69.76
77.21,77.21,87.57,57.79,70.16
75.65,75.65,88.82,60.54,68.42
72.82,72.82,85.78,60.64,70.81
79.61,79.61,84.16,61.68,70.20
79.91,79.91,86.46,62.26,69.43
77.02,77.02,83.44,56.74,69.55
73.80,73.80,82.92,61.25,70.17
68.44,68.44,84.03,61.19,70.68
60.01,60.01,80.19,55.75,70.02
55.18,55.18,81.88,63.21,67.35
56.30,56.30,77.12,64.21,66.33
63.94,63.94,78.24,66.27,68.61
71.14,71.14,71.60,66.06,69.20
67.92,67.92,63.92,66.19,68.94
71.24,71.24,51.77,67.05,68.21
70.81,70.81,45.97,64.67,70.12
74.53,74.53,46.42,67.24,69.22
71.74,71.74,42.62,66.43,68.29
70.79,70.79,35.13,64.64,67.76
71.52,71.52,38.20,65.28,66.36
73.85,73.85,41.99,65.95,68.61
75.42,75.42,42.89,66.75,68.62
75.90,75.90,48.78,63.99,66.75
76.50,76.50,56.11,63.40,66.47
75.29,75.29,60.34,47.55,62.68
75.13,75.13,73.36,40.72,63.26
73.56,73.56,91.91,49.19,59.85
72.00,72.00,91.31,52.60,60.54
72.03,72.03,90.52,56.80,61.87
71.18,71.18,89.11,59.97,60.05
71.93,71.93,87.87,60.93,61.65
71.85,71.85,88.34,61.90,59.96
72.76,72.76,85.49,61.15,60.79
73.39,73.39,84.57,60.76,61.32
73.66,73.66,86.22,62.87,61.45
73.73,73.73,82.53,63.38,62.04
72.63,72.63,82.38,62.14,61.44
73.21,73.21,84.38,63.39,63.01
73.14,73.14,79.71,64.81,64.19
74.84,74.84,82.33,64.49,66.26
73.81,73.81,79.06,64.20,65.78
71.11,71.11,78.76,63.28,67.33
72.48,72.48,70.50,64.88,67.20
72.78,72.78,66.89,66.86,65.96
74.34,74.34,52.38,66.92,64.76
72.63,72.63,44.23,68.78,66.03
74.35,74.35,38.87,69.12,65.89
73.22,73.22,38.34,68.64,66.30
75.08,75.08,40.51,67.50,64.72
73.83,73.83,36.36,68.72,65.13
73.70,73.70,38.75,68.49,67.54
73.11,73.11,40.31,67.87,65.33
71.67,71.67,46.72,67.64,64.82
65.26,65.26,57.87,67.02,63.37
61.47,61.47,64.03,62.50,64.91
59.56,59.56,72.65,60.55,71.51
55.91,55.91,92.38,57.79,70.00
50.85,50.85,91.53,53.03,68.65
53.42,53.42,91.52,53.44,69.40
53.97,53.97,90.83,52.31,68.82
51.56,51.56,89.72,55.08,68.76
51.91,51.91,90.34,57.93,68.88
51.29,51.29,86.76,58.01,66.64
49.48,49.48,84.46,58.06,67.97
51.45,51.45,86.99,56.86,62.61
50.41,50.41,83.83,56.77,60.89
49.65,49.65,81.87,57.05,60.99
51.13,51.13,83.26,54.90,61.67
47.89,47.89,79.79,53.56,62.13
49.30,49.30,81.02,50.29,62.21
46.63,46.63,76.61,49.88,62.87
47.93,47.93,76.74,65.61,61.22
48.20,48.20,66.93,67.68,62.29
46.50,46.50,56.40,70.53,63.42
47.38,47.38,52.31,74.34,64.78
48.57,48.57,37.22,74.03,65.82
46.39,46.39,28.78,74.42,66.48
48.62,48.62,29.65,74.66,66.49
45.91,45.91,26.25,76.29,66.68
43.38,43.38,24.22,74.46,64.57
48.34,48.34,23.06,75.22,64.51
46.41,46.41,27.57,74.89,65.78
41.78,41.78,45.39,74.88,65.60
39.70,39.70,53.24,73.05,64.48
34.26,34.26,64.75,71.64,57.06
31.98,31.98,74.79,66.06,57.35
32.31,32.31,92.35,60.79,57.56
34.00,34.00,92.38,59.16,58.71
41.42,41.42,92.13,59.92,59.75
43.91,43.91,90.20,60.18,60.13
44.22,44.22,88.69,61.15,60.47
46.40,46.40,90.10,63.91,63.80
43.84,43.84,87.31,64.39,59.86
42.19,42.19,84.54,64.11,60.33
41.99,41.99,86.52,64.15,60.68
41.76,41.76,83.83,66.99,62.05
44.18,44.18,82.19,66.49,61.31
42.39,42.39,83.29,67.84,61.77
44.26,44.26,79.81,68.34,60.98
41.52,41.52,80.99,66.73,60.54
44.04,44.04,76.63,67.77,63.15
44.72,44.72,77.21,68.36,62.99
38.73,38.73,68.76,67.99,61.49
38.02,38.02,62.85,67.86,63.79
42.27,42.27,45.66,69.59,63.23
40.77,40.77,39.39,67.79,65.31
34.23,34.23,27.39,68.80,62.93
26.98,26.98,25.89,69.27,63.44
24.89,24.89,26.04,70.06,66.50
23.01,23.01,23.12,69.03,64.70
25.18,25.18,20.46,70.91,65.83
28.48,28.48,25.07,70.86,62.14
30.31,30.31,45.18,69.07,63.90
25.75,25.75,56.84,69.50,61.55
14.88,14.88,63.83,67.20,56.42
7.74,7.74,71.36,59.41,54.19
8.09,8.09,92.26,60.27,51.50
19.08,19.08,92.22,56.78,57.00
29.12,29.12,92.20,55.86,61.65
34.23,34.23,90.90,52.77,60.30
39.29,39.29,90.38,53.15,58.19
40.06,40.06,90.52,54.91,59.57
45.02,45.02,87.25,53.41,59.16
43.95,43.95,86.06,59.85,58.21
42.90,42.90,87.46,60.08,58.49
39.56,39.56,83.59,59.63,58.77
39.10,39.10,83.35,59.27,55.98
36.49,36.49,84.01,63.88,59.17
38.67,38.67,79.95,63.77,57.62
35.78,35.78,82.05,64.49,56.65
39.74,39.74,76.81,64.84,58.47
45.39,45.39,77.76,63.96,58.11
44.91,44.91,69.73,64.90,58.16
44.31,44.31,62.43,64.83,56.30
40.76,40.76,51.51,64.96,59.54
38.26,38.26,40.68,63.55,59.58
36.75,36.75,36.88,64.78,58.81
37.61,37.61,35.22,64.04,57.67
36.03,36.03,33.04,61.94,57.92
34.69,34.69,30.71,63.78,60.59
40.53,40.53,29.35,65.44,59.29
40.55,40.55,34.55,64.46,60.46
37.95,37.95,44.77,66.55,59.10
32.98,32.98,53.99,64.26,55.00
22.51,22.51,57.67,55.90,52.44
9.42,9.42,72.62,46.52,60.45
5.10,5.10,92.64,52.76,62.39
11.75,11.75,92.23,58.29,71.97
23.05,23.05,90.60,56.60,74.58
28.38,28.38,90.42,58.64,74.74
32.75,32.75,88.94,66.18,74.27
34.70,34.70,89.95,68.55,73.97
34.06,34.06,86.60,70.56,73.25
37.68,37.68,84.73,68.84,69.64
35.03,35.03,86.51,69.29,59.13
37.64,37.64,83.11,68.34,58.12
39.86,39.86,82.14,68.78,58.38
38.37,38.37,83.22,68.76,56.90
36.19,36.19,79.10,69.80,60.67
35.38,35.38,80.89,69.90,56.51
33.03,33.03,76.22,67.52,62.92
27.89,27.89,77.04,69.16,64.73
28.61,28.61,69.18,68.07,67.20
34.68,34.68,60.60,69.71,67.19
36.80,36.80,48.91,68.41,69.43
38.90,38.90,35.41,69.65,70.21
37.21,37.21,32.09,69.44,69.74
32.87,32.87,28.61,70.46,68.78
30.11,30.11,31.42,70.58,66.25
29.77,29.77,29.88,69.58,57.98
31.99,31.99,28.73,70.87,58.09
36.26,36.26,34.49,69.52,58.58
35.08,35.08,44.70,70.90,58.81
27.70,27.70,53.80,68.72,56.38
19.09,19.09,63.82,65.83,54.44
11.55,11.55,74.38,57.90,54.87
10.93,10.93,92.24,58.69,57.19
23.96,23.96,92.40,61.51,59.23
30.99,30.99,92.14,62.21,59.44
36.65,36.65,90.07,63.15,62.08
38.48,38.48,89.83,64.66,62.34
39.08,39.08,90.23,64.14,60.60
39.53,39.53,87.15,62.67,61.45
37.91,37.91,85.15,67.33,58.89
39.17,39.17,87.04,65.88,52.84
38.45,38.45,83.68,67.76,54.40
38.52,38.52,82.63,66.82,55.35
37.95,37.95,83.80,63.89,54.01
38.19,38.19,79.63,50.43,51.37
34.93,34.93,81.62,59.44,54.10
33.41,33.41,77.10,64.89,53.85
30.46,30.46,76.56,66.70,54.58
29.33,29.33,69.02,71.95,57.26
33.13,33.13,62.62,71.61,57.23
32.23,32.23,45.88,71.30,58.93
32.66,32.66,37.76,71.31,57.94
34.34,34.34,31.96,71.16,57.76
34.53,34.53,31.28,71.71,58.83
33.70,33.70,32.41,71.53,55.95
34.40,34.40,31.27,73.06,52.79
37.22,37.22,31.78,72.62,55.38
39.04,39.04,33.64,72.50,54.74
40.11,40.11,43.71,73.16,51.79
40.71,40.71,54.67,71.16,48.28
39.59,39.59,65.63,68.13,39.60
52.91,52.91,73.72,59.07,34.33
59.63,59.63,92.67,56.95,27.53
70.99,70.99,91.55,51.39,34.32
76.50,76.50,90.67,55.38,36.37
76.67,76.67,88.53,57.85,39.66
75.99,75.99,88.05,59.82,40.42
74.57,74.57,88.79,61.65,48.49
73.54,73.54,85.84,66.68,47.12
75.75,75.75,84.41,66.50,46.58
78.02,78.02,86.64,68.06,43.68
79.61,79.61,83.85,69.20,40.66
79.58,79.58,83.15,71.26,43.94
79.95,79.95,84.85,69.88,43.07
79.22,79.22,81.04,70.39,46.08
79.58,79.58,83.44,70.94,40.75
71.75,71.75,78.69,69.21,45.85
70.95,70.95,79.69,70.16,47.02
70.55,70.55,71.08,69.58,44.82
72.44,72.44,65.19,70.25,45.23
73.50,73.50,50.97,70.36,47.88
78.78,78.78,40.79,70.21,47.26
79.11,79.11,32.14,71.68,48.40
79.11,79.11,30.46,68.59,50.44
80.13,80.13,32.35,70.43,48.97
80.52,80.52,35.01,70.06,48.98
79.60,79.60,35.34,68.47,49.40
79.40,79.40,35.28,69.69,49.12
79.32,79.32,44.87,69.22,47.82
79.93,79.93,56.86,69.02,46.51
79.48,79.48,64.09,64.86,37.54
76.93,76.93,76.33,57.89,33.12
68.93,68.93,92.49,55.15,27.22
63.60,63.60,91.78,54.97,31.76
65.23,65.23,91.81,57.05,36.96
68.95,68.95,89.85,55.05,38.91
66.68,66.68,89.57,54.16,38.32
65.81,65.81,90.31,58.34,40.16
65.69,65.69,86.91,62.37,38.59
67.83,67.83,85.14,64.00,44.44
74.74,74.74,86.84,60.59,44.16
75.54,75.54,83.64,65.16,50.61
76.27,76.27,82.44,65.28,53.77
77.93,77.93,83.84,63.10,51.60
77.84,77.84,80.00,64.95,50.00
78.12,78.12,82.63,64.96,48.56
77.90,77.90,78.19,66.36,48.01
79.86,79.86,79.73,64.34,50.09
85.73,85.73,71.67,67.14,50.39
83.97,83.97,65.01,66.61,46.48
83.64,83.64,52.07,63.39,50.92
83.32,83.32,44.13,68.19,50.41
83.04,83.04,38.72,67.36,49.55
83.04,83.04,34.78,66.89,47.57
83.85,83.85,31.70,65.78,52.44
83.52,83.52,32.08,66.87,52.78
83.13,83.13,35.05,67.16,50.15
82.97,82.97,33.19,65.10,51.56
82.49,82.49,43.29,68.59,51.82
82.79,82.79,56.59,64.33,48.21
81.34,81.34,63.70,62.09,46.47
78.38,78.38,74.74,61.15,49.70
76.99,76.99,91.03,56.96,54.89
70.92,70.92,91.66,63.85,56.61
62.06,62.06,91.59,64.63,58.88
54.57,54.57,89.84,65.97,58.59
56.49,56.49,88.81,66.07,62.05
60.41,60.41,89.97,65.34,59.31
61.29,61.29,87.34,67.22,59.78
55.52,55.52,85.33,66.71,60.57
57.38,57.38,86.37,65.29,58.92
55.33,55.33,83.21,66.81,58.54
56.15,56.15,83.03,67.22,59.11
55.94,55.94,83.50,66.50,58.86
54.08,54.08,78.86,65.84,56.89
59.22,59.22,81.72,65.44,57.27
65.09,65.09,76.88,64.77,54.99
72.86,72.86,76.41,65.63,53.90
70.61,70.61,69.54,64.26,53.16
75.55,75.55,64.71,66.13,54.94
81.49,81.49,49.83,67.22,56.02
82.38,82.38,45.46,66.63,58.35
82.61,82.61,35.85,66.34,58.22
82.45,82.45,34.35,68.70,58.14
82.16,82.16,35.12,66.67,59.04
82.04,82.04,33.74,66.36,58.98
80.60,80.60,29.06,64.42,57.90
79.17,79.17,29.83,65.71,56.51
77.51,77.51,42.95,66.69,57.61
69.00,69.00,56.36,66.06,55.29
62.28,62.28,62.34,65.47,48.62
64.09,64.09,72.97,61.58,44.40
63.25,63.25,92.50,57.48,45.21
62.30,62.30,92.00,53.90,50.47
63.32,63.32,92.04,56.45,51.43
57.62,57.62,90.56,59.00,51.86
59.11,59.11,89.52,59.46,54.67
56.81,56.81,89.85,59.97,56.20
51.16,51.16,86.49,59.63,55.30
52.66,52.66,85.22,60.40,54.53
53.60,53.60,87.19,60.24,54.58
53.63,53.63,83.35,59.34,53.07
52.16,52.16,82.10,59.92,54.08
50.35,50.35,83.92,58.33,50.91
49.19,49.19,79.59,52.44,49.43
46.64,46.64,81.21,51.01,48.78
44.90,44.90,76.69,55.44,51.84
42.87,42.87,77.34,61.22,59.29
39.78,39.78,69.78,66.88,62.27
40.40,40.40,60.33,70.96,64.93
44.37,44.37,44.70,70.75,65.95
45.65,45.65,37.04,71.93,67.24
48.00,48.00,28.32,70.95,66.08
46.06,46.06,26.91,71.66,67.98
44.98,44.98,25.46,71.47,65.01
43.92,43.92,23.00,73.69,67.36
44.34,44.34,21.44,72.33,64.78
44.70,44.70,21.54,73.23,66.13
43.64,43.64,42.35,71.99,64.07
41.18,41.18,56.16,70.97,61.71
29.55,29.55,63.78,68.08,56.94
11.78,11.78,73.15,65.23,51.64
18.16,18.16,92.39,60.52,49.03
35.82,35.82,92.27,59.18,54.27
46.86,46.86,92.35,59.88,59.16
50.08,50.08,90.88,62.82,60.11
51.06,51.06,89.36,62.38,60.29
53.43,53.43,90.02,62.64,61.56
54.80,54.80,87.51,65.50,60.13
58.60,58.60,85.58,63.71,61.88
58.02,58.02,86.78,64.22,60.81
60.28,60.28,83.83,61.83,61.09
61.60,61.60,82.80,61.10,60.79
53.93,53.93,83.36,63.75,58.38
50.18,50.18,80.00,67.12,57.86
50.31,50.31,81.45,67.83,58.09
53.93,53.93,76.76,66.54,58.18
58.39,58.39,77.60,68.04,58.25
63.36,63.36,68.97,67.98,59.50
68.92,68.92,63.32,68.10,58.26
73.79,73.79,45.76,68.04,56.08
76.18,76.18,47.22,70.45,56.97
76.51,76.51,58.27,68.33,55.37
76.37,76.37,72.90,69.78,53.98
77.75,77.75,74.85,68.57,57.94
78.04,78.04,71.95,69.61,55.93
79.59,79.59,68.24,68.56,54.90
79.65,79.65,66.42,69.69,54.43
79.73,79.73,64.65,68.40,51.23
77.16,77.16,62.84,67.14,50.50
70.77,70.77,78.61,62.42,43.96
70.04,70.04,85.52,53.17,44.78
66.74,66.74,91.68,56.15,41.67
66.79,66.79,91.31,50.29,37.89
68.05,68.05,90.49,48.50,48.42
71.06,71.06,89.00,50.55,52.18
73.37,73.37,89.71,54.98,47.03
73.25,73.25,89.64,57.86,50.50
73.03,73.03,86.08,56.06,51.80
71.53,71.53,84.75,57.77,47.83
71.03,71.03,86.59,57.63,48.73
69.82,69.82,82.54,57.25,49.20
69.16,69.16,82.24,59.02,47.82
72.31,72.31,84.04,58.13,52.11
72.96,72.96,79.56,60.29,50.63
70.49,70.49,82.07,60.62,52.30
71.74,71.74,77.01,62.25,53.03
73.65,73.65,77.73,62.88,52.07
72.17,72.17,70.88,62.09,53.56
70.00,70.00,62.40,64.53,53.92
69.06,69.06,50.56,65.01,51.11
66.36,66.36,42.20,65.42,52.47
64.92,64.92,41.18,64.74,55.70
62.77,62.77,41.12,65.75,57.50
64.43,64.43,38.87,63.75,56.43
62.22,62.22,38.57,65.74,59.90
60.38,60.38,37.43,66.29,60.66
60.41,60.41,38.56,64.65,58.50
59.67,59.67,44.64,64.89,54.74
56.47,56.47,61.71,63.19,52.85
52.38,52.38,68.50,63.46,49.98
58.09,58.09,78.31,54.59,59.53
62.64,62.64,92.82,56.69,67.44
67.85,67.85,92.36,59.94,70.04
71.15,71.15,89.99,63.72,71.58
69.94,69.94,90.09,70.65,70.83
69.17,69.17,89.22,71.97,69.28
67.17,67.17,89.58,72.59,69.68
61.77,61.77,86.38,73.99,69.64
56.77,56.77,84.10,71.75,69.01
56.00,56.00,86.44,75.44,65.30
58.04,58.04,83.13,73.90,59.94
56.50,56.50,82.02,76.02,58.52
55.22,55.22,83.05,75.78,59.14
52.87,52.87,79.21,76.22,56.16
49.60,49.60,81.04,78.54,55.72
54.85,54.85,76.69,79.17,59.14
61.68,61.68,78.34,82.14,62.86
66.79,66.79,70.75,84.97,67.94
67.81,67.81,60.68,87.22,69.44
65.57,65.57,54.52,85.91,70.44
65.86,65.86,36.18,87.19,69.63
67.48,67.48,31.41,85.84,68.83
61.41,61.41,30.25,87.16,68.90
57.02,57.02,30.29,86.65,68.75
60.82,60.82,28.44,86.62,66.58
73.20,73.20,31.96,87.23,61.94
76.88,76.88,36.65,86.03,62.54
76.70,76.70,44.01,86.50,62.59
76.17,76.17,57.21,85.56,59.44
74.61,74.61,67.26,86.09,50.81
70.43,70.43,79.17,80.43,34.38
69.38,69.38,89.25,69.97,24.55
67.77,67.77,89.89,62.71,29.54
74.00,74.00,89.17,63.81,37.83
74.30,74.30,88.65,68.56,40.95
76.46,76.46,87.43,70.57,47.75
76.84,76.84,88.41,70.45,52.63
71.36,71.36,85.50,70.16,56.20
69.57,69.57,83.02,71.15,55.41
72.29,72.29,85.31,71.04,51.89
79.38,79.38,82.15,72.64,44.56
75.41,75.41,81.63,67.17,40.72
79.84,79.84,84.33,64.37,43.39
84.36,84.36,81.29,67.94,46.50
83.95,83.95,83.50,68.81,48.67
83.96,83.96,79.16,76.34,50.45
83.65,83.65,80.03,83.78,59.60
83.43,83.43,71.27,86.78,58.30
79.55,79.55,66.80,83.44,58.60
77.35,77.35,62.15,84.92,58.61
77.95,77.95,56.00,85.42,58.74
79.76,79.76,51.75,84.15,58.85
82.27,82.27,46.32,85.47,58.80
81.74,81.74,44.78,84.48,56.55
81.17,81.17,42.36,85.00,57.45
80.63,80.63,40.49,83.49,58.57
80.35,80.35,39.94,84.56,57.44
79.73,79.73,44.40,85.42,58.66
77.36,77.36,61.83,82.82,55.25
72.82,72.82,71.47,84.37,48.25
67.99,67.99,78.19,77.49,41.92
64.41,64.41,91.96,61.38,45.85
57.82,57.82,91.67,54.46,52.63
56.68,56.68,91.93,55.28,55.80
54.57,54.57,89.95,62.46,54.92
56.33,56.33,89.13,64.70,54.93
56.13,56.13,90.10,69.50,55.46
60.43,60.43,86.77,70.87,52.57
69.58,69.58,84.91,68.58,53.04
68.64,68.64,86.78,71.86,55.31
66.60,66.60,83.40,71.30,54.27
65.41,65.41,82.53,72.35,55.18
63.70,63.70,83.60,72.45,57.30
59.09,59.09,79.64,74.02,63.72
54.18,54.18,81.56,76.15,65.11
51.97,51.97,76.62,75.53,65.03
52.51,52.51,77.43,79.29,63.59
49.69,49.69,69.47,79.72,63.19
48.88,48.88,62.66,81.87,62.36
50.40,50.40,52.47,81.85,58.85
51.65,51.65,41.52,80.99,58.05
51.91,51.91,33.26,82.78,58.71
52.42,52.42,38.38,81.78,59.49
52.31,52.31,28.07,82.57,61.22
51.89,51.89,30.60,82.36,63.27
50.21,50.21,27.43,82.39,65.48
53.03,53.03,31.74,83.92,67.85
60.90,60.90,49.03,81.30,69.34
70.62,70.62,58.98,83.69,68.16
72.43,72.43,67.72,81.13,61.91
70.19,70.19,78.87,75.22,54.06
68.34,68.34,89.56,53.95,49.08
66.19,66.19,89.44,49.11,54.47
64.45,64.45,89.30,55.40,57.49
67.05,67.05,89.37,60.70,57.92
76.95,76.95,87.47,64.81,57.64
71.47,71.47,88.76,68.12,57.87
78.40,78.40,85.65,66.54,58.56
80.09,80.09,83.70,69.45,56.73
80.27,80.27,86.32,69.71,56.35
83.39,83.39,83.30,71.43,55.54
83.57,83.57,83.29,72.01,54.52
83.36,83.36,85.03,73.07,56.28
84.12,84.12,81.46,76.13,57.07
82.05,82.05,83.62,75.04,58.11
80.47,80.47,79.30,77.65,58.17
74.52,74.52,79.52,78.10,60.74
69.85,69.85,71.27,80.07,60.99
69.05,69.05,62.27,82.31,60.56
77.39,77.39,49.62,80.98,58.01
81.29,81.29,41.32,82.29,53.44
79.25,79.25,41.79,80.02,51.83
76.14,76.14,41.76,81.19,50.36
73.96,73.96,41.88,81.38,50.34
73.92,73.92,38.71,79.83,53.83
74.79,74.79,39.45,82.00,55.35
78.08,78.08,39.13,80.44,53.38
83.72,83.72,45.65,81.25,53.02
83.76,83.76,55.03,80.82,50.09
83.17,83.17,65.48,78.17,44.98
82.21,82.21,74.45,69.26,49.35
79.01,79.01,90.88,53.17,48.78
76.64,76.64,91.19,47.56,51.01
76.76,76.76,91.30,54.18,49.31
76.22,76.22,90.03,57.48,47.43
73.40,73.40,88.35,62.45,46.57
61.70,61.70,88.39,66.87,50.93
56.91,56.91,85.78,68.64,55.81
56.95,56.95,84.70,71.64,55.49
56.56,56.56,85.80,72.83,53.65
53.67,53.67,82.00,73.85,58.37
54.35,54.35,81.64,74.19,57.26
51.77,51.77,82.94,73.97,56.38
52.99,52.99,78.22,75.78,54.40
51.73,51.73,80.27,77.15,51.84
54.85,54.85,76.44,78.67,52.47
54.20,54.20,76.93,80.41,58.94
49.98,49.98,69.19,82.08,61.63
55.23,55.23,67.03,83.03,61.80
59.53,59.53,55.86,84.64,62.39
60.79,60.79,44.06,85.41,61.89
55.31,55.31,34.83,84.85,63.41
50.10,50.10,32.87,84.88,64.89
55.42,55.42,37.58,83.70,64.53
68.11,68.11,53.56,83.08,64.34
74.20,74.20,55.06,83.96,63.71
77.12,77.12,49.16,84.23,62.85
76.89,76.89,46.74,84.96,63.03
75.89,75.89,55.89,84.44,60.03
72.13,72.13,67.50,83.35,51.12
63.57,63.57,76.98,80.25,51.11
67.25,67.25,89.94,70.81,57.38
71.38,71.38,89.50,63.59,60.10
78.19,78.19,88.33,56.05,64.28
74.46,74.46,87.93,57.35,62.98
71.85,71.85,88.58,60.15,63.54
67.53,67.53,89.31,60.37,64.86
60.74,60.74,85.63,62.56,65.07
61.34,61.34,83.18,68.08,63.85
64.28,64.28,86.13,70.72,63.13
71.07,71.07,83.62,71.80,56.95
69.08,69.08,82.26,71.79,52.84
63.80,63.80,83.55,72.80,51.29
73.94,73.94,81.00,73.61,53.90
78.13,78.13,83.61,68.44,56.86
79.76,79.76,78.37,61.11,57.47
81.67,81.67,78.42,78.76,59.01
81.09,81.09,69.51,86.07,60.18
80.93,80.93,63.53,88.87,64.21
80.74,80.74,51.29,89.55,64.35
80.77,80.77,46.58,89.01,64.38
81.60,81.60,44.26,88.49,65.55
81.17,81.17,42.34,89.15,64.14
81.46,81.46,39.14,88.76,65.73
81.09,81.09,38.25,87.37,61.75
79.67,79.67,36.90,89.21,65.04
80.57,80.57,38.45,89.11,63.21
81.30,81.30,48.40,87.46,61.29
80.92,80.92,58.16,89.00,59.32
80.54,80.54,65.50,88.60,51.89
79.11,79.11,79.93,84.56,45.21
76.48,76.48,90.17,71.11,41.82
76.65,76.65,89.97,64.89,48.17
76.29,76.29,90.57,64.06,54.41
76.16,76.16,89.79,62.98,56.34
75.20,75.20,89.25,67.12,56.65
73.92,73.92,88.76,71.29,56.31
74.17,74.17,85.48,73.07,56.95
73.20,73.20,84.41,76.18,54.92
71.30,71.30,85.95,77.17,56.18
63.87,63.87,82.40,76.07,52.52
65.43,65.43,82.15,78.22,53.77
66.83,66.83,83.36,79.79,56.40
67.64,67.64,79.71,79.88,54.69
69.49,69.49,82.87,80.41,59.81
67.48,67.48,78.18,83.81,58.23
65.59,65.59,78.74,84.80,57.64
64.01,64.01,71.09,86.12,59.85
58.65,58.65,64.24,88.07,60.18
71.94,71.94,53.92,87.57,60.58
74.79,74.79,50.52,85.79,58.40
76.70,76.70,49.54,87.19,62.12
73.80,73.80,45.54,87.25,62.93
67.49,67.49,38.21,85.89,62.45
63.95,63.95,29.50,86.51,60.58
71.65,71.65,33.25,87.04,59.94
77.62,77.62,37.11,86.50,60.17
80.08,80.08,47.69,85.26,60.93
80.19,80.19,59.46,87.25,60.23
78.79,78.79,67.38,86.61,50.55
77.35,77.35,78.33,81.17,46.03
74.74,74.74,88.72,69.55,42.41
71.15,71.15,89.65,49.63,44.54
72.11,72.11,89.64,38.30,52.05
72.52,72.52,87.76,57.21,53.14
72.86,72.86,87.37,63.53,56.66
72.42,72.42,89.56,66.86,56.79
72.03,72.03,86.31,68.23,57.51
71.11,71.11,83.59,72.71,57.60
71.45,71.45,85.97,73.76,54.39
71.12,71.12,82.91,73.15,57.12
71.68,71.68,81.74,75.56,56.21
71.40,71.40,83.33,76.33,53.22
71.71,71.71,79.83,75.94,49.68
69.12,69.12,81.65,78.09,51.19
67.54,67.54,77.64,79.36,49.32
67.95,67.95,78.38,79.60,49.61
68.33,68.33,70.94,82.02,49.23
73.90,73.90,66.24,85.43,48.97
75.62,75.62,54.11,84.14,54.25
76.76,76.76,50.46,83.98,53.70
76.02,76.02,48.04,84.97,54.07
76.32,76.32,44.23,84.87,53.57
74.20,74.20,41.15,83.22,55.12
72.36,72.36,40.01,84.98,52.87
72.44,72.44,37.52,84.95,53.12
73.99,73.99,35.18,82.84,50.47
74.06,74.06,44.21,79.38,47.53
72.04,72.04,54.88,65.94,46.05
71.41,71.41,64.43,56.79,45.58
72.75,72.75,77.20,46.45,57.21
68.55,68.55,91.89,55.40,66.15
70.43,70.43,90.86,54.36,69.51
77.61,77.61,89.73,63.54,70.29
78.78,78.78,89.25,69.47,69.93
71.34,71.34,87.87,72.34,69.07
67.95,67.95,88.63,75.69,69.39
63.20,63.20,85.66,74.22,69.51
60.13,60.13,83.88,76.31,68.99
53.45,53.45,85.73,74.35,65.93
53.63,53.63,82.44,77.28,59.43
65.22,65.22,81.81,77.14,57.13
67.49,67.49,83.55,79.44,59.47
69.14,69.14,80.70,81.78,59.47
74.75,74.75,83.04,82.36,60.50
72.15,72.15,78.65,84.20,61.48
65.16,65.16,79.70,85.04,64.82
70.77,70.77,70.67,88.09,68.52
71.87,71.87,62.68,87.96,69.95
72.55,72.55,51.94,89.07,71.02
73.76,73.76,47.84,88.00,67.94
71.58,71.58,36.91,88.76,69.54
70.99,70.99,40.04,88.61,68.45
70.84,70.84,37.75,88.69,68.39
66.04,66.04,34.13,88.42,66.52
63.88,63.88,33.10,87.97,62.55
79.79,79.79,37.12,87.95,63.68
84.68,84.68,46.64,86.92,60.92
81.52,81.52,57.63,87.24,59.23
79.14,79.14,69.15,85.85,51.79
80.08,80.08,81.58,81.68,55.31
77.43,77.43,87.62,69.92,56.54
76.77,76.77,88.33,65.27,59.91
77.10,77.10,88.97,66.86,64.89
77.34,77.34,87.96,70.49,67.69
78.14,78.14,87.58,72.14,68.42
76.83,76.83,88.25,72.24,68.66
75.00,75.00,85.24,73.37,68.75
76.53,76.53,84.02,74.57,66.23
77.40,77.40,85.89,75.25,59.34
76.36,76.36,83.17,76.25,59.27
76.77,76.77,82.51,74.04,61.11
76.85,76.85,84.06,65.29,61.87
78.68,78.68,80.55,61.15,60.50
80.15,80.15,83.04,55.17,58.34
69.97,69.97,78.53,72.17,58.85
62.77,62.77,80.28,84.86,60.51
67.29,67.29,72.57,86.93,65.73
71.47,71.47,66.21,85.89,68.27
74.97,74.97,60.85,87.62,68.26
80.19,80.19,56.26,86.64,67.63
81.33,81.33,46.82,87.67,67.63
81.51,81.51,45.13,86.33,68.03
81.67,81.67,43.44,86.34,66.03
81.72,81.72,42.47,87.16,67.60
81.20,81.20,41.46,85.51,67.40
80.71,80.71,41.02,86.96,67.77
81.42,81.42,46.78,86.08,66.33
80.70,80.70,56.50,85.14,65.98
80.94,80.94,69.91,86.09,62.90
81.33,81.33,80.13,79.94,59.55
77.27,77.27,89.66,55.06,56.60
75.94,75.94,89.78,57.46,57.44
77.61,77.61,89.69,55.18,60.02
77.33,77.33,89.51,63.58,59.94
76.73,76.73,88.04,67.90,60.25
75.89,75.89,88.87,70.21,59.82
73.47,73.47,86.21,70.63,59.95
75.07,75.07,84.07,73.40,60.55
78.17,78.17,86.63,73.55,60.83
78.68,78.68,83.57,73.38,61.79
79.06,79.06,83.42,76.59,60.60
77.11,77.11,84.73,76.75,60.92
74.48,74.48,81.23,78.57,62.45
66.84,66.84,83.06,78.49,63.13
57.02,57.02,78.22,79.78,64.37
57.14,57.14,79.03,81.56,68.72
56.25,56.25,71.35,80.97,69.76
54.23,54.23,63.48,84.61,72.50
57.30,57.30,53.07,83.65,72.74
55.37,55.37,39.29,82.41,71.34
53.37,53.37,24.95,83.48,72.20
53.05,53.05,35.52,82.98,73.27
56.88,56.88,39.22,84.07,72.71
62.53,62.53,41.06,81.01,71.76
81.92,81.92,36.82,84.03,74.17
83.28,83.28,36.36,83.60,74.58
83.16,83.16,43.35,81.67,73.99
81.73,81.73,57.63,84.09,74.62
79.88,79.88,69.67,82.26,73.35
80.16,80.16,78.52,78.59,72.04
77.42,77.42,88.08,61.98,69.45
77.18,77.18,89.03,58.97,70.10
79.04,79.04,87.96,50.21,72.36
79.81,79.81,88.08,59.87,71.55
79.45,79.45,87.68,66.82,71.02
79.56,79.56,88.60,66.37,72.45
78.34,78.34,85.70,67.71,72.12
78.49,78.49,83.65,70.35,71.80
73.85,73.85,85.72,69.68,71.79
63.47,63.47,82.37,71.66,72.11
64.07,64.07,81.41,71.01,72.71
71.46,71.46,83.10,74.85,73.79
75.95,75.95,81.29,75.88,76.01
76.01,76.01,83.86,76.30,76.44
75.10,75.10,78.83,79.16,76.42
67.15,67.15,79.75,78.27,76.37
61.56,61.56,71.80,81.45,76.27
62.98,62.98,62.53,81.35,75.88
63.62,63.62,54.55,81.62,74.40
67.29,67.29,42.12,82.62,70.26
74.45,74.45,44.16,80.32,67.50
71.24,71.24,41.09,82.41,69.47
71.70,71.70,43.58,81.00,69.49
74.36,74.36,38.92,81.13,70.91
78.03,78.03,40.42,82.05,70.86
77.50,77.50,44.12,81.03,70.12
76.99,76.99,47.02,82.41,70.32
76.95,76.95,55.46,80.31,69.94
75.79,75.79,62.60,79.61,67.13
75.87,75.87,72.20,68.44,63.36
72.41,72.41,91.09,41.45,60.60
69.43,69.43,91.31,53.26,59.82
64.47,64.47,91.59,57.14,61.34
73.04,73.04,90.44,53.92,61.75
74.04,74.04,88.29,62.08,60.66
74.51,74.51,88.20,68.43,59.20
75.24,75.24,85.25,70.43,59.39
75.38,75.38,84.62,73.08,58.70
76.67,76.67,86.66,74.91,60.21
75.76,75.76,83.19,76.02,59.28
77.12,77.12,83.07,77.22,60.92
78.03,78.03,85.73,77.90,61.32
77.09,77.09,81.61,79.68,62.42
77.06,77.06,83.10,80.52,61.87
76.02,76.02,78.67,81.74,64.04
76.95,76.95,78.54,83.24,68.04
75.08,75.08,69.92,84.09,71.78
72.40,72.40,67.53,83.95,72.96
72.89,72.89,58.81,85.19,72.47
77.19,77.19,49.61,85.75,73.10
78.65,78.65,51.79,84.98,71.46
72.78,72.78,54.40,84.57,70.24
70.35,70.35,53.47,83.39,68.92
68.62,68.62,53.89,82.54,69.13
70.65,70.65,53.75,83.28,68.62
71.16,71.16,52.96,83.77,70.46
69.15,69.15,54.20,84.34,69.43
67.64,67.64,61.66,84.15,68.70
63.03,63.03,70.89,83.83,67.94
59.17,59.17,77.45,81.30,67.56
55.11,55.11,89.38,73.84,70.50
53.56,53.56,89.99,64.59,70.76
56.83,56.83,89.95,55.77,71.66
53.71,53.71,88.02,58.79,71.72
52.06,52.06,88.36,61.86,70.88
53.99,53.99,89.34,60.95,71.59
54.94,54.94,85.95,65.22,72.26
56.47,56.47,83.31,68.93,72.51
57.70,57.70,85.88,70.02,71.97
56.20,56.20,83.29,70.99,70.71
52.31,52.31,81.86,71.39,68.06
52.24,52.24,82.74,72.51,67.12
53.23,53.23,79.63,72.91,66.66
54.53,54.53,81.93,67.96,66.28
52.41,52.41,76.42,60.98,66.32
55.55,55.55,76.70,75.72,66.62
62.65,62.65,69.00,84.85,70.93
65.27,65.27,62.38,89.18,74.96
63.83,63.83,54.63,89.87,75.05
64.29,64.29,50.49,89.21,75.84
62.43,62.43,38.42,88.29,75.66
70.28,70.28,39.90,89.70,75.95
74.39,74.39,48.06,88.47,75.44
74.86,74.86,39.28,86.48,72.87
75.29,75.29,41.43,88.28,73.22
74.97,74.97,44.48,88.42,74.58
74.88,74.88,44.91,86.40,75.38
74.62,74.62,56.57,88.11,72.60
74.66,74.66,64.87,88.27,69.44
71.06,71.06,79.30,84.69,65.60
62.18,62.18,90.28,72.56,62.24
63.15,63.15,90.95,67.50,66.60
69.50,69.50,90.72,65.01,67.99
72.99,72.99,89.05,61.71,67.21
77.00,77.00,88.64,66.81,66.16
76.38,76.38,88.56,68.76,64.07
78.09,78.09,85.00,70.34,62.71
77.14,77.14,83.96,74.56,63.70
78.78,78.78,85.98,76.64,67.21
76.09,76.09,82.66,76.09,68.89
76.37,76.37,83.11,78.44,70.10
76.84,76.84,84.78,80.81,70.31
75.93,75.93,80.89,80.90,70.18
75.42,75.42,83.47,80.96,70.21
75.72,75.72,78.71,84.02,70.72
75.88,75.88,79.10,84.81,69.13
71.95,71.95,71.02,85.99,72.69
70.89,70.89,64.35,87.94,75.17
76.11,76.11,52.98,87.42,75.51
75.88,75.88,42.57,86.05,75.01
77.26,77.26,40.40,86.62,74.95
77.48,77.48,38.65,87.40,74.11
78.40,78.40,36.91,86.32,76.21
75.82,75.82,36.06,86.12,74.00
74.42,74.42,33.86,86.85,75.47
67.82,67.82,31.22,86.54,74.48
67.41,67.41,39.96,84.93,73.95
61.62,61.62,58.72,87.00,73.31
55.43,55.43,66.71,86.39,72.46
55.00,55.00,79.45,81.66,70.33
56.73,56.73,88.30,66.19,67.31
57.92,57.92,89.80,56.86,66.62
60.30,60.30,89.90,51.54,69.60
67.48,67.48,88.00,59.05,69.37
72.58,72.58,87.25,67.89,69.60
73.65,73.65,89.27,68.56,68.69
74.64,74.64,86.25,68.73,69.81
73.62,73.62,83.72,72.40,69.64
70.85,70.85,85.99,73.84,70.29
65.21,65.21,83.36,72.75,69.21
67.00,67.00,81.93,75.73,69.60
67.83,67.83,84.20,76.62,70.88
70.00,70.00,81.02,76.90,71.79
69.47,69.47,83.07,79.63,73.84
65.01,65.01,79.01,80.49,74.14
66.32,66.32,79.56,80.94,73.47
72.49,72.49,71.68,82.86,70.71
74.72,74.72,65.70,85.51,71.50
72.25,72.25,54.44,84.25,70.76
81.56,81.56,46.53,83.45,72.63
82.92,82.92,45.87,84.89,72.38
77.27,77.27,42.34,85.05,71.99
81.31,81.31,38.94,83.06,68.82
81.11,81.11,39.64,83.76,70.42
83.66,83.66,38.50,85.46,68.74
83.02,83.02,42.64,82.30,69.21
83.79,83.79,53.56,79.10,69.01
81.00,81.00,65.17,63.67,69.99
81.32,81.32,70.72,61.35,70.57
81.72,81.72,75.95,57.86,68.35
75.43,75.43,91.25,54.10,67.27
72.23,72.23,90.86,58.76,69.52
74.89,74.89,88.61,65.87,67.90
74.75,74.75,88.99,67.75,67.19
77.77,77.77,88.08,71.07,67.75
78.68,78.68,89.06,73.78,68.59
81.51,81.51,85.91,76.65,69.48
82.27,82.27,84.36,76.94,68.72
79.87,79.87,86.78,77.49,69.18
81.90,81.90,83.37,78.72,69.43
81.98,81.98,82.73,79.71,69.96
80.17,80.17,84.38,80.25,69.33
74.37,74.37,80.71,82.18,70.34
77.67,77.67,83.02,83.44,70.62
74.87,74.87,78.80,84.05,70.71
68.36,68.36,81.65,84.31,70.95
69.82,69.82,75.81,86.67,71.03
71.82,71.82,71.55,87.22,73.41
72.43,72.43,62.55,88.54,72.06
74.40,74.40,53.00,87.29,72.11
69.05,69.05,45.89,88.29,71.20
58.89,58.89,39.19,88.28,71.51
56.21,56.21,36.92,87.79,71.35
59.29,59.29,36.58,87.57,72.91
61.80,61.80,34.65,86.90,73.85
56.60,56.60,35.20,87.24,74.76
58.39,58.39,43.65,85.89,75.30
53.48,53.48,57.39,87.14,74.18
53.52,53.52,67.74,85.86,73.05
44.77,44.77,78.98,83.56,69.56
44.99,44.99,88.07,73.89,71.13
49.04,49.04,88.45,68.76,73.01
53.94,53.94,89.36,67.90,74.10
53.10,53.10,87.90,71.22,73.20
48.96,48.96,87.40,73.14,73.29
43.73,43.73,88.47,73.51,72.96
44.35,44.35,85.42,73.23,73.45
46.67,46.67,83.14,74.22,73.88
50.19,50.19,85.40,74.18,72.42
49.33,49.33,81.90,75.44,68.05
46.60,46.60,81.01,71.66,68.65
43.95,43.95,82.51,63.07,67.85
39.64,39.64,78.44,56.17,66.87
39.84,39.84,80.27,58.18,66.88
35.44,35.44,79.04,73.52,71.66
37.39,37.39,81.30,83.76,74.86
39.14,39.14,77.57,86.53,73.52
41.27,41.27,71.17,85.22,73.25
34.93,34.93,60.66,87.19,72.02
37.65,37.65,59.40,86.14,70.94
36.46,36.46,54.05,87.45,75.31
30.91,30.91,46.18,86.18,72.98
29.25,29.25,39.65,86.19,74.74
28.60,28.60,35.45,86.84,73.67
28.73,28.73,31.46,85.32,72.80
25.72,25.72,30.58,86.93,72.47
26.56,26.56,46.42,86.17,71.52
25.47,25.47,59.94,85.01,69.19
30.74,30.74,70.84,85.66,65.64
43.74,43.74,80.14,80.08,60.47
55.20,55.20,91.92,67.88,59.99
69.08,69.08,91.08,64.07,67.61
62.21,62.21,90.18,59.31,68.73
61.29,61.29,89.86,62.15,70.00
69.62,69.62,88.85,64.66,69.13
74.05,74.05,89.60,69.90,68.84
68.79,68.79,86.77,70.66,70.85
62.19,62.19,84.46,72.45,71.58
64.22,64.22,86.36,72.43,67.38
67.68,67.68,82.68,72.50,71.12
68.19,68.19,82.39,74.01,69.37
68.59,68.59,83.98,73.48,69.38
54.69,54.69,80.01,76.27,67.73
46.90,46.90,81.77,76.44,68.79
54.18,54.18,78.15,77.37,69.03
67.36,67.36,80.40,80.86,73.93
64.78,64.78,75.89,81.31,75.76
68.00,68.00,70.85,84.39,75.95
75.90,75.90,62.66,83.19,75.80
79.16,79.16,56.56,83.07,76.54
79.64,79.64,52.50,83.57,77.07
79.92,79.92,52.25,83.52,77.94
78.85,78.85,52.35,83.68,77.11
79.60,79.60,51.57,82.24,77.66
79.13,79.13,49.81,83.52,77.92
81.09,81.09,47.17,83.53,75.39
82.19,82.19,52.19,81.56,73.38
82.22,82.22,58.32,83.77,73.09
80.54,80.54,69.42,81.92,73.55
77.35,77.35,79.75,79.50,70.17
64.74,64.74,89.21,59.90,67.19
62.35,62.35,89.99,56.85,70.34
64.94,64.94,89.88,57.26,72.04
64.55,64.55,88.84,61.37,70.78
64.99,64.99,88.11,66.39,70.55
59.22,59.22,88.92,65.66,70.69
56.68,56.68,86.29,66.47,70.72
48.93,48.93,83.69,68.70,69.82
47.43,47.43,85.83,68.49,71.55
46.68,46.68,82.41,70.58,72.66
49.06,49.06,81.95,69.56,73.49
52.88,52.88,84.00,74.64,74.57
50.36,50.36,80.15,74.50,75.52
53.52,53.52,81.90,71.42,75.53
63.42,63.42,79.71,77.32,75.64
67.44,67.44,81.93,77.93,75.99
75.16,75.16,77.07,80.94,77.61
84.12,84.12,70.69,81.09,77.71
84.36,84.36,60.91,81.49,74.76
81.27,81.27,54.76,82.40,72.30
81.73,81.73,58.67,80.41,70.25
82.52,82.52,68.36,82.34,70.43
81.79,81.79,70.98,81.01,71.83
81.93,81.93,70.54,81.09,70.73
81.85,81.85,65.83,81.79,70.81
81.38,81.38,57.57,81.08,71.33
81.72,81.72,62.62,82.28,70.72
80.66,80.66,65.73,80.53,69.62
80.87,80.87,69.42,80.67,63.94
81.31,81.31,76.42,73.90,58.58
79.73,79.73,90.74,54.80,59.21
72.75,72.75,91.33,56.19,62.37
73.32,73.32,91.39,59.60,64.97
72.13,72.13,89.51,55.50,64.00
70.22,70.22,88.20,57.60,66.01
68.53,68.53,88.06,67.87,66.96
68.64,68.64,85.12,70.35,68.45
67.75,67.75,84.50,71.97,66.60
67.98,67.98,86.02,73.81,66.45
65.79,65.79,81.96,75.11,66.27
63.95,63.95,81.34,76.22,68.43
59.93,59.93,83.37,76.15,67.95
55.66,55.66,79.07,77.75,68.53
52.36,52.36,80.78,78.90,65.96
55.53,55.53,77.56,81.42,67.55
51.44,51.44,81.38,83.00,70.52
49.76,49.76,76.89,84.50,70.86
51.08,51.08,72.81,84.88,73.15
57.57,57.57,63.93,85.88,71.61
51.92,51.92,53.11,86.37,72.32
42.27,42.27,45.58,85.97,71.21
54.04,54.04,38.61,86.04,70.45
53.84,53.84,34.41,84.77,71.65
58.51,58.51,31.22,84.09,70.35
61.02,61.02,28.31,84.86,67.68
58.33,58.33,27.53,84.78,69.15
58.67,58.67,39.25,85.31,70.30
58.55,58.55,59.80,84.92,66.25
55.83,55.83,65.52,84.11,67.46
52.53,52.53,76.51,80.70,74.44
52.73,52.73,88.96,71.73,72.58
48.21,48.21,89.62,62.45,71.09
49.44,49.44,89.66,58.86,72.51
45.53,45.53,88.57,59.11,70.82
44.87,44.87,88.17,60.48,70.42
44.96,44.96,89.39,58.82,69.30
34.95,34.95,85.83,63.89,70.29
40.72,40.72,82.93,67.86,70.85
43.28,43.28,85.78,69.33,69.24
39.13,39.13,83.19,70.89,70.84
40.81,40.81,82.02,71.31,71.24
37.99,37.99,83.21,72.83,68.67
33.15,33.15,79.83,72.43,65.59
28.74,28.74,81.65,67.71,67.57
22.12,22.12,80.09,67.08,67.10
13.24,13.24,81.56,75.94,70.86
12.92,12.92,77.34,84.43,70.47
25.53,25.53,71.54,88.49,70.25
37.02,37.02,59.63,89.44,69.28
35.55,35.55,54.42,89.23,70.83
32.99,32.99,45.90,88.28,71.47
30.45,30.45,37.73,89.87,67.61
27.52,27.52,32.07,89.24,70.36
25.34,25.34,24.71,87.59,68.01
25.39,25.39,20.54,89.43,69.64
31.31,31.31,31.66,89.66,66.36
39.32,39.32,46.92,87.89,69.81
42.31,42.31,59.99,89.13,66.79
49.93,49.93,67.06,88.90,63.82
59.66,59.66,77.88,85.67,62.66
69.96,69.96,90.13,72.21,61.61
79.24,79.24,89.98,65.61,62.40
77.10,77.10,89.70,63.00,64.77
74.36,74.36,89.15,62.86,65.79
77.15,77.15,88.71,66.33,66.05
80.58,80.58,88.46,68.91,65.88
80.06,80.06,85.30,70.95,66.83
82.30,82.30,84.50,74.51,66.26
81.94,81.94,86.42,76.12,66.86
75.76,75.76,82.99,75.68,66.98
77.56,77.56,83.01,77.94,67.88
77.39,77.39,84.68,80.63,67.90
77.82,77.82,80.71,81.20,68.74
76.96,76.96,83.06,80.84,68.82
76.22,76.22,79.22,83.61,70.19
74.99,74.99,79.55,83.22,71.15
76.77,76.77,75.87,84.27,72.10
79.95,79.95,70.98,86.98,73.76
80.70,80.70,62.29,87.28,74.10
81.07,81.07,54.86,86.00,74.34
81.01,81.01,50.05,87.00,71.18
79.35,79.35,47.26,88.11,72.41
80.65,80.65,47.35,86.59,72.17
80.39,80.39,51.64,86.82,71.68
74.23,74.23,50.19,87.44,71.61
70.55,70.55,46.80,87.00,71.89
69.61,69.61,55.24,85.35,70.18
64.46,64.46,57.17,87.00,69.04
65.96,65.96,74.26,86.53,68.17
70.74,70.74,82.62,81.27,61.08
75.93,75.93,88.74,69.24,60.35
76.38,76.38,89.06,54.34,62.99
74.41,74.41,88.80,43.55,61.59
75.77,75.77,87.13,60.26,59.87
79.49,79.49,87.58,66.85,61.74
79.29,79.29,89.07,68.18,59.89
75.40,75.40,85.68,67.95,61.25
75.84,75.84,83.62,71.75,62.16
62.24,62.24,85.62,72.66,63.38
59.29,59.29,82.72,71.58,64.33
60.59,60.59,81.16,74.64,64.28
62.14,62.14,82.41,74.85,67.93
60.94,60.94,78.44,74.25,65.38
57.17,57.17,80.39,77.04,65.75
58.98,58.98,79.54,79.73,69.50
65.14,65.14,80.92,80.33,73.20
61.15,61.15,76.88,82.46,69.13
61.55,61.55,71.22,85.36,66.23
68.26,68.26,60.56,84.20,65.94
70.56,70.56,52.72,83.65,65.72
68.49,68.49,45.84,84.82,65.39
73.39,73.39,44.81,84.64,63.64
80.93,80.93,49.24,83.02,62.03
86.19,86.19,48.78,84.75,60.15
85.36,85.36,47.75,84.71,56.94
82.24,82.24,47.95,82.42,62.60
82.47,82.47,50.68,78.66,60.54
83.41,83.41,57.76,65.26,61.00
84.14,84.14,69.80,64.93,57.49
82.47,82.47,78.12,65.21,59.01
73.91,73.91,91.63,56.76,62.88
71.06,71.06,90.06,55.40,67.09
76.18,76.18,89.61,67.46,67.91
73.39,73.39,88.66,72.90,65.58
71.43,71.43,87.47,76.31,63.93
72.45,72.45,88.27,75.65,64.30
71.56,71.56,85.21,75.98,63.55
72.18,72.18,84.14,77.38,66.71
72.40,72.40,86.36,77.85,67.35
70.68,70.68,83.31,79.17,65.95
67.85,67.85,82.62,79.64,67.71
69.65,69.65,83.82,80.29,66.43
67.47,67.47,80.13,82.16,66.78
62.76,62.76,82.65,82.85,69.67
64.64,64.64,79.00,84.02,72.46
63.46,63.46,81.80,84.83,74.00
54.84,54.84,75.99,86.83,75.48
57.75,57.75,70.59,87.05,73.47
62.03,62.03,62.39,88.04,73.07
61.24,61.24,52.63,86.95,72.74
60.70,60.70,43.77,87.73,72.09
55.52,55.52,39.09,87.46,72.88
56.09,56.09,34.86,87.36,73.14
56.85,56.85,33.57,87.48,72.91
53.50,53.50,31.07,87.05,72.57
51.29,51.29,32.47,87.45,71.79
51.14,51.14,41.85,86.60,72.92
47.14,47.14,54.09,87.42,73.48
48.01,48.01,66.32,86.65,72.27
38.96,38.96,78.53,83.61,71.07
36.34,36.34,88.22,73.61,69.51
39.18,39.18,88.75,69.78,73.52
41.77,41.77,89.06,70.39,74.67
45.78,45.78,88.31,72.02,72.37
45.75,45.75,87.65,73.11,73.60
46.28,46.28,88.79,73.69,73.76
46.47,46.47,85.55,73.58,74.63
51.42,51.42,83.62,74.18,74.43
58.11,58.11,85.70,74.96,71.30
57.22,57.22,82.20,75.12,67.94
59.21,59.21,81.36,73.42,68.74
56.60,56.60,82.66,60.55,68.36
50.14,50.14,78.98,54.22,69.05
44.00,44.00,80.51,57.61,65.92
45.09,45.09,79.20,73.77,72.83
44.94,44.94,81.14,83.71,70.99
43.01,43.01,77.32,86.05,75.02
40.13,40.13,71.77,84.78,77.00
40.49,40.49,62.20,86.02,75.12
38.60,38.60,57.82,85.30,75.61
35.37,35.37,52.53,86.71,77.18
37.72,37.72,44.66,85.85,75.59
32.57,32.57,37.35,84.70,75.42
34.74,34.74,28.77,86.79,73.27
33.08,33.08,21.51,84.51,71.23
35.60,35.60,30.46,86.25,71.97
35.55,35.55,44.70,85.09,66.84
39.01,39.01,57.27,84.64,67.88
42.32,42.32,65.43,85.54,57.73
53.95,53.95,76.74,80.45,59.07
61.48,61.48,91.81,66.16,56.06
70.22,70.22,91.07,61.74,60.15
74.82,74.82,90.67,59.62,54.72
76.50,76.50,89.21,62.33,54.55
78.39,78.39,87.53,65.41,61.49
78.19,78.19,88.59,69.67,63.18
79.87,79.87,86.05,70.24,66.62
79.68,79.68,84.18,72.28,68.10
71.56,71.56,86.51,72.84,67.98
71.37,71.37,83.09,72.60,69.65
74.40,74.40,82.71,75.33,70.90
75.12,75.12,84.07,74.51,71.97
75.03,75.03,80.58,77.24,72.41
74.74,74.74,83.05,77.10,72.10
69.26,69.26,79.48,78.75,74.36
65.20,65.20,81.70,80.93,75.09
68.55,68.55,77.22,81.28,73.48
70.48,70.48,72.22,84.43,71.47
81.52,81.52,62.93,83.16,70.19
78.63,78.63,56.99,83.26,71.02
79.09,79.09,53.09,83.72,71.35
80.56,80.56,54.10,82.55,71.52
79.24,79.24,56.29,85.24,73.00
78.51,78.51,50.46,82.27,73.17
76.57,76.57,47.69,84.20,75.05
63.74,63.74,52.57,83.64,75.34
62.08,62.08,54.66,82.40,77.27
59.44,59.44,59.85,83.99,75.87
63.29,63.29,71.34,82.16,75.50
57.40,57.40,83.31,79.44,73.50
60.35,60.35,88.96,62.78,70.47
64.38,64.38,90.17,59.81,71.50
61.57,61.57,89.18,57.78,74.09
66.19,66.19,89.17,60.07,73.06
72.81,72.81,88.16,65.66,72.06
75.16,75.16,88.61,66.25,71.70
74.57,74.57,86.03,67.63,72.05
75.77,75.77,83.77,69.68,70.50
74.61,74.61,85.79,68.89,70.21
71.12,71.12,82.24,71.27,68.03
73.92,73.92,81.64,70.45,68.92
72.45,72.45,83.09,73.81,66.80
70.92,70.92,79.46,74.09,65.28
74.34,74.34,81.78,74.83,62.58
73.07,73.07,80.37,78.54,65.01
71.09,71.09,82.34,78.91,67.46
72.71,72.71,77.10,81.87,67.70
74.51,74.51,71.15,81.78,65.71
75.10,75.10,60.26,81.63,63.67
75.69,75.69,54.64,82.67,62.69
76.28,76.28,50.17,80.43,63.14
74.69,74.69,43.85,82.34,64.84
73.91,73.91,40.92,80.97,64.05
72.20,72.20,38.96,80.67,65.72
72.93,72.93,38.55,81.63,67.38
71.72,71.72,37.97,81.02,65.46
69.91,69.91,41.43,82.22,65.31
65.50,65.50,57.54,80.35,63.31
63.47,63.47,71.13,81.80,64.01
61.30,61.30,75.26,74.09,63.02
55.06,55.06,92.07,51.60,59.74
49.91,49.91,92.14,53.63,57.49
52.87,52.87,92.40,58.73,62.00
49.71,49.71,90.34,56.26,62.80
48.15,48.15,88.52,64.58,62.66
50.13,50.13,88.68,69.89,61.63
51.15,51.15,85.69,70.95,62.36
52.10,52.10,84.55,72.72,60.29
49.47,49.47,86.18,73.39,61.82
46.36,46.36,82.02,74.00,61.26
47.75,47.75,81.29,74.95,61.69
47.30,47.30,83.13,75.15,62.74
44.30,44.30,78.71,75.85,62.72
45.74,45.74,80.35,77.23,61.80
43.31,43.31,77.33,80.03,61.04
39.92,39.92,82.28,82.03,64.01
41.62,41.62,76.89,83.27,62.35
43.32,43.32,72.86,83.00,62.06
42.53,42.53,64.65,84.40,67.08
45.52,45.52,54.39,85.19,66.57
51.88,51.88,46.06,83.94,65.29
56.90,56.90,34.64,83.43,64.91
56.64,56.64,21.93,83.41,63.52
52.08,52.08,15.06,83.42,63.80
49.47,49.47,9.64,83.97,62.90
44.62,44.62,29.02,83.62,62.08
41.37,41.37,49.05,84.48,61.71
37.01,37.01,56.10,84.45,59.72
32.40,32.40,68.79,83.86,64.85
19.46,19.46,76.93,81.07,63.81
12.21,12.21,89.66,72.97,63.62
18.21,18.21,90.17,65.69,65.74
32.09,32.09,89.92,61.58,68.17
31.65,31.65,88.89,62.35,68.72
33.79,33.79,88.56,62.40,70.01
36.66,36.66,89.65,61.90,69.40
39.14,39.14,85.91,66.52,68.90
41.33,41.33,83.36,69.02,69.43
42.56,42.56,85.97,69.69,62.42
41.45,41.45,82.89,70.06,60.06
39.02,39.02,81.20,70.49,57.22
36.80,36.80,82.18,71.86,59.89
35.37,35.37,79.02,71.34,58.28
34.81,34.81,80.54,67.89,60.33
31.18,31.18,79.01,63.80,62.43
39.52,39.52,81.18,80.40,65.34
39.33,39.33,76.47,85.62,71.91
45.26,45.26,71.08,88.75,69.27
49.21,49.21,60.19,89.74,71.93
54.48,54.48,53.07,89.53,71.91
67.28,67.28,53.39,88.42,69.49
73.75,73.75,52.77,89.08,66.88
75.73,75.73,51.39,88.10,67.81
74.90,74.90,49.41,86.40,64.47
75.35,75.35,48.17,88.43,65.85
76.48,76.48,45.55,88.40,65.00
75.09,75.09,49.57,87.14,61.93
75.37,75.37,58.11,88.56,59.85
74.97,74.97,64.57,88.62,59.87
69.30,69.30,75.52,85.30,58.29
65.16,65.16,90.33,73.81,53.36
69.13,69.13,91.04,68.17,58.27
73.39,73.39,90.10,66.02,61.49
77.49,77.49,89.35,65.57,60.98
77.60,77.60,88.42,68.12,51.77
78.63,78.63,88.41,70.60,53.17
78.42,78.42,85.07,71.80,53.49
71.58,71.58,83.54,74.51,54.05
74.27,74.27,85.45,76.06,59.73
75.23,75.23,82.10,75.02,61.41
75.13,75.13,82.09,77.57,62.23
75.12,75.12,83.91,79.82,62.51
76.05,76.05,80.07,80.29,63.52
77.92,77.92,82.85,81.13,63.15
78.76,78.76,79.22,83.95,62.04
76.07,76.07,80.39,83.94,66.25
75.99,75.99,76.01,84.71,66.44
74.27,74.27,70.72,86.42,67.83
75.02,75.02,64.72,86.65,68.47
77.01,77.01,61.45,85.32,66.84
76.06,76.06,59.31,86.46,64.94
78.49,78.49,59.97,87.99,66.31
79.67,79.67,58.19,86.36,65.34
79.34,79.34,56.34,85.90,65.98
79.53,79.53,52.92,86.66,65.79
77.45,77.45,49.97,86.57,64.61
72.25,72.25,53.70,85.07,65.43
67.95,67.95,57.04,87.00,65.87
63.12,63.12,68.62,86.36,65.26
57.79,57.79,81.50,81.68,62.45
56.05,56.05,88.93,73.28,61.29
56.56,56.56,89.19,56.37,62.49
62.75,62.75,88.72,51.78,63.07
65.38,65.38,88.24,61.79,63.94
67.92,67.92,87.80,68.31,63.95
70.03,70.03,89.29,68.46,64.69
72.52,72.52,86.49,69.50,65.01
66.93,66.93,83.68,72.46,66.06
70.47,70.47,86.03,73.22,66.24
64.25,64.25,82.82,72.63,65.54
64.44,64.44,81.38,75.39,66.19
63.36,63.36,83.07,76.03,67.55
63.70,63.70,79.74,75.57,67.97
60.95,60.95,81.60,77.71,66.58
63.86,63.86,78.73,79.22,67.11
70.70,70.70,80.24,80.93,70.17
66.30,66.30,75.89,82.87,70.45
64.29,64.29,71.12,85.46,69.03
66.09,66.09,62.07,84.20,70.07
74.20,74.20,59.84,83.31,67.11
74.57,74.57,57.83,84.85,66.83
75.80,75.80,56.74,84.86,65.92
76.90,76.90,56.36,83.14,66.06
76.59,76.59,57.45,84.95,65.61
75.09,75.09,55.77,84.55,65.58
75.89,75.89,53.12,82.29,64.33
76.74,76.74,55.87,78.22,64.31
71.27,71.27,64.81,66.11,61.11
67.16,67.16,70.63,67.60,60.47
66.58,66.58,78.70,64.21,66.46
62.49,62.49,92.64,59.63,67.09
60.16,60.16,91.31,58.79,71.10
61.93,61.93,89.09,65.71,72.45
62.40,62.40,89.42,71.16,72.56
62.48,62.48,87.64,74.57,72.85
60.91,60.91,88.58,74.85,72.80
59.21,59.21,85.57,76.10,74.06
56.29,56.29,83.84,76.81,69.64
56.19,56.19,85.81,77.13,69.06
52.27,52.27,82.39,78.49,68.31
50.18,50.18,81.76,79.11,69.18
49.69,49.69,83.38,79.74,69.66
46.88,46.88,80.21,81.92,72.19
47.73,47.73,83.42,83.66,72.50
46.37,46.37,80.12,84.43,71.10
42.19,42.19,81.31,84.91,73.68
38.18,38.18,76.89,86.39,74.72
39.31,39.31,71.27,86.74,75.16
42.26,42.26,61.54,87.40,74.16
45.61,45.61,53.01,87.14,76.45
49.52,49.52,44.13,87.60,74.85
51.99,51.99,39.71,87.50,72.98
46.74,46.74,45.20,87.45,74.02
43.83,43.83,54.33,87.68,77.23
42.35,42.35,54.13,87.54,74.43
40.26,40.26,51.12,87.38,76.05
35.87,35.87,49.04,87.15,72.99
30.28,30.28,54.58,87.27,73.74
25.23,25.23,62.21,86.65,72.16
14.29,14.29,79.63,83.39,71.17
15.21,15.21,88.01,73.28,71.88
10.71,10.71,89.21,69.82,71.09
16.81,16.81,89.60,67.76,72.53
15.88,15.88,88.23,71.13,72.21
21.66,21.66,87.61,72.80,71.47
24.26,24.26,88.40,73.34,72.33
28.92,28.92,85.42,73.26,73.94
25.39,25.39,83.48,74.34,74.22
27.96,27.96,85.51,74.61,75.21
36.94,36.94,82.40,75.87,73.40
37.94,37.94,81.47,72.22,68.44
42.36,42.36,82.62,61.67,67.92
31.81,31.81,78.76,55.66,66.39
22.80,22.80,79.86,60.77,65.66
19.09,19.09,79.11,72.21,71.08
20.97,20.97,80.40,83.14,71.71
19.20,19.20,77.13,86.50,75.40
22.74,22.74,70.22,84.76,75.45
22.25,22.25,62.79,85.73,76.30
21.62,21.62,61.58,85.07,71.82
21.18,21.18,55.09,86.91,75.86
20.68,20.68,48.47,86.25,73.10
20.62,20.62,44.45,85.38,70.64
22.20,22.20,48.24,86.70,72.52
25.04,25.04,46.98,85.70,71.52
29.48,29.48,48.36,86.16,70.24
30.29,30.29,49.32,85.86,70.04
24.01,24.01,61.81,85.30,67.83
17.18,17.18,70.72,85.46,64.04
15.65,15.65,79.05,79.91,64.31
6.56,6.56,91.69,61.88,64.93
10.31,10.31,91.61,60.44,68.11
16.88,16.88,91.49,58.24,68.25
21.18,21.18,89.44,62.34,70.56
27.74,27.74,88.45,66.57,70.55
30.04,30.04,89.39,70.71,72.77
30.01,30.01,86.57,70.30,72.97
31.68,31.68,84.25,72.46,72.76
35.80,35.80,86.32,72.11,71.95
38.57,38.57,82.80,71.48,70.04
38.96,38.96,82.38,75.07,70.05
37.84,37.84,83.57,74.24,67.67
29.35,29.35,79.25,75.52,65.45
19.85,19.85,80.88,74.52,67.66
11.39,11.39,77.99,76.75,72.65
21.28,21.28,81.58,80.07,75.29
28.87,28.87,77.04,80.34,75.37
37.17,37.17,72.16,83.99,72.74
41.20,41.20,64.14,82.18,75.07
47.50,47.50,60.29,82.92,75.24
48.72,48.72,57.12,83.41,75.37
53.37,53.37,58.45,83.24,76.64
54.32,54.32,64.74,84.44,73.71
54.08,54.08,71.92,81.60,75.41
54.67,54.67,71.33,83.85,74.84
56.32,56.32,67.15,83.44,71.05
58.93,58.93,63.25,81.47,72.72
57.40,57.40,68.31,83.46,69.62
50.90,50.90,71.12,81.59,69.16
42.96,42.96,81.68,79.37,68.48
44.32,44.32,88.66,57.99,63.17
44.17,44.17,90.03,50.53,62.32
46.70,46.70,89.92,54.04,66.43
53.40,53.40,88.12,57.53,68.32
58.65,58.65,87.65,63.14,65.24
53.35,53.35,88.71,65.08,69.16
44.12,44.12,85.56,67.15,69.70
40.58,40.58,83.36,69.77,68.73
40.98,40.98,85.28,69.10,70.16
39.88,39.88,82.17,70.99,68.82
39.55,39.55,81.26,69.35,68.19
40.72,40.72,82.39,72.02,69.72
38.96,38.96,78.48,72.59,68.85
44.69,44.69,80.51,72.40,70.69
53.71,53.71,78.36,76.42,70.49
64.72,64.72,82.23,77.79,71.21
72.17,72.17,76.72,81.21,69.39
79.79,79.79,70.62,80.83,64.80
78.85,78.85,62.70,81.66,66.59
78.64,78.64,57.95,82.47,65.15
79.37,79.37,51.05,80.29,68.15
79.01,79.01,49.84,82.56,66.67
78.02,78.02,49.24,81.12,64.54
85.14,85.14,56.22,81.14,69.79
84.02,84.02,57.47,82.10,69.68
84.44,84.44,54.97,80.45,65.42
84.07,84.07,52.65,82.06,68.33
83.48,83.48,57.88,80.24,63.48
83.64,83.64,69.62,80.52,60.79
82.80,82.80,74.82,70.31,57.19
74.16,74.16,90.41,55.00,55.70
67.79,67.79,91.52,55.70,58.83
68.98,68.98,90.58,57.52,63.02
69.37,69.37,89.57,56.61,63.24
68.51,68.51,87.91,58.74,63.27
67.23,67.23,87.92,66.29,65.03
70.89,70.89,85.03,69.34,65.42
72.72,72.72,84.11,72.14,62.16
75.95,75.95,85.83,74.14,65.31
75.46,75.46,81.95,74.35,66.52
76.75,76.75,81.15,75.31,65.05
76.20,76.20,83.42,75.24,67.06
78.19,78.19,79.05,76.33,62.56
77.28,77.28,80.44,77.89,66.83
76.87,76.87,77.89,79.32,67.43
74.92,74.92,80.93,82.05,72.35
72.62,72.62,76.64,81.70,72.04
71.97,71.97,71.63,81.00,69.55
72.14,72.14,63.48,82.01,73.64
72.26,72.26,54.71,83.55,70.27
72.93,72.93,49.08,82.67,74.17
73.29,73.29,44.78,84.05,72.18
71.63,71.63,41.95,83.21,71.44
73.90,73.90,47.33,82.63,74.72
74.58,74.58,48.76,83.19,72.57
74.48,74.48,46.59,83.50,73.39
74.82,74.82,48.88,84.31,70.17
74.19,74.19,61.51,83.83,69.16
71.77,71.77,70.82,83.52,66.10
68.76,68.76,78.22,79.16,59.88
67.48,67.48,89.57,64.82,65.39
67.08,67.08,88.82,58.93,68.49
68.00,68.00,89.34,56.60,68.72
66.61,66.61,87.59,59.07,70.57
66.40,66.40,88.37,60.02,69.96
65.48,65.48,89.21,60.08,70.79
64.52,64.52,85.82,62.66,69.39
64.74,64.74,82.96,67.09,69.45
65.26,65.26,85.60,70.47,70.72
64.86,64.86,83.10,71.36,69.99
68.32,68.32,81.69,70.49,71.86
70.75,70.75,82.93,71.64,70.46
73.56,73.56,80.82,73.60,71.92
71.27,71.27,83.40,71.81,73.34
70.86,70.86,80.54,73.97,69.82
71.31,71.31,81.45,81.10,69.69
78.74,78.74,75.71,83.60,69.02
80.07,80.07,70.51,86.98,68.17
79.57,79.57,63.51,88.36,69.16
79.36,79.36,56.33,87.79,69.96
76.40,76.40,46.80,86.68,70.72
67.57,67.57,39.61,88.28,69.27
68.05,68.05,40.96,88.25,68.98
68.85,68.85,41.83,86.73,67.13
69.65,69.65,46.40,88.68,68.06
69.03,69.03,40.41,88.80,71.18
70.88,70.88,47.05,87.19,68.64
72.05,72.05,58.94,88.32,70.63
73.69,73.69,64.81,88.58,67.66
70.28,70.28,77.47,84.85,62.73
67.99,67.99,90.02,73.42,61.99
69.88,69.88,90.53,68.34,61.75
76.97,76.97,89.68,64.33,65.53
79.62,79.62,89.24,63.29,62.81
78.92,78.92,88.25,67.89,65.58
77.30,77.30,88.33,71.14,66.12
75.07,75.07,85.19,72.62,64.31
78.01,78.01,84.04,75.06,66.76
79.38,79.38,86.39,77.29,65.51
80.26,80.26,83.32,77.26,65.97
81.71,81.71,83.18,79.89,66.73
82.34,82.34,84.75,80.95,65.86
82.69,82.69,80.62,81.26,67.39
83.01,83.01,82.61,80.82,67.02
82.89,82.89,78.24,83.05,69.29
80.73,80.73,79.22,83.02,69.29
79.26,79.26,75.55,84.42,72.01
69.85,69.85,70.49,86.08,72.00
72.32,72.32,60.91,85.93,72.02
67.77,67.77,51.83,84.98,72.94
59.19,59.19,49.40,85.57,74.64
62.97,62.97,52.60,86.87,74.15
70.32,70.32,59.61,85.40,73.34
72.90,72.90,64.80,86.54,76.72
74.71,74.71,63.27,87.26,73.81
73.70,73.70,55.86,86.80,74.18
65.88,65.88,52.69,85.17,72.60
56.81,56.81,56.02,86.90,73.21
59.00,59.00,68.16,86.55,72.14
66.43,66.43,80.61,81.74,72.24
61.49,61.49,89.13,69.32,69.88
76.22,76.22,89.36,50.93,66.00
74.47,74.47,89.80,48.01,60.83
73.85,73.85,87.70,59.45,64.67
79.30,79.30,86.77,66.19,66.80
79.86,79.86,89.34,67.57,66.09
77.46,77.46,86.12,68.93,67.31
73.92,73.92,83.41,72.45,66.90
67.41,67.41,85.69,73.42,65.49
61.35,61.35,82.46,72.57,68.26
60.31,60.31,81.04,74.80,69.14
58.38,58.38,82.47,75.24,68.28
59.33,59.33,78.45,74.57,68.99
59.87,59.87,80.65,76.99,68.69
63.83,63.83,78.53,79.81,70.28
70.70,70.70,80.11,80.79,73.39
66.09,66.09,75.61,82.89,72.79
62.20,62.20,70.94,85.88,69.90
62.51,62.51,59.29,85.58,69.43
63.69,63.69,52.80,84.10,67.58
66.22,66.22,58.88,85.49,67.80
73.47,73.47,65.69,85.14,64.09
74.80,74.80,66.63,83.50,62.30
71.18,71.18,58.40,84.77,62.01
77.36,77.36,55.84,84.79,65.40
81.79,81.79,52.75,82.19,62.77
79.02,79.02,53.39,79.02,63.22
81.89,81.89,62.50,67.12,61.38
81.66,81.66,72.51,68.72,61.35
77.76,77.76,78.03,56.07,62.07
73.93,73.93,91.61,53.22,65.84
75.87,75.87,90.70,57.34,69.02
73.48,73.48,88.46,63.66,68.78
75.01,75.01,88.95,71.86,71.25
77.84,77.84,87.52,75.28,71.79
78.30,78.30,88.25,76.04,71.63
77.19,77.19,85.16,74.72,70.57
77.97,77.97,83.99,76.56,71.44
76.51,76.51,86.09,75.61,70.39
76.69,76.69,83.02,78.11,70.11
76.74,76.74,82.75,78.57,70.94
79.09,79.09,83.98,80.34,70.79
80.02,80.02,80.19,81.70,70.06
69.98,69.98,83.02,82.45,70.93
70.01,70.01,78.86,84.13,70.83
70.94,70.94,81.42,83.72,72.44
69.58,69.58,76.22,86.28,72.90
75.96,75.96,70.89,86.42,72.24
77.24,77.24,63.28,86.39,73.04
78.46,78.46,56.71,86.67,72.66
80.14,80.14,50.22,86.59,71.88
79.75,79.75,49.29,87.44,71.57
76.32,76.32,50.46,87.89,72.89
77.77,77.77,49.77,87.68,72.30
78.72,78.72,50.80,87.22,73.98
78.20,78.20,48.50,87.15,72.06
78.87,78.87,50.14,86.82,70.65
77.05,77.05,59.62,87.14,72.09
77.50,77.50,69.54,86.43,71.11
77.07,77.07,79.50,82.98,67.22
75.23,75.23,87.60,73.10,68.85
72.16,72.16,88.27,68.23,71.44
72.58,72.58,89.04,68.49,73.18
73.75,73.75,87.91,71.81,72.63
73.70,73.70,87.65,73.05,72.00
72.98,72.98,88.60,73.35,72.17
72.62,72.62,85.59,72.96,72.23
71.43,71.43,83.37,74.35,71.36
65.22,65.22,85.59,74.25,67.49
64.53,64.53,82.14,75.57,65.62
68.42,68.42,81.13,71.83,66.63
63.82,63.82,82.55,63.21,66.55
58.81,58.81,78.25,56.77,66.67
57.59,57.59,79.58,61.43,65.86
55.22,55.22,78.15,75.21,72.45
61.13,61.13,80.92,84.54,70.77
58.44,58.44,77.80,85.50,69.92
60.24,60.24,72.85,85.48,71.02
55.29,55.29,63.47,87.43,69.54
57.84,57.84,61.04,86.10,70.24
58.59,58.59,58.20,87.28,72.93
60.38,60.38,53.21,86.90,70.25
56.15,56.15,42.14,86.00,72.08
57.31,57.31,45.36,86.69,71.63
56.70,56.70,45.88,85.15,71.33
58.85,58.85,47.84,86.69,72.45
57.99,57.99,50.22,85.97,72.77
57.30,57.30,61.00,85.22,70.07
56.60,56.60,71.89,85.69,67.59
59.66,59.66,80.40,80.35,62.84
59.48,59.48,90.68,63.83,62.08
63.02,63.02,91.45,59.97,66.73
64.88,64.88,90.95,57.80,70.48
77.34,77.34,88.87,64.34,70.43
78.48,78.48,87.85,66.79,68.52
78.13,78.13,88.54,69.98,69.78
77.45,77.45,85.92,69.98,68.21
69.61,69.61,83.63,72.61,65.24
69.14,69.14,86.08,73.25,66.20
75.36,75.36,82.58,73.37,63.47
73.76,73.76,82.26,73.95,64.42
81.04,81.04,84.30,75.69,66.86
82.29,82.29,80.98,77.63,66.02
82.04,82.04,82.88,78.16,67.42
81.50,81.50,79.45,79.85,65.71
81.81,81.81,81.06,80.91,71.03
81.69,81.69,76.48,80.54,72.41
82.66,82.66,72.23,84.44,75.20
82.48,82.48,63.74,83.45,75.27
82.42,82.42,58.31,83.26,74.54
82.19,82.19,52.30,83.52,76.20
79.64,79.64,49.99,83.35,75.88
67.20,67.20,52.96,84.79,76.56
69.73,69.73,65.37,81.47,77.01
71.43,71.43,66.38,83.88,77.50
68.90,68.90,58.04,83.21,78.11
62.18,62.18,51.54,81.26,77.70
60.92,60.92,58.55,83.78,76.45
57.12,57.12,69.30,82.01,73.86
65.52,65.52,80.22,80.80,69.17
60.12,60.12,89.02,63.21,66.57
64.37,64.37,89.73,49.43,69.44
63.75,63.75,89.50,50.04,72.19
73.91,73.91,87.95,60.78,72.55
76.98,76.98,87.04,66.93,72.28
77.22,77.22,88.34,66.64,71.21
76.50,76.50,85.69,67.84,72.23
75.83,75.83,83.11,70.12,71.40
71.20,71.20,85.46,69.45,70.04
63.58,63.58,81.94,71.19,71.04
67.45,67.45,81.27,70.31,70.35
69.67,69.67,82.72,72.61,70.17
71.62,71.62,79.60,74.36,69.92
69.40,69.40,82.72,75.00,67.67
68.32,68.32,78.42,77.96,68.29
74.48,74.48,79.68,77.60,71.34
72.12,72.12,73.84,81.19,68.76
71.44,71.44,67.52,81.61,67.20
69.78,69.78,60.44,81.74,67.87
74.84,74.84,62.09,82.24,66.96
75.48,75.48,60.16,80.25,65.90
75.10,75.10,60.02,82.32,64.76
68.47,68.47,62.00,80.99,65.30
62.00,62.00,66.49,81.53,67.00
64.11,64.11,70.76,81.90,70.57
68.21,68.21,71.66,80.69,66.02
66.46,66.46,64.68,82.26,64.40
65.42,65.42,63.29,79.56,63.42
71.00,71.00,68.43,78.36,61.99
70.40,70.40,78.07,67.00,63.23
71.47,71.47,91.22,57.29,61.52
74.29,74.29,90.65,57.54,62.03
74.80,74.80,91.33,56.42,62.80
74.58,74.58,90.13,59.31,65.84
73.77,73.77,88.19,62.20,63.35
72.96,72.96,87.97,67.29,65.38
71.02,71.02,84.81,71.78,63.01
67.69,67.69,83.63,74.70,63.53
64.91,64.91,85.61,75.98,65.63
68.12,68.12,81.95,75.90,63.08
65.63,65.63,81.68,76.02,62.54
66.94,66.94,83.19,75.97,62.64
66.08,66.08,78.66,77.49,62.81
60.42,60.42,80.08,78.29,63.75
55.59,55.59,77.25,79.95,65.31
56.97,56.97,81.57,82.47,65.55
56.02,56.02,77.45,83.86,66.94
53.75,53.75,73.03,84.56,67.58
57.28,57.28,63.12,84.82,69.52
55.86,55.86,53.30,85.82,70.46
59.31,59.31,45.29,85.49,69.02
62.71,62.71,45.39,85.90,68.56
61.50,61.50,51.77,84.67,69.44
58.48,58.48,65.93,83.62,68.31
57.53,57.53,68.68,84.51,68.94
51.51,51.51,62.17,84.43,70.93
51.04,51.04,56.00,85.07,71.08
46.42,46.42,61.38,84.49,70.30
42.16,42.16,68.25,83.86,68.95
40.27,40.27,76.20,80.18,64.36
44.46,44.46,90.22,69.65,60.54
52.08,52.08,89.04,58.57,63.43
53.47,53.47,89.77,54.89,68.13
51.50,51.50,88.82,58.49,69.63
52.53,52.53,88.49,59.35,70.68
54.17,54.17,89.73,59.37,70.56
54.06,54.06,86.09,64.30,72.10
52.57,52.57,83.50,68.10,69.48
54.43,54.43,86.04,70.23,71.21
53.32,53.32,83.26,71.36,68.85
51.74,51.74,81.44,71.20,65.65
48.32,48.32,82.51,71.40,68.55
45.75,45.75,79.33,72.20,65.37
43.54,43.54,80.47,68.51,68.24
46.12,46.12,77.08,68.70,70.27
44.67,44.67,81.01,74.54,71.99
43.23,43.23,76.04,84.65,71.31
43.49,43.49,70.80,87.65,72.33
46.15,46.15,62.35,89.59,72.87
47.52,47.52,54.04,88.86,72.31
43.90,43.90,48.69,88.59,71.94
42.84,42.84,47.92,89.92,73.20
43.07,43.07,47.03,89.14,68.05
48.94,48.94,49.16,87.46,72.34
45.77,45.77,49.70,89.33,73.29
46.25,46.25,49.75,89.57,71.94
47.38,47.38,50.87,87.99,71.17
46.55,46.55,55.66,89.21,69.64
43.22,43.22,65.62,89.09,69.26
39.54,39.54,78.67,85.47,66.91
45.00,45.00,90.40,71.76,65.42
55.84,55.84,90.64,64.24,64.41
61.45,61.45,90.37,63.37,63.36
65.06,65.06,90.37,64.18,59.63
77.42,77.42,88.50,68.53,57.13
78.39,78.39,88.17,69.73,59.38
78.18,78.18,84.81,70.89,61.23
76.82,76.82,83.81,73.91,62.84
69.70,69.70,85.85,76.20,66.29
69.10,69.10,82.37,75.44,68.23
75.86,75.86,82.47,77.76,69.53
75.18,75.18,84.17,79.89,69.58
80.57,80.57,80.64,80.70,70.64
82.31,82.31,82.62,80.48,71.12
83.05,83.05,79.07,83.96,70.90
80.70,80.70,80.78,83.33,69.05
81.40,81.40,75.68,84.27,63.33
81.66,81.66,71.41,86.69,69.81
82.10,82.10,64.63,87.05,69.52
82.72,82.72,59.01,85.90,71.59
81.64,81.64,65.81,87.12,70.21
82.10,82.10,77.43,87.28,70.95
76.45,76.45,76.47,85.28,72.17
68.31,68.31,73.77,86.00,72.48
66.41,66.41,66.03,86.94,70.78
75.13,75.13,60.82,86.48,69.73
72.44,72.44,61.00,85.00,70.98
66.21,66.21,63.10,87.06,69.81
66.14,66.14,79.81,86.60,67.77
64.84,64.84,85.97,82.13,67.23
62.61,62.61,89.27,71.20,65.06
63.11,63.11,89.75,56.73,62.98
67.44,67.44,90.73,46.68,62.56
66.17,66.17,87.66,60.59,61.73
71.98,71.98,87.39,66.65,64.66
75.89,75.89,89.33,69.64,64.12
76.44,76.44,85.86,69.42,63.26
74.80,74.80,83.33,71.77,65.05
73.73,73.73,85.99,72.78,63.36
70.98,70.98,83.37,72.86,65.56
69.14,69.14,81.96,75.23,67.34
70.28,70.28,83.74,77.02,65.38
71.72,71.72,80.35,76.74,66.72
72.32,72.32,81.82,79.06,69.43
74.55,74.55,78.98,81.15,70.20
76.92,76.92,79.23,81.11,71.45
73.10,73.10,74.34,81.10,64.32
69.63,69.63,71.05,82.97,67.03
70.00,70.00,59.95,83.20,64.10
72.26,72.26,54.43,82.03,64.04
76.09,76.09,53.92,84.00,61.30
80.45,80.45,59.67,83.40,63.24
78.15,78.15,66.15,81.99,66.25
77.38,77.38,64.04,84.29,69.21
76.54,76.54,66.37,84.93,71.14
77.64,77.64,59.41,82.76,70.04
75.93,75.93,59.70,78.59,68.74
77.44,77.44,66.74,71.14,66.82
72.20,72.20,74.78,77.72,65.76
69.15,69.15,81.33,70.36,63.10
66.76,66.76,90.50,54.90,70.86
71.40,71.40,91.42,59.16,71.29
75.63,75.63,89.77,68.65,76.28
73.47,73.47,88.23,75.04,75.92
75.23,75.23,88.74,76.64,77.29
72.89,72.89,88.04,74.40,75.36
70.66,70.66,84.01,72.38,72.93
69.64,69.64,84.49,75.35,73.62
70.49,70.49,85.51,78.00,72.89
69.42,69.42,82.14,76.00,70.23
68.33,68.33,82.62,78.28,66.38
67.33,67.33,82.47,78.96,65.65
67.86,67.86,79.47,80.24,65.76
67.86,67.86,83.54,79.73,68.39
73.04,73.04,78.68,83.57,74.86
70.48,70.48,81.52,84.18,74.50
70.63,70.63,77.04,84.75,75.27
70.99,70.99,72.71,87.54,78.41
68.78,68.78,68.89,87.42,80.14
68.87,68.87,62.74,88.05,79.43
71.83,71.83,56.42,86.77,79.58
72.31,72.31,54.83,87.62,78.22
69.01,69.01,57.80,87.67,78.90
67.00,67.00,68.26,86.95,77.13
68.62,68.62,68.72,87.76,71.86
67.28,67.28,61.91,87.13,68.28
64.76,64.76,59.49,86.87,65.61
63.46,63.46,61.71,86.52,65.59
59.76,59.76,69.05,85.81,63.44
61.15,61.15,80.87,82.35,67.66
57.76,57.76,88.98,74.02,67.64
56.92,56.92,88.82,67.40,69.73
60.18,60.18,89.59,65.27,71.85
61.70,61.70,89.12,65.19,70.75
59.33,59.33,88.18,63.50,70.82
60.73,60.73,88.41,69.49,72.23
59.86,59.86,85.26,75.07,73.29
54.73,54.73,83.98,76.80,72.97
53.13,53.13,85.77,78.69,72.11
51.64,51.64,82.23,74.19,72.14
56.87,56.87,81.51,69.22,71.60
61.50,61.50,82.96,70.28,66.48
59.34,59.34,78.75,67.87,64.42
50.51,50.51,81.00,72.07,63.75
57.73,57.73,78.64,71.16,67.42
57.17,57.17,80.48,81.69,71.76
55.33,55.33,75.63,84.98,69.83
55.14,55.14,72.57,85.57,71.19
53.83,53.83,62.23,83.67,71.46
54.65,54.65,53.99,86.98,70.17
54.35,54.35,59.64,84.88,67.99
51.70,51.70,53.13,85.38,70.42
52.38,52.38,41.61,85.67,69.62
48.92,48.92,43.42,85.30,68.96
44.56,44.56,45.78,85.81,66.06
48.08,48.08,47.51,84.88,66.65
47.18,47.18,47.68,86.15,64.11
46.47,46.47,59.45,84.19,59.45
46.06,46.06,71.19,84.48,59.60
45.26,45.26,76.84,80.99,58.01
44.78,44.78,91.04,68.29,60.34
46.66,46.66,91.93,58.19,60.44
50.93,50.93,91.64,61.96,63.65
50.32,50.32,90.08,67.50,63.44
49.02,49.02,89.25,66.63,62.54
47.99,47.99,90.02,71.31,59.60
47.65,47.65,86.97,72.79,62.30
46.74,46.74,84.84,69.92,61.77
47.28,47.28,86.67,72.68,60.65
47.81,47.81,83.20,73.82,62.02
48.69,48.69,82.33,72.51,62.29
44.19,44.19,83.32,72.05,59.87
40.02,40.02,79.36,74.68,62.05
34.38,34.38,80.98,76.36,60.73
35.05,35.05,79.64,75.79,61.90
32.12,32.12,82.14,81.01,63.62
34.28,34.28,77.78,82.81,65.78
30.06,30.06,72.33,81.46,63.47
28.83,28.83,63.06,83.83,66.00
31.81,31.81,54.71,83.58,65.69
34.23,34.23,48.09,82.58,63.35
32.00,32.00,45.61,81.58,61.97
26.34,26.34,49.48,83.02,61.36
28.64,28.64,64.26,83.66,64.43
31.29,31.29,65.95,80.27,64.57
32.23,32.23,56.53,83.43,62.90
31.58,31.58,47.80,82.35,63.17
24.43,24.43,57.82,80.25,62.65
15.23,15.23,68.66,81.50,58.88
9.50,9.50,78.89,76.91,56.42
9.37,9.37,89.02,64.93,56.24
11.41,11.41,89.78,47.41,61.27
20.10,20.10,89.43,53.74,64.52
24.41,24.41,89.67,57.97,64.98
26.54,26.54,88.20,65.83,65.07
26.51,26.51,88.97,67.00,65.72
24.89,24.89,86.61,67.88,65.71
30.54,30.54,83.63,69.30,65.00
33.33,33.33,86.17,69.41,65.49
35.63,35.63,82.13,70.55,65.59
33.83,33.83,81.48,71.08,65.45
32.52,32.52,82.61,71.44,67.11
29.84,29.84,78.60,74.44,66.27
26.74,26.74,80.38,72.89,63.33
30.31,30.31,78.75,73.66,63.18
33.70,33.70,82.35,77.64,62.56
33.22,33.22,77.63,79.80,61.43
37.99,37.99,72.24,81.82,62.03
41.47,41.47,60.44,79.88,58.11
50.63,50.63,54.30,81.20,58.72
46.34,46.34,46.12,81.72,60.83
37.32,37.32,47.14,79.74,57.65
28.18,28.18,52.93,81.93,57.09
20.71,20.71,64.18,80.62,59.03
21.90,21.90,72.26,81.09,59.89
26.24,26.24,66.93,80.80,50.34
29.07,29.07,64.18,80.01,52.55
25.05,25.05,62.91,81.02,48.40
24.61,24.61,65.31,78.17,47.26
20.42,20.42,77.84,66.27,50.17
24.19,24.19,91.75,57.47,51.07
28.07,28.07,92.48,63.60,55.76
34.26,34.26,92.24,64.66,59.20
37.37,37.37,91.24,64.73,60.54
39.85,39.85,88.95,67.92,62.39
41.12,41.12,88.83,73.92,62.60
40.90,40.90,85.64,75.11,61.52
40.58,40.58,84.74,77.27,61.70
39.91,39.91,86.35,78.53,62.40
42.57,42.57,82.23,78.32,61.64
44.89,44.89,81.79,78.72,61.89
41.99,41.99,83.16,78.63,61.84
37.29,37.29,78.79,79.15,59.75
30.05,30.05,80.38,80.29,58.17
23.65,23.65,76.69,82.29,60.21
26.38,26.38,81.57,84.50,62.53
26.71,26.71,77.71,85.75,63.27
23.10,23.10,72.50,85.31,62.18
27.46,27.46,62.85,86.18,62.92
30.84,30.84,52.45,87.05,62.98
30.42,30.42,46.09,86.08,60.84
25.65,25.65,47.82,86.31,62.38
17.48,17.48,53.85,84.85,60.68
17.13,17.13,66.27,84.00,62.91
18.81,18.81,72.37,85.15,60.93
24.11,24.11,63.53,85.09,56.30
24.49,24.49,57.24,85.48,55.76
18.17,18.17,58.67,85.56,54.92
6.13,6.13,68.87,85.15,52.15
6.08,6.08,75.83,82.09,59.34
12.53,12.53,89.66,74.27,61.81
9.43,9.43,89.20,66.93,64.01
11.37,11.37,89.48,61.85,67.10
14.35,14.35,88.86,60.62,67.45
16.82,16.82,88.75,66.66,65.44
20.52,20.52,89.85,66.88,66.60
22.98,22.98,86.41,66.69,66.60
26.43,26.43,83.65,68.35,67.29
29.32,29.32,86.10,71.08,67.68
28.92,28.92,82.99,73.21,66.72
28.85,28.85,81.55,73.42,66.12
30.38,30.38,82.72,74.82,66.45
30.15,30.15,80.07,74.76,67.03
22.02,22.02,81.66,72.56,63.33
17.21,17.21,79.27,75.40,64.24
19.72,19.72,80.63,81.45,68.21
19.36,19.36,75.80,85.38,66.32
16.20,16.20,70.92,87.21,65.34
16.89,16.89,60.66,89.31,68.10
20.04,20.04,53.78,89.06,63.04
18.94,18.94,48.33,87.66,65.22
16.21,16.21,45.60,89.66,63.28
18.11,18.11,44.82,89.21,61.01
26.18,26.18,51.10,86.76,61.70
26.50,26.50,50.34,89.05,62.23
30.56,30.56,48.98,89.62,60.56
31.69,31.69,46.56,87.91,59.45
28.77,28.77,53.52,89.16,59.16
19.31,19.31,57.79,89.20,54.06
16.67,16.67,76.88,86.14,52.04
25.29,25.29,90.40,70.56,50.08
29.44,29.44,91.07,66.87,52.98
33.35,33.35,91.09,69.28,55.03
36.72,36.72,91.52,70.40,56.33
37.69,37.69,90.40,70.80,56.53
36.88,36.88,90.18,73.37,56.91
38.64,38.64,86.84,76.76,57.38
37.63,37.63,85.46,76.97,54.10
44.73,44.73,86.99,78.61,56.77
45.28,45.28,83.37,77.66,56.54
40.86,40.86,82.82,79.54,52.37
36.39,36.39,83.93,80.76,56.12
28.39,28.39,79.98,81.10,53.00
26.04,26.04,82.92,81.49,55.08
22.82,22.82,80.24,84.15,60.54
20.93,20.93,81.74,84.56,59.40
21.57,21.57,77.93,85.26,64.27
23.87,23.87,72.49,87.73,66.12
19.00,19.00,63.75,87.88,67.51
19.94,19.94,54.20,87.08,67.01
23.53,23.53,46.16,86.96,63.82
19.51,19.51,43.54,88.28,64.34
17.00,17.00,49.55,86.69,63.57
24.98,24.98,64.82,86.96,65.77
27.63,27.63,66.40,87.75,65.39
30.50,30.50,58.12,87.43,62.43
26.80,26.80,52.06,85.75,60.63
14.18,14.18,53.91,87.32,59.22
7.62,7.62,64.51,87.00,56.54
8.09,8.09,79.71,82.40,53.89
12.41,12.41,89.09,71.99,50.05
5.64,5.64,90.10,63.10,57.47
8.02,8.02,89.93,58.76,67.02
10.08,10.08,87.71,62.35,67.64
12.17,12.17,87.60,68.42,66.67
14.77,14.77,89.22,70.34,65.34
18.71,18.71,85.73,70.00,65.43
23.16,23.16,83.11,72.77,65.42
25.93,25.93,85.36,73.69,65.10
27.19,27.19,81.96,72.57,64.46
27.30,27.30,80.69,74.10,64.11
26.16,26.16,82.07,74.24,63.18
23.97,23.97,77.89,73.13,63.89
18.85,18.85,79.45,74.21,63.36
19.16,19.16,77.95,76.72,65.24
22.09,22.09,81.99,80.92,67.12
22.71,22.71,77.83,81.59,68.29
19.96,19.96,73.12,85.67,77.81
17.02,17.02,60.78,84.26,78.94
16.60,16.60,51.98,83.48,77.08
16.31,16.31,44.35,84.46,74.66
14.18,14.18,46.75,84.27,74.57
13.32,13.32,55.23,82.88,73.62
19.55,19.55,65.20,84.78,75.65
22.45,22.45,70.05,84.81,75.85
22.86,22.86,63.07,82.17,71.75
22.51,22.51,63.60,78.52,72.98
17.85,17.85,61.47,67.48,73.87
19.97,19.97,63.95,63.92,74.33
17.54,17.54,71.99,63.73,73.81
21.07,21.07,91.93,57.20,72.19
22.61,22.61,91.45,63.01,74.63
26.04,26.04,89.62,69.22,74.94
26.69,26.69,89.04,72.83,74.75
26.41,26.41,87.92,73.48,73.90
26.08,26.08,88.86,74.22,73.42
25.60,25.60,85.67,76.40,71.37
28.57,28.57,83.62,75.13,73.86
25.59,25.59,85.71,76.54,68.38
25.16,25.16,82.38,76.82,71.22
28.59,28.59,81.34,77.42,66.30
32.34,32.34,82.48,77.90,64.10
33.60,33.60,79.13,79.56,66.66
32.22,32.22,82.09,81.24,66.05
24.62,24.62,78.28,82.68,65.18
23.53,23.53,81.70,83.92,66.66
27.60,27.60,76.47,85.85,73.32
28.74,28.74,72.63,86.93,71.33
30.10,30.10,62.57,87.47,71.22
27.50,27.50,54.27,86.67,72.32
26.52,26.52,49.87,87.17,74.69
22.79,22.79,55.35,86.71,71.98
16.87,16.87,59.30,87.38,71.56
14.40,14.40,67.21,87.26,69.98
17.72,17.72,71.49,86.56,70.04
22.30,22.30,62.66,86.54,65.56
20.30,20.30,58.30,85.59,63.40
15.83,15.83,56.50,86.30,59.18
10.18,10.18,65.30,84.55,59.09
4.94,4.94,79.57,81.12,54.09
7.49,7.49,89.16,69.49,60.49
3.19,3.19,88.54,70.43,65.15
7.43,7.43,89.23,72.98,66.03
11.13,11.13,88.59,76.00,68.10
15.25,15.25,87.54,76.65,68.01
18.58,18.58,88.42,74.20,69.29
19.89,19.89,85.41,71.47,66.87
24.29,24.29,82.74,76.49,67.42
26.94,26.94,85.46,78.39,67.45
27.77,27.77,82.27,74.30,65.78
25.25,25.25,81.40,76.18,66.54
23.63,23.63,82.65,69.70,63.54
25.07,25.07,77.99,66.35,63.35
22.57,22.57,79.80,58.01,61.96
22.64,22.64,78.04,73.26,62.76
29.89,29.89,80.94,84.18,69.58
21.62,21.62,76.16,83.94,67.66
16.75,16.75,72.18,84.63,67.02
20.01,20.01,63.53,84.51,64.73
24.92,24.92,54.29,81.93,67.20
25.60,25.60,56.48,85.05,67.45
21.38,21.38,54.01,83.16,65.35
19.99,19.99,50.58,81.78,65.62
26.01,26.01,50.51,83.83,64.23
31.83,31.83,49.21,82.33,60.83
36.26,36.26,49.79,83.19,63.63
34.44,34.44,48.69,82.21,61.09
28.89,28.89,62.30,82.20,59.60
19.39,19.39,68.23,82.76,56.89
21.73,21.73,77.04,76.60,56.91
29.68,29.68,91.89,62.29,59.94
32.42,32.42,91.54,60.08,63.98
35.28,35.28,91.94,54.22,63.36
37.43,37.43,91.08,58.08,64.51
38.46,38.46,89.14,63.85,63.58
38.93,38.93,90.26,64.97,66.92
39.36,39.36,86.97,64.29,65.48
46.07,46.07,84.91,67.55,64.56
50.15,50.15,87.01,67.51,65.38
48.88,48.88,83.53,65.59,64.12
46.78,46.78,82.53,68.93,65.19
40.73,40.73,83.28,68.87,64.54
36.25,36.25,79.34,70.13,64.38
28.58,28.58,81.32,72.99,63.65
24.85,24.85,79.46,73.54,62.19
25.40,25.40,82.36,75.55,60.47
21.96,21.96,77.72,77.54,61.25
19.07,19.07,72.78,81.85,61.15
25.85,25.85,63.44,80.53,60.43
29.11,29.11,55.07,80.00,63.52
31.33,31.33,47.53,81.33,61.71
30.61,30.61,45.57,80.10,61.23
26.82,26.82,46.75,81.45,61.76
24.96,24.96,62.32,78.99,64.04
26.15,26.15,67.65,80.69,63.35
29.74,29.74,58.30,81.19,59.85
27.68,27.68,52.59,78.96,59.34
17.05,17.05,54.01,81.66,60.25
16.05,16.05,65.38,79.23,60.72
7.20,7.20,75.56,76.77,60.13
8.85,8.85,88.65,63.39,59.51
7.65,7.65,89.22,55.91,59.18
9.79,9.79,90.02,51.75,60.72
14.92,14.92,89.22,50.63,63.91
18.94,18.94,87.36,56.24,64.26
18.34,18.34,88.02,61.30,62.10
22.89,22.89,85.40,61.68,62.91
27.60,27.60,82.85,66.71,64.05
32.49,32.49,85.61,65.89,65.16
33.01,33.01,81.82,66.45,65.40
30.48,30.48,81.07,66.36,65.40
29.22,29.22,82.02,68.43,63.37
25.72,25.72,78.00,70.82,61.65
21.91,21.91,79.28,69.22,60.06
25.42,25.42,78.90,71.92,60.23
26.81,26.81,82.37,74.42,62.22
27.95,27.95,77.70,79.29,62.10
29.14,29.14,72.16,79.33,62.55
33.21,33.21,60.89,78.58,60.46
34.68,34.68,52.84,80.22,60.90
33.40,33.40,45.76,78.29,59.37
31.38,31.38,51.38,79.86,55.21
22.82,22.82,54.82,78.50,51.22
18.71,18.71,65.23,78.75,51.53
22.70,22.70,72.36,80.39,51.03
27.25,27.25,67.29,78.34,50.80
29.09,29.09,64.86,80.00,50.15
23.80,23.80,60.40,78.74,48.99
26.00,26.00,65.78,76.08,43.94
22.58,22.58,78.60,66.02,49.36
26.48,26.48,91.57,56.99,53.89
30.35,30.35,91.61,67.77,57.72
35.49,35.49,92.10,71.42,58.52
39.14,39.14,90.68,73.27,60.17
43.53,43.53,89.50,72.43,62.68
44.74,44.74,89.35,70.99,62.26
46.06,46.06,86.25,73.09,61.50
47.21,47.21,85.45,71.82,61.69
46.78,46.78,86.66,71.55,61.57
47.45,47.45,82.57,74.70,60.19
47.00,47.00,81.96,76.49,58.97
46.81,46.81,83.49,77.15,58.01
42.54,42.54,78.69,77.21,58.09
32.21,32.21,80.95,78.17,57.46
19.89,19.89,76.92,79.98,62.81
21.82,21.82,81.50,82.43,68.01
25.03,25.03,77.52,83.63,64.08
27.04,27.04,73.25,83.58,69.12
28.15,28.15,63.32,84.51,67.19
30.66,30.66,53.98,84.99,67.68
32.42,32.42,48.47,84.47,66.99
27.77,27.77,48.40,85.24,64.32
17.36,17.36,54.99,84.55,64.57
12.10,12.10,67.65,83.61,66.09
19.68,19.68,72.27,83.44,66.08
27.08,27.08,65.97,85.32,66.06
25.91,25.91,66.63,87.29,61.78
24.99,24.99,67.76,84.92,60.21
18.81,18.81,72.20,80.73,60.65
12.01,12.01,78.28,79.87,61.14
12.24,12.24,88.85,74.24,69.80
5.33,5.33,87.88,68.04,74.95
5.10,5.10,88.72,59.61,73.90
5.60,5.60,88.22,61.58,73.89
10.35,10.35,87.60,69.12,73.77
13.68,13.68,88.71,70.68,71.53
18.35,18.35,84.78,72.88,71.52
24.16,24.16,82.31,70.29,70.63
29.79,29.79,85.18,61.70,73.07
37.02,37.02,82.32,71.84,72.08
43.34,43.34,80.46,76.42,69.82
43.94,43.94,81.43,76.93,69.12
45.81,45.81,78.55,73.01,71.63
42.92,42.92,80.76,67.73,69.32
29.59,29.59,78.76,72.34,68.84
23.77,23.77,81.21,78.18,68.84
19.37,19.37,75.98,85.48,70.10
24.72,24.72,70.57,88.25,69.75
32.61,32.61,62.13,87.38,70.01
46.83,46.83,59.19,87.74,68.09
43.51,43.51,53.87,85.23,67.40
34.95,34.95,53.97,87.03,68.77
26.53,26.53,56.15,85.86,66.83
21.87,21.87,57.76,83.89,67.30
24.51,24.51,60.31,86.21,67.74
33.46,33.46,59.11,86.88,65.31
44.35,44.35,61.03,85.76,64.94
54.20,54.20,63.98,87.37,63.29
53.21,53.21,66.87,86.92,60.37
50.66,50.66,76.32,83.83,60.27
53.65,53.65,89.11,70.51,62.85
44.77,44.77,90.87,67.90,63.84
28.40,28.40,90.53,68.15,66.32
26.47,26.47,90.50,69.44,68.25
29.77,29.77,89.84,69.66,68.14
30.94,30.94,89.85,69.67,69.21
32.19,32.19,86.43,71.90,67.67
34.43,34.43,85.22,72.09,67.63
33.23,33.23,86.80,74.85,68.67
30.15,30.15,83.02,74.27,66.55
29.39,29.39,82.72,76.02,65.52
29.90,29.90,83.21,75.20,65.27
26.48,26.48,79.18,78.54,60.80
23.46,23.46,81.67,79.49,62.03
19.59,19.59,79.84,82.69,70.02
16.69,16.69,81.51,83.16,69.33
17.93,17.93,77.99,84.51,72.19
18.34,18.34,72.66,86.80,69.07
25.46,25.46,66.16,86.54,69.52
28.21,28.21,60.01,86.14,70.70
24.84,24.84,56.40,85.82,69.66
22.56,22.56,54.62,87.46,70.50
21.74,21.74,56.06,85.83,69.34
24.66,24.66,65.20,86.46,69.01
22.41,22.41,66.76,86.49,69.65
19.07,19.07,59.62,86.18,68.20
15.06,15.06,57.08,84.46,66.95
13.20,13.20,58.27,86.18,66.23
10.55,10.55,66.32,85.33,65.61
7.28,7.28,76.07,81.04,63.53
5.05,5.05,87.67,71.90,62.25
2.56,2.56,88.90,63.36,64.29
6.32,6.32,89.67,61.86,62.54
7.90,7.90,88.25,63.41,63.23
11.73,11.73,87.23,65.57,63.03
12.25,12.25,88.86,66.23,64.09
14.46,14.46,85.36,68.49,62.67
18.19,18.19,82.65,68.77,63.77
21.74,21.74,85.24,70.16,62.99
22.83,22.83,81.79,70.13,62.59
27.87,27.87,80.39,72.84,63.29
31.39,31.39,81.84,72.87,63.03
26.30,26.30,77.80,72.43,62.83
18.70,18.70,79.28,74.55,60.53
18.91,18.91,79.01,76.73,59.67
22.84,22.84,81.71,79.64,60.97
23.44,23.44,77.09,81.17,61.32
26.47,26.47,72.49,83.88,60.99
27.30,27.30,61.18,81.63,61.20
27.97,27.97,54.71,81.86,61.33
27.31,27.31,48.94,82.80,62.00
22.47,22.47,51.19,83.10,57.65
15.30,15.30,55.82,81.40,53.01
17.27,17.27,65.37,83.27,58.81
18.44,18.44,71.49,82.71,63.25
19.83,19.83,65.24,80.19,60.22
21.21,21.21,62.05,75.58,56.26
20.48,20.48,58.51,67.01,58.55
22.02,22.02,55.83,68.83,57.75
20.92,20.92,62.41,74.49,67.74
22.69,22.69,68.28,80.76,77.12
22.26,22.26,67.67,78.51,80.77
21.97,21.97,65.00,76.87,80.09
13.01,13.01,61.41,77.59,80.37
13.58,13.58,58.70,77.32,81.49
15.24,15.24,55.46,78.89,80.34
13.32,13.32,51.78,79.03,79.98
12.58,12.58,48.44,80.10,80.39
11.05,11.05,44.93,78.86,80.61
12.83,12.83,44.53,81.25,80.07
16.20,16.20,44.66,79.89,75.73
25.08,25.08,42.26,81.60,74.19
23.88,23.88,38.67,81.83,72.42
14.42,14.42,39.80,82.35,71.38
6.37,6.37,45.33,83.83,71.44
9.22,9.22,54.49,84.08,80.12
16.48,16.48,62.18,86.98,78.95
16.67,16.67,62.55,86.76,77.96
17.04,17.04,49.00,87.81,80.81
19.91,19.91,39.47,86.29,79.24
16.44,16.44,37.72,87.37,78.91
12.32,12.32,43.96,86.83,78.21
5.06,5.06,53.59,87.07,77.39
4.00,4.00,65.97,87.18,77.24
6.56,6.56,68.99,86.19,73.60
7.14,7.14,62.10,86.48,72.81
10.61,10.61,54.57,85.48,69.50
14.06,14.06,50.54,86.18,69.43
12.23,12.23,45.27,85.14,66.87
8.89,8.89,46.87,84.02,69.60
14.18,14.18,48.66,72.21,75.76
16.01,16.01,49.35,71.91,76.25
15.53,15.53,46.76,71.58,79.70
7.55,7.55,44.07,71.34,77.02
4.10,4.10,43.89,70.87,77.87
3.78,3.78,40.33,71.73,77.85
6.05,6.05,35.57,75.79,77.74
7.85,7.85,34.41,80.04,79.11
7.33,7.33,35.82,81.79,78.08
7.42,7.42,37.43,80.77,78.18
5.85,5.85,40.28,74.05,77.18
2.30,2.30,41.67,67.73,75.67
0.22,0.22,47.08,71.33,69.93
2.47,2.47,54.89,69.77,70.24
3.49,3.49,57.22,78.62,70.53
7.52,7.52,65.88,85.01,71.76
4.12,4.12,62.89,87.00,71.27
11.21,11.21,61.96,87.32,70.48
15.76,15.76,49.68,89.45,71.50
21.04,21.04,42.76,87.91,71.17
19.09,19.09,36.91,89.35,69.65
19.90,19.90,32.96,88.21,69.75
22.65,22.65,35.59,87.93,69.63
24.59,24.59,41.45,88.82,71.16
24.63,24.63,43.48,87.47,70.20
26.83,26.83,44.65,88.54,68.12
26.22,26.22,39.77,87.90,66.63
26.82,26.82,34.56,87.52,64.73
25.17,25.17,40.18,88.70,62.07
22.20,22.20,49.34,85.33,66.15
29.01,29.01,50.10,81.91,66.77
27.74,27.74,47.54,80.48,68.32
28.22,28.22,44.21,79.73,64.92
25.87,25.87,33.75,80.06,67.34
29.74,29.74,31.80,80.39,65.84
31.03,31.03,28.66,81.64,63.58
30.20,30.20,29.58,79.26,64.62
30.77,30.77,33.39,81.75,65.77
32.94,32.94,37.36,81.40,65.20
35.37,35.37,34.45,79.98,64.34
38.13,38.13,35.62,81.99,61.48
34.52,34.52,36.60,81.85,60.66
32.27,32.27,46.76,82.03,61.13
18.98,18.98,51.69,81.55,57.57
15.70,15.70,64.50,83.20,61.86
4.64,4.64,67.91,84.74,65.93
4.05,4.05,70.64,82.74,69.02
14.05,14.05,66.26,86.37,64.99
24.99,24.99,58.15,85.41,65.10
32.18,32.18,50.52,84.09,65.41
34.32,34.32,44.43,85.13,65.82
31.41,31.41,43.23,85.00,65.69
27.03,27.03,52.26,86.10,65.73
27.48,27.48,62.26,82.91,66.05
25.44,25.44,65.63,85.77,62.72
25.88,25.88,55.35,85.19,64.15
25.60,25.60,44.06,82.89,63.37
24.98,24.98,39.18,85.41,63.04
22.60,22.60,37.78,84.59,66.12
24.30,24.30,46.73,84.63,66.84
29.13,29.13,50.02,76.63,67.55
27.40,27.40,46.52,77.25,66.18
30.26,30.26,44.07,77.90,66.31
29.54,29.54,30.42,74.67,67.36
31.84,31.84,26.82,78.36,66.96
33.79,33.79,24.05,77.74,65.98
35.10,35.10,22.25,77.12,66.84
35.16,35.16,22.19,78.11,66.60
33.83,33.83,22.30,78.60,67.30
31.68,31.68,19.78,79.57,67.29
35.00,35.00,20.76,77.45,68.34
35.06,35.06,22.76,80.23,68.49
35.07,35.07,30.01,80.67,68.44
32.96,32.96,41.18,79.20,68.33
30.24,30.24,54.04,81.93,68.11
26.80,26.80,58.57,81.47,66.26
27.98,27.98,60.71,83.76,64.35
37.79,37.79,61.23,83.44,61.81
47.30,47.30,51.94,83.95,60.87
48.03,48.03,41.35,84.62,60.66
51.41,51.41,39.29,82.49,58.32
45.20,45.20,46.30,84.76,58.03
26.85,26.85,49.50,83.23,59.44
19.51,19.51,62.15,83.45,62.97
20.71,20.71,70.83,83.74,60.72
24.69,24.69,65.50,83.15,56.44
28.78,28.78,61.98,84.07,54.92
30.70,30.70,59.72,82.23,57.12
30.26,30.26,55.74,82.00,57.54
30.05,30.05,54.72,73.97,57.46
28.38,28.38,53.56,69.84,58.37
24.91,24.91,51.07,77.07,66.84
25.41,25.41,46.66,77.39,65.11
27.62,27.62,40.92,78.88,63.20
31.60,31.60,39.40,80.36,64.12
35.00,35.00,40.51,80.90,63.11
35.19,35.19,42.37,80.14,61.74
39.86,39.86,44.78,81.20,61.66
39.06,39.06,43.73,81.95,59.20
39.37,39.37,51.86,82.25,60.64
41.25,41.25,52.69,81.39,60.06
41.16,41.16,45.06,81.45,59.61
40.31,40.31,46.97,82.23,61.16
37.28,37.28,47.37,82.75,60.12
33.08,33.08,53.39,83.34,60.90
26.44,26.44,58.38,84.26,62.02
21.30,21.30,61.13,85.75,64.38
25.48,25.48,60.10,85.53,64.16
28.46,28.46,43.03,85.82,65.95
31.94,31.94,36.06,86.59,67.54
32.08,32.08,37.60,85.91,67.23
27.17,27.17,46.61,85.67,67.05
20.57,20.57,56.10,84.16,65.68
15.64,15.64,67.68,83.65,65.80
17.84,17.84,70.64,84.27,65.44
17.63,17.63,64.51,84.13,62.01
18.54,18.54,57.83,84.85,62.91
14.11,14.11,52.51,84.01,61.32
9.85,9.85,47.36,83.52,63.69
11.42,11.42,48.38,82.31,67.42
21.79,21.79,45.92,77.77,73.03
22.82,22.82,44.99,76.05,72.34
22.15,22.15,41.15,71.08,72.16
18.24,18.24,32.22,71.86,71.65
22.81,22.81,29.61,71.59,70.75
24.06,24.06,28.43,70.24,71.47
22.63,22.63,28.44,71.87,70.05
21.12,21.12,24.36,73.04,71.15
24.22,24.22,26.77,73.06,70.09
24.66,24.66,26.15,73.87,71.93
21.73,21.73,21.88,74.74,72.08
22.02,22.02,24.48,77.12,71.70
24.26,24.26,39.63,76.66,70.83
23.94,23.94,46.32,70.83,69.18
12.53,12.53,51.52,69.06,66.95
14.09,14.09,66.55,77.76,68.36
11.90,11.90,65.41,84.93,69.11
15.81,15.81,61.72,87.62,68.80
16.25,16.25,53.30,88.69,66.99
18.12,18.12,46.40,88.49,66.20
16.42,16.42,39.95,87.39,67.06
17.99,17.99,37.40,88.86,67.22
18.36,18.36,40.17,88.29,67.48
23.48,23.48,45.71,86.47,68.11
30.29,30.29,45.19,88.48,68.36
32.85,32.85,43.30,88.72,68.74
30.82,30.82,37.27,87.07,67.58
27.16,27.16,33.13,88.54,66.24
26.54,26.54,34.95,88.27,67.14
28.72,28.72,40.37,86.87,66.83
35.74,35.74,45.82,76.05,66.85
35.77,35.77,45.53,76.38,66.28
35.37,35.37,41.20,74.96,65.76
34.19,34.19,27.56,75.45,65.51
33.46,33.46,22.91,76.85,64.19
30.89,30.89,19.76,77.09,63.70
33.66,33.66,21.33,76.69,63.88
31.96,31.96,29.22,78.00,64.60
32.89,32.89,38.19,79.78,67.21
33.80,33.80,35.25,78.75,66.97
34.98,34.98,34.39,80.27,65.88
33.80,33.80,39.31,80.74,63.82
28.10,28.10,47.28,80.78,63.22
16.20,16.20,55.37,80.38,62.30
11.09,11.09,66.37,83.21,65.60
2.92,2.92,67.53,84.46,67.67
2.77,2.77,69.32,85.03,68.71
8.39,8.39,63.28,87.25,68.45
8.28,8.28,54.81,87.01,70.86
12.51,12.51,49.25,85.69,69.69
12.60,12.60,42.78,86.56,68.32
13.48,13.48,39.76,87.44,67.49
17.29,17.29,42.87,85.91,67.39
22.65,22.65,55.59,86.30,69.10
28.10,28.10,57.62,86.86,68.86
29.59,29.59,48.48,86.40,67.23
27.66,27.66,39.19,84.70,64.62
23.84,23.84,33.92,86.55,64.79
22.33,22.33,34.56,86.35,64.89
23.79,23.79,39.94,83.53,63.47
27.34,27.34,45.97,75.49,63.94
24.49,24.49,43.30,74.25,70.67
25.72,25.72,39.61,72.41,74.38
17.55,17.55,27.84,73.56,72.74
15.22,15.22,24.46,74.71,72.05
15.15,15.15,24.83,74.43,70.72
16.89,16.89,22.00,74.50,68.59
17.16,17.16,24.04,76.77,69.03
17.34,17.34,24.57,76.50,69.33
17.56,17.56,22.89,75.29,67.83
19.76,19.76,21.76,76.71,67.37
23.05,23.05,24.83,77.10,67.51
25.80,25.80,23.66,75.92,66.82
20.67,20.67,27.46,77.79,67.11
15.66,15.66,35.82,79.31,66.37
15.85,15.85,49.48,79.89,65.32
11.09,11.09,57.79,83.00,69.77
13.82,13.82,56.70,85.22,78.30
12.23,12.23,44.39,83.35,79.38
7.98,7.98,37.89,83.46,78.15
5.62,5.62,37.36,83.90,76.20
5.53,5.53,42.95,83.61,75.55
5.65,5.65,52.42,82.35,74.67
13.44,13.44,62.36,84.20,75.03
15.13,15.13,68.27,83.93,75.42
16.22,16.22,61.04,81.92,71.75
15.45,15.45,58.18,77.63,73.61
12.90,12.90,54.12,66.48,73.75
18.15,18.15,48.62,61.72,74.23
18.05,18.05,48.01,60.04,73.81
19.92,19.92,47.95,73.35,73.75
18.74,18.74,44.84,79.84,76.84
17.76,17.76,43.55,80.65,78.88
14.07,14.07,39.98,80.72,77.26
12.20,12.20,38.36,80.44,76.74
10.77,10.77,41.01,81.60,77.09
12.61,12.61,40.38,81.65,74.30
18.89,18.89,40.45,82.04,77.21
18.05,18.05,37.07,81.55,73.49
19.42,19.42,35.33,83.04,74.00
22.30,22.30,35.15,82.17,67.61
25.01,25.01,33.56,82.95,65.20
28.06,28.06,34.15,83.45,68.11
27.11,27.11,38.24,83.78,65.51
19.48,19.48,44.48,85.32,68.16
13.24,13.24,51.82,85.34,67.38
13.38,13.38,58.18,87.25,73.02
13.05,13.05,58.09,87.60,71.78
12.35,12.35,45.26,87.90,71.82
12.39,12.39,39.77,87.03,74.47
12.11,12.11,40.48,87.69,74.09
9.30,9.30,46.03,87.25,73.79
7.84,7.84,53.39,87.47,73.12
7.59,7.59,62.08,87.72,70.68
15.13,15.13,68.72,87.02,73.51
18.98,18.98,57.93,86.84,69.76
18.95,18.95,52.33,86.20,65.37
14.99,14.99,43.75,86.36,65.55
8.15,8.15,40.89,85.91,66.33
8.04,8.04,46.53,83.78,68.89
15.82,15.82,48.69,73.58,72.78
17.48,17.48,49.01,76.50,73.88
21.03,21.03,47.23,79.29,75.77
23.93,23.93,42.17,81.07,74.47
22.60,22.60,41.90,81.48,76.66
19.71,19.71,38.63,79.85,76.90
15.76,15.76,40.65,74.61,74.15
12.70,12.70,39.78,81.02,74.39
11.48,11.48,39.21,82.20,69.89
9.34,9.34,36.42,77.71,69.78
7.77,7.77,37.26,79.05,68.59
6.22,6.22,37.04,76.09,68.28
10.34,10.34,42.23,70.71,66.22
8.60,8.60,50.69,70.86,68.77
4.55,4.55,53.56,76.13,68.47
6.21,6.21,66.18,85.44,68.67
3.31,3.31,63.63,85.10,68.47
10.85,10.85,59.76,83.95,69.57
9.74,9.74,47.22,84.00,69.59
13.06,13.06,40.35,82.81,69.54
16.93,16.93,36.07,84.78,70.12
16.30,16.30,32.36,84.94,67.06
16.83,16.83,29.97,82.34,69.53
21.49,21.49,33.88,84.34,71.11
25.63,25.63,36.63,82.99,71.78
28.85,28.85,37.63,82.20,69.76
25.91,25.91,31.29,83.30,71.45
21.22,21.22,25.68,82.23,71.38
18.54,18.54,30.06,83.55,69.30
21.49,21.49,42.43,78.75,72.16
29.34,29.34,43.06,75.25,71.09
28.33,28.33,40.86,75.15,69.66
27.11,27.11,36.93,75.89,67.10
24.07,24.07,26.90,74.37,65.69
24.75,24.75,24.35,75.57,67.60
26.41,26.41,24.78,74.67,64.21
26.24,26.24,25.59,74.95,64.44
27.81,27.81,33.11,75.19,65.50
28.03,28.03,39.51,75.02,68.11
30.89,30.89,37.96,73.85,65.18
35.64,35.64,36.37,74.82,64.40
30.60,30.60,35.28,75.81,66.82
25.20,25.20,42.79,71.33,64.76
13.95,13.95,52.28,75.63,64.58
14.00,14.00,64.74,76.19,64.87
2.59,2.59,66.47,78.19,68.87
4.79,4.79,69.90,78.50,71.16
10.93,10.93,60.46,81.95,69.94
10.84,10.84,53.60,81.20,70.66
16.12,16.12,48.56,80.15,72.95
21.01,21.01,43.92,82.10,70.05
24.76,24.76,40.78,80.44,72.51
28.74,28.74,41.66,81.73,72.79
28.19,28.19,53.92,79.93,73.80
30.06,30.06,54.43,80.49,72.06
31.37,31.37,44.23,81.57,70.46
29.81,29.81,35.78,79.50,68.79
25.81,25.81,32.29,81.64,66.92
24.11,24.11,31.33,80.11,67.64
21.44,21.44,36.64,79.51,68.75
28.80,28.80,42.07,72.47,70.93
27.69,27.69,40.18,72.19,69.50
27.75,27.75,35.90,71.55,67.81
29.31,29.31,24.87,72.08,67.48
32.18,32.18,20.48,71.59,65.06
35.70,35.70,20.17,70.97,63.75
34.06,34.06,23.26,69.49,63.66
29.71,29.71,29.92,71.57,65.74
27.72,27.72,30.89,71.65,65.79
30.06,30.06,24.36,69.83,68.74
30.01,30.01,19.93,72.98,69.96
31.15,31.15,23.09,72.94,68.42
29.19,29.19,25.74,74.66,69.28
28.53,28.53,30.93,73.60,66.62
29.62,29.62,42.22,75.93,67.51
26.45,26.45,49.79,75.85,70.97
26.85,26.85,55.73,78.24,69.97
29.43,29.43,55.06,80.08,65.74
31.39,31.39,40.24,78.58,63.20
47.86,47.86,36.48,80.17,64.99
52.07,52.07,42.48,78.38,65.48
49.45,49.45,49.42,78.99,64.89
37.10,37.10,53.26,79.16,61.54
29.65,29.65,64.69,78.13,59.68
16.43,16.43,67.62,80.01,62.00
18.35,18.35,63.45,77.93,60.21
32.58,32.58,62.48,79.72,63.33
39.32,39.32,56.62,78.78,65.64
40.40,40.40,50.86,75.81,65.61
33.22,33.22,49.95,66.55,65.95
28.56,28.56,48.49,64.25,67.44
26.14,26.14,42.53,74.96,67.95
24.35,24.35,35.84,70.24,69.94
22.87,22.87,30.02,71.48,69.85
26.73,26.73,27.28,70.56,69.07
28.65,28.65,27.29,69.25,66.99
29.93,29.93,29.58,71.59,68.97
35.39,35.39,36.88,72.74,67.78
37.63,37.63,39.48,73.39,67.64
38.77,38.77,44.92,73.88,68.52
39.62,39.62,45.33,74.73,66.41
41.21,41.21,40.44,75.80,67.28
40.45,40.45,36.38,75.12,64.80
37.52,37.52,38.25,77.27,66.75
30.67,30.67,42.59,78.59,66.09
26.37,26.37,48.25,80.38,68.35
21.44,21.44,53.32,82.80,69.42
23.63,23.63,53.81,83.00,69.09
20.60,20.60,36.74,83.48,72.11
19.21,19.21,27.80,84.27,70.50
22.22,22.22,29.67,83.56,70.29
20.35,20.35,42.15,84.20,69.93
13.04,13.04,51.19,83.15,67.62
8.59,8.59,64.10,83.03,70.66
11.90,11.90,69.71,81.55,71.54
10.06,10.06,62.19,84.77,72.36
12.53,12.53,55.15,87.00,73.35
9.80,9.80,46.89,84.43,69.30
4.21,4.21,40.60,81.27,73.51
8.79,8.79,44.45,80.31,73.39
17.69,17.69,43.02,78.54,75.92
16.44,16.44,39.65,79.33,79.37
14.01,14.01,36.78,73.48,76.89
9.58,9.58,29.15,69.05,79.30
8.46,8.46,25.57,70.74,77.92
8.38,8.38,24.03,76.68,77.24
7.45,7.45,26.52,78.26,76.48
6.88,6.88,30.34,75.12,76.19
6.45,6.45,31.06,68.59,78.38
10.27,10.27,31.59,74.45,73.82
9.81,9.81,30.57,78.45,74.63
12.57,12.57,28.92,79.24,73.79
17.09,17.09,38.43,74.43,73.89
12.61,12.61,44.90,69.44,74.25
8.76,8.76,53.78,74.06,71.36
10.78,10.78,64.03,78.79,72.09
6.87,6.87,60.12,85.64,75.01
11.21,11.21,56.39,89.17,73.76
11.10,11.10,44.19,87.52,72.27
18.03,18.03,40.08,87.58,71.43
21.78,21.78,34.02,86.43,71.86
25.81,25.81,31.66,87.73,72.11
17.89,17.89,31.32,85.32,73.89
21.97,21.97,31.14,85.16,74.02
27.29,27.29,30.47,86.41,74.79
30.71,30.71,29.14,86.72,73.94
27.08,27.08,28.01,85.11,75.05
25.54,25.54,30.02,86.31,72.47
26.05,26.05,35.61,85.44,73.66
29.06,29.06,35.75,81.95,73.71
33.95,33.95,34.99,75.93,72.99
32.32,32.32,31.94,70.96,71.25
31.26,31.26,28.17,71.72,67.80
28.83,28.83,23.07,73.02,70.35
26.69,26.69,20.79,72.38,72.29
27.41,27.41,20.54,73.09,72.11
28.29,28.29,21.40,71.43,71.61
22.43,22.43,23.79,71.55,70.87
26.52,26.52,28.51,73.74,72.58
23.99,23.99,25.54,73.33,73.90
28.62,28.62,26.13,75.42,71.80
32.56,32.56,35.29,73.26,72.17
22.40,22.40,43.29,72.36,70.62
15.92,15.92,53.51,75.50,68.82
10.16,10.16,65.14,79.35,72.82
3.93,3.93,64.82,81.83,72.49
8.31,8.31,67.79,83.95,75.53
12.95,12.95,57.12,85.81,74.00
10.45,10.45,50.36,84.96,73.29
8.79,8.79,43.63,84.32,73.61
7.29,7.29,37.29,84.65,71.32
8.11,8.11,31.11,86.08,71.83
8.25,8.25,35.13,84.36,70.09
10.41,10.41,39.24,85.23,71.23
18.56,18.56,35.67,85.19,69.88
21.96,21.96,33.25,84.59,71.18
17.80,17.80,31.60,82.84,69.70
13.02,13.02,27.69,85.07,65.72
13.41,13.41,31.49,84.73,70.21
18.17,18.17,30.00,82.23,70.52
23.60,23.60,32.82,73.51,71.22
23.85,23.85,28.92,69.87,71.84
23.37,23.37,25.24,68.51,73.05
21.33,21.33,17.96,68.32,70.95
23.97,23.97,17.54,69.30,68.72
23.46,23.46,15.85,67.95,69.37
26.29,26.29,16.13,68.40,68.12
27.88,27.88,19.18,66.52,67.21
27.46,27.46,25.16,68.43,72.34
26.09,26.09,23.78,70.91,72.73
25.00,25.00,20.80,73.82,73.21
22.86,22.86,19.71,74.03,74.99
27.17,27.17,20.28,74.90,73.31
23.03,23.03,16.58,76.43,72.42
26.84,26.84,17.07,77.40,73.34
29.55,29.55,20.65,78.73,71.88
29.39,29.39,21.14,81.07,69.98
33.57,33.57,20.85,83.47,67.78
33.23,33.23,20.59,81.19,64.88
31.59,31.59,21.75,81.83,65.44
32.14,32.14,20.53,82.30,64.77
31.94,31.94,22.16,82.47,65.38
30.42,30.42,22.12,80.90,66.02
30.42,30.42,22.63,82.75,65.71
27.50,27.50,23.11,82.01,69.00
28.30,28.30,23.99,79.98,69.74
25.26,25.26,21.34,74.22,69.85
19.24,19.24,19.16,65.77,67.78
13.63,13.63,21.20,56.10,68.12
9.62,9.62,26.48,44.15,71.87
10.94,10.94,25.69,38.43,78.57
13.40,13.40,17.89,39.65,79.44
14.89,14.89,18.09,37.42,80.87
19.64,19.64,16.08,37.89,78.80
18.05,18.05,16.15,33.83,79.20
15.13,15.13,13.88,32.09,74.19
17.68,17.68,14.65,33.01,69.50
16.72,16.72,17.39,34.35,71.84
18.28,18.28,20.14,32.36,72.45
13.22,13.22,19.24,31.45,70.28
14.48,14.48,22.67,32.11,71.05
17.52,17.52,22.59,33.61,70.39
17.92,17.92,23.84,32.84,73.74
17.10,17.10,16.30,32.81,71.32
9.51,9.51,17.15,31.81,72.87
8.79,8.79,18.47,33.06,76.17
9.99,9.99,23.26,32.85,76.75
16.00,16.00,24.45,32.38,77.43
19.21,19.21,15.10,31.38,77.74
19.83,19.83,22.00,31.46,77.90
19.47,19.47,24.45,35.20,73.80
18.94,18.94,20.10,33.73,68.35
20.77,20.77,21.40,32.93,71.05
20.90,20.90,20.62,32.94,70.40
19.45,19.45,22.00,33.88,73.26
18.31,18.31,22.04,31.87,71.62
17.22,17.22,21.43,32.78,73.97
20.94,20.94,20.54,33.15,73.69
20.89,20.89,21.71,34.04,74.49
19.11,19.11,19.74,35.21,74.09
17.46,17.46,18.07,35.15,72.97
17.75,17.75,18.44,33.03,73.42
19.33,19.33,20.90,36.53,74.06
21.17,21.17,21.16,35.71,73.91
22.78,22.78,20.47,33.17,74.03
22.28,22.28,20.27,32.08,69.32
22.20,22.20,18.55,34.80,65.38
20.65,20.65,19.30,32.37,65.55
19.11,19.11,17.99,33.74,66.38
21.33,21.33,23.00,32.41,63.54
17.26,17.26,19.61,34.15,69.52
20.84,20.84,17.65,34.52,70.20
20.51,20.51,19.81,36.02,69.29
20.33,20.33,17.57,30.75,68.65
19.36,19.36,19.36,32.88,68.88
18.04,18.04,19.43,37.05,68.75
15.64,15.64,17.48,33.77,67.31
17.95,17.95,19.86,34.76,70.49
21.07,21.07,18.27,35.20,69.78
21.40,21.40,18.47,34.72,70.32
21.47,21.47,19.06,31.38,68.44
20.20,20.20,20.30,37.00,63.93
21.60,21.60,18.46,32.42,60.49
24.20,24.20,20.09,35.98,62.85
24.54,24.54,20.85,35.17,65.92
25.45,25.45,22.20,33.84,66.40
26.21,26.21,22.33,34.51,66.80
23.62,23.62,21.06,33.78,63.06
23.50,23.50,19.45,33.53,62.17
19.68,19.68,17.22,34.32,64.23
15.17,15.17,19.09,32.44,65.18
12.31,12.31,14.93,30.24,68.74
12.93,12.93,18.31,32.16,66.47
13.52,13.52,16.10,31.71,66.05
14.16,14.16,17.05,32.34,67.43
20.14,20.14,16.93,30.40,63.19
22.22,22.22,17.44,34.36,61.60
25.06,25.06,19.25,31.36,61.13
22.60,22.60,19.77,34.79,64.05
18.25,18.25,23.46,34.70,66.96
20.12,20.12,20.10,31.82,68.79
21.00,21.00,20.74,28.81,68.65
22.94,22.94,21.08,29.02,68.44
23.91,23.91,25.48,27.59,71.18
26.28,26.28,25.74,29.07,71.69
25.72,25.72,27.97,31.87,71.70
26.05,26.05,28.00,29.35,71.21
21.71,21.71,26.43,34.76,68.41
23.84,23.84,24.47,31.33,67.33
26.17,26.17,24.41,31.90,64.59
24.98,24.98,23.84,32.24,61.92
24.59,24.59,26.47,30.65,58.50
25.02,25.02,28.01,33.61,56.62
24.38,24.38,28.35,27.70,58.76
22.26,22.26,27.22,30.42,61.45
19.58,19.58,27.12,31.16,62.97
20.92,20.92,25.96,28.37,68.62
21.33,21.33,24.30,27.71,68.87
22.61,22.61,22.95,27.57,67.02
22.39,22.39,22.84,28.60,63.12
19.76,19.76,24.32,23.43,62.55
18.45,18.45,24.13,29.31,63.65
18.36,18.36,19.37,25.16,64.19
16.78,16.78,20.34,24.70,65.63
20.00,20.00,19.46,23.60,62.57
19.97,19.97,21.82,24.29,61.20
21.51,21.51,21.59,23.54,61.06
23.24,23.24,24.34,24.67,59.88
28.39,28.39,24.76,28.60,56.20
25.10,25.10,27.70,30.54,58.67
21.62,21.62,26.03,29.44,58.84
21.23,21.23,25.02,23.82,59.89
21.87,21.87,24.40,25.27,60.64
21.68,21.68,24.49,28.86,60.04
23.83,23.83,24.06,29.60,61.35
25.15,25.15,24.02,27.95,63.86
25.02,25.02,25.17,30.90,62.23
22.94,22.94,25.20,28.08,59.83
23.14,23.14,27.13,30.20,57.76
22.66,22.66,27.62,24.58,61.84
21.98,21.98,25.19,26.79,59.84
21.54,21.54,25.89,22.76,56.46
24.24,24.24,26.82,23.72,56.39
21.84,21.84,27.27,25.20,55.02
23.19,23.19,28.47,21.31,60.41
21.97,21.97,28.77,25.06,62.89
22.87,22.87,26.63,23.03,62.28
24.87,24.87,25.10,21.64,63.19
25.54,25.54,25.56,23.71,62.46
25.83,25.83,26.36,22.49,62.32
25.35,25.35,25.86,23.73,61.65
27.80,27.80,26.82,22.16,62.69
25.29,25.29,27.31,20.50,62.41
27.58,27.58,25.70,19.72,62.15
26.46,26.46,27.61,27.02,59.67
24.72,24.72,26.30,23.79,56.22
26.16,26.16,27.41,29.15,59.96
28.82,28.82,26.48,22.71,56.24
25.89,25.89,24.89,20.22,53.29
27.00,27.00,25.63,18.85,52.95
26.42,26.42,26.18,20.48,56.09
25.20,25.20,29.54,22.20,56.44
25.43,25.43,26.38,21.08,58.00
26.15,26.15,24.81,24.72,61.41
25.99,25.99,25.06,23.11,60.22
24.45,24.45,24.25,21.26,58.59
24.51,24.51,23.53,22.39,57.46
21.73,21.73,25.42,19.99,56.56
21.91,21.91,25.47,20.70,56.68
22.06,22.06,26.78,17.49,56.07
24.17,24.17,25.49,23.36,56.24
23.92,23.92,24.72,20.00,54.24
22.57,22.57,23.73,22.60,55.27
22.21,22.21,24.55,23.03,56.23
25.71,25.71,25.94,21.85,56.23
27.01,27.01,26.68,19.77,58.69
25.88,25.88,28.40,18.62,54.96
24.02,24.02,29.73,17.92,56.08
26.99,26.99,30.01,20.92,55.63
26.61,26.61,27.59,21.00,55.96
26.97,26.97,29.24,24.75,53.66
27.36,27.36,28.19,21.54,53.10
27.53,27.53,28.71,21.78,52.31
25.15,25.15,29.00,20.07,55.54
24.77,24.77,27.70,20.23,54.17
24.88,24.88,27.55,22.67,53.70
23.21,23.21,27.30,24.86,55.45
25.14,25.14,27.35,20.60,55.80
23.68,23.68,26.87,24.20,55.06
25.41,25.41,29.86,16.43,53.92
23.59,23.59,31.58,17.69,58.99
22.12,22.12,25.99,15.38,59.84
25.35,25.35,27.52,16.77,58.97
23.07,23.07,28.60,16.05,59.53
23.32,23.32,26.46,20.61,60.09
23.51,23.51,29.88,19.93,61.30
24.54,24.54,28.83,20.10,60.25
25.36,25.36,31.46,19.18,59.54
26.83,26.83,32.72,15.70,58.03
25.19,25.19,31.96,20.24,59.69
26.76,26.76,32.07,17.30,52.92
24.93,24.93,30.60,19.84,45.48
24.86,24.86,29.32,16.79,49.54
23.28,23.28,30.38,16.85,50.51
24.45,24.45,29.46,18.63,47.07
24.78,24.78,30.86,17.02,51.57
25.88,25.88,34.00,19.69,53.76
25.88,25.88,33.49,21.10,55.90
24.27,24.27,31.00,18.50,57.32
25.52,25.52,32.67,18.16,59.37
24.39,24.39,33.40,19.77,56.04
24.62,24.62,32.90,17.34,55.28
23.19,23.19,32.45,20.58,53.85
22.16,22.16,32.29,19.28,54.36
20.76,20.76,32.24,21.54,54.97
24.10,24.10,33.52,17.04,53.30
22.51,22.51,30.36,22.15,49.76
24.13,24.13,31.13,22.22,47.18
26.56,26.56,32.72,18.90,50.02
25.58,25.58,31.54,21.25,47.81
30.26,30.26,34.84,19.04,48.21
30.14,30.14,34.21,17.81,47.59
29.13,29.13,34.88,18.47,48.26
28.33,28.33,37.52,18.35,47.39
30.74,30.74,38.57,19.16,48.15
29.79,29.79,34.96,17.74,48.06
33.36,33.36,39.13,21.63,51.18
31.94,31.94,38.86,22.46,51.50
32.71,32.71,39.96,18.93,50.54
32.23,32.23,38.33,21.96,50.24
30.01,30.01,38.41,20.21,47.33
27.42,27.42,36.36,20.08,46.15
30.71,30.71,37.41,20.87,47.72
30.40,30.40,37.81,19.51,49.74
29.79,29.79,35.33,17.83,48.09
30.86,30.86,37.56,19.75,46.28
27.81,27.81,39.69,20.19,55.21
26.64,26.64,38.90,18.65,54.85
32.09,32.09,37.98,16.78,53.16
29.70,29.70,35.50,18.51,52.92
30.28,30.28,38.64,19.79,51.68
27.13,27.13,36.26,17.56,50.77
28.35,28.35,38.29,19.54,50.22
29.53,29.53,39.16,15.65,52.14
28.13,28.13,38.49,18.87,51.37
29.83,29.83,40.97,16.45,50.21
25.75,25.75,37.72,19.65,46.37
28.78,28.78,36.52,16.63,43.29
28.93,28.93,38.27,19.28,42.44
26.33,26.33,34.48,20.01,38.72
28.33,28.33,35.98,18.74,37.61
29.08,29.08,36.75,20.53,39.71
29.77,29.77,40.57,14.97,44.77
30.47,30.47,39.30,15.97,45.82
30.27,30.27,42.02,18.14,48.89
29.65,29.65,39.95,15.55,47.65
30.09,30.09,39.35,15.39,45.90
28.78,28.78,38.99,15.46,45.34
27.48,27.48,39.56,13.35,44.86
26.48,26.48,39.05,17.17,45.31
27.93,27.93,38.58,15.51,44.66
28.49,28.49,39.43,18.62,44.31
23.97,23.97,36.86,13.97,41.20
24.84,24.84,35.49,14.83,39.96
26.51,26.51,36.05,17.25,39.34
27.88,27.88,38.08,14.69,40.07
29.79,29.79,38.12,14.23,40.67
27.67,27.67,36.44,15.16,39.03
28.95,28.95,36.09,11.93,37.06
29.93,29.93,39.23,13.56,37.96
30.72,30.72,36.21,14.15,35.58
31.23,31.23,38.66,12.54,36.93
31.61,31.61,40.72,13.56,37.98
30.41,30.41,40.04,12.27,37.67
30.04,30.04,38.59,13.19,36.59
30.68,30.68,37.65,12.77,34.34
27.86,27.86,35.39,13.87,32.79
29.20,29.20,37.71,13.21,32.89
28.59,28.59,38.20,12.46,33.53
27.42,27.42,36.86,9.50,33.82
27.57,27.57,33.36,10.66,31.33
31.40,31.40,40.52,13.61,37.31
28.61,28.61,40.51,13.99,43.11
27.86,27.86,39.65,14.32,43.45
28.90,28.90,39.87,12.61,43.52
33.23,33.23,40.20,14.29,42.96
29.94,29.94,38.76,12.03,41.53
30.22,30.22,37.69,13.44,40.18
30.08,30.08,39.49,12.96,39.04
27.96,27.96,40.18,13.87,40.38
28.10,28.10,41.24,14.62,38.90
25.64,25.64,36.32,13.62,32.86
25.65,25.65,35.23,11.78,31.93
26.41,26.41,35.22,10.74,33.28
22.29,22.29,32.62,10.36,32.06
24.63,24.63,31.89,12.21,30.08
25.89,25.89,34.78,11.49,29.18
26.08,26.08,34.11,10.56,30.07
27.25,27.25,36.58,14.10,32.68
26.53,26.53,37.95,9.91,33.76
26.27,26.27,37.66,13.48,32.09
25.52,25.52,34.53,11.51,29.62
24.18,24.18,35.66,11.52,31.13
23.50,23.50,35.15,13.57,29.73
25.18,25.18,34.78,10.57,30.30
24.24,24.24,36.27,10.73,32.58
26.89,26.89,36.83,10.28,31.71
20.10,20.10,33.46,8.25,28.04
22.86,22.86,32.77,8.03,27.40
21.35,21.35,33.30,7.54,26.46
23.63,23.63,35.22,7.39,26.04
24.67,24.67,32.29,7.52,23.44
26.29,26.29,32.05,9.16,24.67
24.50,24.50,32.90,8.12,27.53
25.69,25.69,34.23,7.86,28.36
23.83,23.83,33.24,9.43,26.33
24.85,24.85,32.33,6.83,25.96
25.60,25.60,34.26,8.47,26.83
24.20,24.20,30.52,7.44,22.01
23.88,23.88,31.49,6.01,19.90
20.90,20.90,31.99,7.99,22.27
23.68,23.68,32.33,6.99,22.36
22.21,22.21,29.64,6.40,20.07
21.19,21.19,30.58,5.50,19.47
22.58,22.58,29.45,4.17,17.91
23.45,23.45,29.59,5.71,21.14
22.76,22.76,27.78,5.82,23.21
24.45,24.45,34.29,6.79,28.38
21.36,21.36,35.02,5.78,29.62
24.20,24.20,35.19,7.39,30.91
26.23,26.23,36.23,6.54,31.48
26.42,26.42,34.04,6.98,29.31
24.21,24.21,32.58,6.67,27.66
23.52,23.52,31.76,6.48,27.26
21.50,21.50,32.95,7.12,27.09
23.37,23.37,31.33,3.74,26.07
21.18,21.18,29.95,5.46,24.05
17.43,17.43,26.97,2.89,17.28
15.88,15.88,25.54,2.43,16.04
16.44,16.44,26.36,3.03,15.63
20.29,20.29,26.31,3.45,16.50
16.69,16.69,25.48,4.50,15.49
15.78,15.78,25.01,4.48,14.29
21.26,21.26,29.09,7.08,16.97
20.74,20.74,29.41,3.78,18.37
19.21,19.21,30.95,5.25,17.69
20.38,20.38,29.61,3.86,19.21
18.63,18.63,29.28,3.17,21.45
19.10,19.10,30.78,2.51,23.20
16.21,16.21,30.35,1.57,22.72
17.01,17.01,25.94,0.61,19.55
20.13,20.13,27.71,2.66,20.41
16.20,16.20,28.23,2.21,19.02
12.97,12.97,24.59,2.56,17.83
14.78,14.78,22.93,1.53,15.12
16.91,16.91,22.70,1.50,11.97
14.56,14.56,23.65,0.79,12.08
18.03,18.03,24.41,0.88,14.05
15.78,15.78,24.15,0.66,15.30
17.09,17.09,23.39,0.60,13.64
15.70,15.70,23.40,0.77,11.51
17.29,17.29,23.89,0.79,10.78
14.89,14.89,22.65,0.33,13.51
18.67,18.67,22.66,0.48,13.41
15.09,15.09,21.69,0.42,11.03
15.77,15.77,20.34,0.36,9.18
13.29,13.29,18.70,0.53,7.77
14.24,14.24,18.93,0.29,8.74
13.25,13.25,19.05,0.03,8.92
12.84,12.84,21.10,0.01,9.61
13.88,13.88,19.60,0.01,8.00
12.01,12.01,18.40,0.01,8.12
16.01,16.01,19.24,0.49,12.06
15.89,15.89,25.85,0.86,16.29
12.89,12.89,23.32,0.59,14.31
16.36,16.36,21.47,0.56,14.32
15.52,15.52,24.03,0.58,15.09
14.84,14.84,23.91,0.81,14.84
14.97,14.97,22.31,0.64,14.34
13.75,13.75,23.13,0.46,13.65
12.56,12.56,23.35,0.25,14.37
10.10,10.10,21.72,0.18,13.11
8.70,8.70,18.89,-0.00,10.30
7.15,7.15,13.70,-0.00,4.45
7.52,7.52,12.88,-0.00,3.76
6.76,6.76,10.86,-0.00,3.56
4.29,4.29,8.85,-0.00,2.69
4.17,4.17,10.86,-0.00,3.54
5.81,5.81,13.16,-0.00,4.00
7.31,7.31,14.59,-0.00,3.62
7.91,7.91,16.23,-0.00,4.71
6.13,6.13,16.57,-0.00,5.10
5.23,5.23,14.93,-0.00,5.09
4.09,4.09,12.59,-0.00,3.41
1.66,1.66,11.15,-0.00,2.28
1.36,1.36,9.89,-0.00,1.83
0.58,0.58,7.95,-0.00,1.60
0.73,0.73,4.95,-0.00,0.79
0.35,0.35,5.05,-0.00,0.36
0.09,0.09,2.62,-0.00,0.02
-0.00,-0.00,1.04,-0.00,-0.00
-0.00,-0.00,0.54,-0.00,-0.00
-0.00,-0.00,0.54,-0.00,-0.00
-0.00,-0.00,0.54,-0.00,-0.00
-0.00,-0.00,0.54,-0.00,-0.00
-0.00,-0.00,0.54,-0.00,-0.00
-0.00,-0.00,0.54,-0.00,-0.00
-0.00,-0.00,0.54,-0.00,-0.00
-0.00,-0.00,0.54,-0.00,-0.00
-0.00,-0.00,0.54,-0.00,-0.00
-0.00,-0.00,0.54,-0.00,-0.00
-0.00,-0.00,0.54,-0.00,-0.00
-0.00,-0.00,0.54,-0.00,-0.00
-0.00,-0.00,0.54,-0.00,-0.00
-0.00,-0.00,0.54,-0.00,-0.00
-0.00,-0.00,0.54,-0.00,-0.00
-0.00,-0.00,0.54,-0.00,-0.00
-0.00,-0.00,0.54,-0.00,-0.00
-0.00,-0.00,0.54,-0.00,-0.00
-0.00,-0.00,0.54,-0.00,-0.00
-0.00,-0.00,0.54,-0.00,-0.00
-0.00,-0.00,0.54,-0.00,-0.00
-0.00,-0.00,0.54,-0.00,-0.00
-0.00,-0.00,0.54,-0.00,-0.00
-0.00,-0.00,0.54,-0.00,-0.00
-0.00,-0.00,0.54,-0.00,-0.00
-0.00,-0.00,0.54,-0.00,-0.00
-0.00,-0.00,0.54,-0.00,-0.00
-0.00,-0.00,0.54,-0.00,-0.00
-0.00,-0.00,0.54,-0.00,-0.00
-0.00,-0.00,0.54,-0.00,-0.00
-0.00,-0.00,0.54,-0.00,-0.00
-0.00,-0.00,0.54,-0.00,-0.00
-0.00,-0.00,0.54,-0.00,-0.00
-0.00,-0.00,0.54,-0.00,-0.00
-0.00,-0.00,0.54,-0.00,-0.00
-0.00,-0.00,0.54,-0.00,-0.00
-0.00,-0.00,0.54,-0.00,-0.00
-0.00,-0.00,0.54,-0.00,-0.00
-0.00,-0.00,0.54,-0.00,-0.00
-0.00,-0.00,0.54,-0.00,-0.00
-0.00,-0.00,0.54,-0.00,-0.00
-0.00,-0.00,0.54,-0.00,-0.00
-0.00,-0.00,0.54,-0.00,-0.00
-0.00,-0.00,0.54,-0.00,-0.00
-0.00,-0.00,0.54,-0.00,-0.00
-0.00,-0.00,0.54,-0.00,-0.00
-0.00,-0.00,0.54,-0.00,-0.00
-0.00,-0.00,0.54,-0.00,-0.00
-0.00,-0.00,0.54,-0.00,-0.00
-0.00,-0.00,0.54,-0.00,-0.00
-0.00,-0.00,0.54,-0.00,-0.00
-0.00,-0.00,0.54,-0.00,-0.00
-0.00,-0.00,0.54,-0.00,-0.00
-0.00,-0.00,0.54,-0.00,-0.00
-0.00,-0.00,0.54,-0.00,-0.00
-0.00,-0.00,0.54,-0.00,-0.00
-0.00,-0.00,0.54,-0.00,-0.00
-0.00,-0.00,0.54,-0.00,-0.00
-0.00,-0.00,0.54,-0.00,-0.00
-0.00,-0.00,0.54,-0.00,-0.00
-0.00,-0.00,0.54,-0.00,-0.00
-0.00,-0.00,0.54,-0.00,-0.00
-0.00,-0.00,0.54,-0.00,-0.00
-0.00,-0.00,0.54,-0.00,-0.00
-0.00,-0.00,0.54,-0.00,-0.00
-0.00,-0.00,0.54,-0.00,-0.00
-0.00,-0.00,0.54,-0.00,-0.00
-0.00,-0.00,0.54,-0.00,-0.00
-0.00,-0.00,0.54,-0.00,-0.00
-0.00,-0.00,0.54,-0.00,-0.00
-0.00,-0.00,0.54,-0.00,-0.00
-0.00,-0.00,0.54,-0.00,-0.00
-0.00,-0.00,0.54,-0.00,-0.00
-0.00,-0.00,0.54,-0.00,-0.00
-0.00,-0.00,0.54,-0.00,-0.00
-0.00,-0.00,0.54,-0.00,-0.00
-0.00,-0.00,0.54,-0.00,-0.00
-0.00,-0.00,0.54,-0.00,-0.00
-0.00,-0.00,0.54,-0.00,-0.00
-0.00,-0.00,0.54,-0.00,-0.00
-0.00,-0.00,0.54,-0.00,-0.00
-0.00,-0.00,0.54,-0.00,-0.00
-0.00,-0.00,0.54,-0.00,-0.00
-0.00,-0.00,0.54,-0.00,-0.00
-0.00,-0.00,0.54,-0.00,-0.00
-0.00,-0.00,0.54,-0.00,-0.00
-0.00,-0.00,0.54,-0.00,-0.00
-0.00,-0.00,0.54,-0.00,-0.00
-0.00,-0.00,0.54,-0.00,-0.00
-0.00,-0.00,0.54,-0.00,-0.00
-0.00,-0.00,0.54,-0.00,-0.00
-0.00,-0.00,0.54,-0.00,-0.00
-0.00,-0.00,0.54,-0.00,-0.00
-0.00,-0.00,0.54,-0.00,-0.00
-0.00,-0.00,0.54,-0.00,-0.00
-0.00,-0.00,0.54,-0.00,-0.00
-0.00,-0.00,0.54,-0.00,-0.00
-0.00,-0.00,0.54,-0.00,-0.00
-0.00,-0.00,0.54,-0.00,-0.00
-0.00,-0.00,0.54,-0.00,-0.00
-0.00,-0.00,0.54,-0.00,-0.00
-0.00,-0.00,0.54,-0.00,-0.00
-0.00,-0.00,0.54,-0.00,-0.00
-0.00,-0.00,0.54,-0.00,-0.00
-0.00,-0.00,0.54,-0.00,-0.00
-0.00,-0.00,0.54,-0.00,-0.00
-0.00,-0.00,0.54,-0.00,-0.00
